[DMOZ, About, Become, an, Editor, Suggest, a, Site, Help, Login, Share, via, Facebook, Share, via, Twitter, Share, via, LinkedIn, Share, via, e-Mail, Visit, DMOZ, on, Facebook, Visit, DMOZ, on, Twitter, the, entire, directory,  , Arts,  ,  , Performing, Arts,  ,  ,  , Acting,  ,  ,  ,  , Actors, and, Actresses,  ,  ,  ,  ,  , A, Help, with, Search, Arts, Performing, Arts, Acting, Actors, and, Actresses, A, 252, This, category, is, for, sites, of, actors, and, actresses, whose, last, name, begins, with, the, letter, A., AB, C, D, E, F, G, H, I, J, K, L, M, N, O, P, Q, R, S, T, U, V, W, X, Y, Z, Subcategories, 156, Aaliyah, 29, Abbott, and, Costello, 10, Abbott,, Christie, 2, Abraham,, F., Murray, 2, Acker,, Amy, 2, Acker,, Sharon, 1, Ackland,, Joss, 5, Ackland,, Oliver, 1, Ackles,, Jensen, 3, Acovone,, Jay, 3, Adams,, Amy, 1, Adams,, Brandon, Quintin, 1, Adams,, Brooke, 1, Adams,, Don, 2, Adams,, Jane, 2, Adams,, Joey, Lauren, 1, Adams,, Marc, Grady, 1, Adams,, Mary, Kay, 1, Adams,, Maud, 1, Adams,, Phil, 1, Adams,, Stanley, 1, Adjani,, Isabelle, 2, Adkins,, Seth, 2, Affleck,, Ben, 14, Affleck,, Casey, 4, Agutter,, Jenny, 3, Aiello,, Danny, 2, Aiken,, Liam, 1, Akin,, David, 1, Alagao,, Nina, Ricci, 1, Alaimo,, Marc, 2, Alba,, Jessica, 8, Alda,, Alan, 3, Aldred,, Sophie, 2, Alexander,, Jason, 1, Alexander,, Jim, 0, Alexander,, Khandi, 2, Alexander,, Sarah, 3, Alexander,, Sasha, 1, Alexandrou­,, James, 1, Alexi-Malle,, Adam, 1, Alfieri,, Victor, 1, Alfonso,, Kristian, 1, Ali,, Tatyana, 4, Allen,, Beth, 1, Allen,, Chad, 2, Allen,, Elizabeth, Anne, 1, Allen,, Joan, 3, Allen,, Karen, 1, Allen,, Keith, 2, Allen,, Krista, 1, Allen,, Laura, 1, Allen,, Nancy, 1, Allen,, Rosalind, 2, Allen,, Tim, 7, Allen,, Woody, 18, Alley,, Kirstie, 9, Allred,, Corbin, 1, Allyson,, June, 2, Alonso,, Maria, Conchita, 2, Alt,, Carol, 2, Alvarado,, Trini, 0, Ambrose,, Lauren, 1, Ames,, Leon, 1, Amick,, Mädchen, 2, Amurri,, Eva, 1, Ana-Alicia, 2, Anders,, Andrea, 1, Anders,, David, 2, Anderson,, Gillian, 15, Anderson,, Harry, 2, Anderson,, Jo, 1, Anderson,, Judith, 2, Anderson,, Kevin, 1, Anderson,, Layke, 0, Anderson,, Loni, 3, Anderson,, Melissa, Sue, 2, Anderson,, Pamela, 8, Anderson,, Richard, Dean, 3, Andrada,, Marliece, 1, Andress,, Ursula, 1, Andrews,, Anthony, 1, Andrews,, Dana, 1, Andrews,, George, Lee, 3, Andrews,, Julie, 9, Andrews,, Naveen, 2, Andrews,, Réal, 0, Angarano,, Michael, 2, Angel,, Vanessa, 1, Angeli,, Pier, 1, Anglim,, Philip, 2, Anholt,, Christien, 1, Aniston,, Jennifer, 14, Annett,, Chloë, 1, Annis,, Francesca, 1, Ann-Margret, 5, Ant,, Adam, 9, Anthony,, Lysette, 5, Anwar,, Gabrielle, 3, Appleby,, Shiri, 3, Applegate,, Christina, 10, Applegate,, Royce, D., 3, Arahanga,, Julian, 8, Arbuckle,, Fatty, 2, Arcand,, Nathaniel, 2, Archer,, Anne, 2, Arcieri,, Leila, 1, Ardant,, Fanny, 2, Arden,, Eve, 3, Argento,, Asia, 3, Arkin,, Alan, 2, Arliss,, George, 1, Armitage,, Alison, 1, Armstrong,, Lee, 1, Arness,, James, 2, Arnoul,, Françoise, 1, Arquette,, Alexis, 1, Arquette,, Courteney, Cox, 10, Arquette,, David, 6, Arquette,, Patricia, 2, Arquette,, Rosanna, 2, Arroyo,, Danny, 1, Arterton,, Gemma, 1, Arthur,, Beatrice, 2, Arthur,, Jean, 2, Ashby,, Linden, 2, Ashford,, Matthew, 1, Ashley,, Elizabeth, 1, Ashmore,, Shawn, 7, Ashton,, Joseph, 1, Ashton,, Richard, 1, Asner,, Edward, 4, Assante,, Armand, 2, Astaire,, Fred, 7, Astin,, John, 3, Astin,, Sean, 7, Astor,, Mary, 0, Atkins,, Eileen, 1, Atkinson,, Rowan, 10, Atterton,, Edward, 1, Auberjonois,, Rene, 7, Audley,, Eleanor, 1, Audran,, Stéphane, 1, Audsley,, Nicholas, 1, Autry,, Gene, 6, Avalon,, Frankie, 4, Avina,, Frankie, 1, Avital,, Mili, 3, Avner,, Jon, 1, Aycox,, Nicki, 2, Ayers,, Sam, 1, Ayesa,, Miguel, 3, Aykroyd,, Dan, 5, Aylesworth­,, Reiko, 6, Ayres,, Lew, 2, Azaria,, Hank, 5, Related, categories, 4, Arts, Movies, 24,562, Arts, People, A, 229, Arts, Performing, Arts, Theatre, 3,658, Arts, Television, 7,322, Sites, 8, Adams,, Seth, Los, Angeles, based, actor., Includes, resume,, biography,, photos, and, contact, details., Alexander,, Tansy, Voice-over, and, on-carera, actress,, based, in, Los, Angeles., Photographs,, resume,, and, video, clips., Altass,, Orlessa, London-based, actress., Includes, C.V.,, photographs, and, e-mail, address., Andrews,, Jaime, US, based, actress., Includes, resume,, photos,, current, news, and, contact, details., Artell,, Eric, US, based, actor., Includes, resume,, photos,, showreel, and, contact, details., Assböck,, Joachim, Paul, Berlin, based, actor., Includes, resume,, photos, and, contact, details., (also, in, German, and, Spanish), Atkinson,, Sonya, Rose, Actress,, poet, and, artist, in, California., Azurdia,, Richard, US, based, SAG/AEA, actor., Includes, resume,, photos, and, contact, details., Other, languages, 4, Deutsch, 22, Español, 48, Français, 18, Italiano, 19, Last, update:, February, 7,, 2017, at, 5:37:36, UTC, Arts, Business, Computers, Games, Health, Home, News, Recreation, Reference, Regional, Science, Shopping, Society, Sports, All, Languages, "Arts, ..., Actors, and, Actresses", search on:, AOL, -, Ask, -, Bing, -, DuckDuckGo, -, Gigablast, -, Google, -, ixquick, -, Yahoo, -, Yandex, -, Yippy, Copyright, ©, 1998-2017, AOL, Inc., Terms, of, Use, Built, by, CMBuild]
