[DMOZ, About, Become, an, Editor, Suggest, a, Site, Help, Login, Share, via, Facebook, Share, via, Twitter, Share, via, LinkedIn, Share, via, e-Mail, Visit, DMOZ, on, Facebook, Visit, DMOZ, on, Twitter, the, entire, directory,  , Arts,  ,  , People,  ,  ,  , I, Help, with, Search, Arts, People, I, 16, This, category, is, for, people, of, achievement, in, the, various, arts, genres, whose, last, names, begin, with, the, letter, I., A, B, C, D, E, F, G, H, IJ, K, L, M, N, O, P, Q, R, S, T, U, V, W, X, Y, Z, Subcategories, 44, Ian,, Janis, 1, Ibrahim,, Sarimah, 1, Ice, Cube, 9, Idle,, Eric, 2, Idol,, Billy, 12, Ifield,, Frank, 2, Iggy, Pop, 8, Iglesias,, Enrique, 9, Iglesias,, Julio, 1, Iler,, Robert, 3, Imbruglia,, Natalie, 10, Imperioli,, Michael, 2, Imrie,, Celia, 3, India,, La, 0, India.Arie, 5, Ingram,, Anthony, F., 1, Ingram,, Jack, 1, Ingram,, James, 0, Inman,, John, 3, Innes,, Laura, 3, Innes,, Neil, 0, Iommi,, Tony, 4, Ireland,, Kathy, 1, Irizarry,, Vincent, 1, Irons,, Jeremy, 2, Ironside,, Michael, 3, Irrera,, Dom, 2, Irvine,, Andy, 4, Irving,, Amy, 2, Irving,, George, 2, Irwin,, Steve, 3, Irwin,, Tom, -, 1, 1, Irwin,, Tom, -, 2, 1, Isaacs,, Jason, 2, Isaacs,, Sonya, 1, Isaak,, Chris, 7, Isham,, Mark, 1, Isley, Brothers, 0, Israel,, Dan, 0, Ivens,, Terri, 2, Ivers,, Eileen, 1, Iverson,, Allen, 1, Ives,, Burl, 3, Izzard,, Eddie, 4, Related, categories, 2, Arts, Performing, Arts, Acting, Actors, and, Actresses, I, 36, Reference, Biography, I, 0, Other, languages, 3, Français, 0, Italiano, 0, Nederlands, 0, Last, update:, October, 20,, 2015, at, 23:40:11, UTC, Arts, Business, Computers, Games, Health, Home, News, Recreation, Reference, Regional, Science, Shopping, Society, Sports, All, Languages, "Arts, People", search on:, AOL, -, Ask, -, Bing, -, DuckDuckGo, -, Gigablast, -, Google, -, ixquick, -, Yahoo, -, Yandex, -, Yippy, Copyright, ©, 1998-2017, AOL, Inc., Terms, of, Use, Built, by, CMBuild]
