[techtudo.com, techtudo.com, Informática, Top, e, Últimas, Top, e, Últimas, Últimas, TechTudo, Vídeos, Notí­cias, Artigos, Reviews, Dicas, &, Tutoriais, Listas, windows, 10, lançamento, galaxy, s8, Celulares, e, Tablets, Celulares, e, Tablets, Primeira, página, Celulares, Tablets, Smartwatches, Wearables, E-reader, Android, iPhone, e, iPad, Windows, Phone, Fórum, Mobile, de, A-Z, galaxy, j5, metal, moto, g5, lg, g6, Jogos, Jogos, Primeira, página, Consoles, Gamepad, Mais, Jogos, Mais, Jogos, Jogos, Casuais, Jogos, de, Ação, Jogos, de, Arcade, Jogos, de, Aventura, Jogos, de, Corrida, Jogos, de, Esporte, Jogos, de, Estratégia, Jogos, de, Luta, Jogos, de, Música, Jogos, de, Raciocínio, Jogos, de, RPG, Jogos, de, Simuladores, Jogos, de, Tabuleiro, Jogos, Educativos, Xbox, PlayStation, Nintendo, Fórum, Jogos, de, A-Z, gta, 5, playstation, 4, xbox, one, Informática, Informática, Primeira, página, Armazenamento, Computadores, Impressora, Impressora, 3D, Modem, Monitor, Mouse, Notebook, Placas, e, Componentes, Roteadores, Informática, de, A-Z, windows, 10, linux, Eletrônicos, Eletrônicos, Primeira, página, Caixas, de, som, Câmeras, Fotográficas, Filmadoras, Fones, de, ouvido, GPS, Media, Centers, MP3, Players, TVs, Eletrônicos, de, A-Z, Chromecast, GoPro, Oculus, Rift, Downloads, Downloads, Primeira, página, Áudio, e, Vídeo, Educação, Imagens, Internet, Personalização, Produtividade, Redes, Sociais, Segurança, Utilitários, Download, de, A-Z, WhatsApp, Facebook, Youtube, Fórum, Fórum, Vale, a, pena, Comparativo, Compra, Celulares, Jogos, Vídeos, Velocímetro, galaxy, s8, iphone, 7, zenfone, 3, Informática, de, a-z, a,  , b,  , c,  , d,  , e,  , f,  , g,  , h,  , i,  , j,  , k,  , l,  , m,  , n,  , o,  , p,  , q,  , r,  , s,  , t,  , u,  , v,  , w,  , x,  , y,  , z,  , #,  , A, -, Z, A, B, C, D, E, F, G, H, I, J, K, L, M, N, O, P, Q, R, S, T, U, V, W, X, Y, Z, #, a, A, Bootable, USB, Acer, AO722, Acer, Aspire, 1410, Acer, Aspire, 5750, Acer, Aspire, M3-581TG, Acer, Aspire, One, Happy, Acer, Aspire, P3, Acer, Aspire, S3, Acer, Aspire, S5, Acer, Aspire, S7, Acer, Chromebook, C710, Acer, Emachines, E250, Acer, Ferrari, One, Acer, Iconia, Acer, Iconia, W3, Acer, Predator, 17, Acer, Predator, 21, X, Acer, Spin, 7, Acer, Swift, 7, Acer, Timeline, X, AS4820T-5175, Acher, C3200, Adora24, AIO, 700, AIO, CCE, AIO, Dell, Vostro, Alienware, 15, Alienware, 17, Alienware, Mx11, Alienware, Mx14, Alienware, Mx15, Alienware, Mx17, All-in-One, Inspiron, 23, Série, 5000, AMD, FX, 6300, AMD, R9, 290X, AMD, Radeon, HD, R7, M265, Android, Android, 4.4, KitKat, Android, 5.0, Lollipop, Android, 6.0, Marshmallow, Android, 7.0, Nougat, Android, 8.0, O, Aorus, X3, Plus, Aorus, X7, Apple, LED, Cinema, Display, Aspire, E1-571-6644, Aspire, R13, Aspire, R14, Aspire, R7, Aspire, S7, Aspire, V, Nitro, Black, Edition, ASUS, A42F, Asus, EEE, PC, 1005HA, Asus, Eee, PC, 1201N, ASUS, Eee, PC, 1201T, Asus, EEE, PC, T101, MT, ASUS, G73JH, Asus, Gladius, Asus, GX700, Asus, Lamborghini, Vx6, Asus, M5, A99XEVO, Asus, MB169C+, ASUS, N14U, ASUS, N53JQ, Asus, N53TA, Asus, N61J, ASUS, NX90, Asus, ROG, G750JX, Asus, ROG, GL552, Asus, RT-AC66U, Asus, RT-AC68U, Asus, Taichi, 21, Asus, Transformer, Book, Chi, Asus, Transformer, Book, T100TA, ASUS, UX31, Asus, VivoBook, S451LA, Asus, VivoStick, Asus, WL-330NUL, Asus, X102BA, ASUS, X550LN, Asus, ZenBook, 3, ASUS, Zenbook, UX21, Asus, Zenbook, UX301, Asus, Zenbook, UX301, ATIV, Book, 2.2, ATIV, Book, 2.4, ATIV, Book, 2.6, Atlas, Qbex, Gold, I, Avell, FullRange, G1741MX, AVerTV, Volar, S, b, B50, BackBox, Linux, BenQ, RL2240HE, BenQ, RL2455HM, BenQ, XL2411Z, BenQ, XL2430T, BlackBerry, 10, BRASILLINUX, DOSVOX, Brilliance, 288P, c, Canon, Pixma, MG3510, Canon, Pixma, MG7110, Canon, Pixma, Pro-100, Canon, Selphy, CP780, CCE, AIO, Princesas, CCE, CLE225, CCE, Iron, 745B, CCE, ONIX, 746p, CCE, T74P64, Centrium, Fastline, T4500, Chakra, Linux, ChefJet, Christine, Chrome, OS, Chromebook, 2, Chromebook, 3, Chromebook, Pixel, Chromebook, Plus, Chromebook, Pro, Chromebook, Samsung, Chromebox, CN62, Chromebox, CX12, Cloudo, Beta, CNPS2X, Compaq, mini, 110, Cooler, Master, Hyper, TX3, Core, i3, 2100, Corsair, Hydro, H70, Creative, Sound, Blaster, X-Fi, Titanium, Fatal1ty, Pro, CSS, 3, Gradient, Tool, Cube, 3D, CubePro, 3D, CubeX, Curso, Básico, do, Ubuntu, CyanogenMod, d, D-Link, AC, 750, Dual, Band, D-Link, AC3200, D-link, DIR, -, 412, D-Link, DIR-868L, D-Link, Gaming, Router, DGL-5500, D-Link, Pocket, Cloud, Router, DIR-506L, Datasul, NCL50, DaVinci, 1.0, Debian, Deeper, Dell, Inspiron, 20, 300, Series, Dell, Chromebook, 11, Dell, Chromebox, Dell, Inspiron, 13, 7000, Dell, Inspiron, 14, Dell, Inspiron, 14, 2640, Dell, Inspiron, 14, Série, 3000, Dell, Inspiron, 14R, Dell, Inspiron, 15, Dell, Inspiron, 15, 5000, Dell, Inspiron, 15, 7000, Dell, Inspiron, 15R, Dell, Inspiron, 3000, Series, 11, Dell, Inspiron, 560s, Dell, Inspiron, 7000, Dell, Precision, Dell, Studio, XPS, 13, Dell, Studio, XPS, 8100, Dell, UltraSharp, 34, Dell, Vostro, 3500, Dell, XPS, 12, Dell, XPS, 13, Dell, XPS, 14, Dell, XPS, 15, Dell, XPS, 15z, Designo, MX27UQ, Designo, MX34, Desktop, SPACE, BR, DGL-, 4500, Xtreme, N, DIR-505, Disk2vhd, DKT-891, DouDouLinux, Dream, Studio, Duo, ZK3010, e, EaseUS, Partition, Master, Edison, EeeBook, Ekocycle, Cube, Element, Endless, Mini, Endless, One, Envy, X2, Epson, L355, Epson, L800, Epson, LX-300, –, II, Epson, Picturemate, Charm, PM225, Epson, Stylus, C110, Epson, Stylus, Office, TX320F, Epson, Stylus, Photo, T50, Epson, Stylus, TX125, Epson, Workforce, T42WD, Erazer, X310, Extensor, N150, Powerline, Extreme, 500, Extreme, 900, eyeOS, f, Fedora, Fedora, Core, Utilities, FeniX, SO, Linux, Firefox, OS, Flex, 3, Fonte, M4-ATX, Foresight, kids, Free, CSS, Toolbox, Fuduntu, FullRange, G175, Fire, g, G11CB, G402, Hyperion, Fury, Gabinete, Aerocool, S9, Pro, Gabinete, Thermaltake, Level, 10, Galileo, Gen, 2, GeeXboX, GeForce, GTX, 960, Geforce, GTX, 970, GeForce, XFX, 8400, GS, Genius, Cam, Mouse, All-in-One, Gigabyte, P25W, Gigabyte, P27K, GNU/Linux, Google, Wifi, Gradiator, GTX, 1080, Ti, GTX, 950, GTX, 980, Guia, da, Ferramenta, de, Migração, Integrada, p/, Windows, e, Linux, GX, Gaming, Gila, h, Haiku, Alpha, HD, Externo, eSata, HD, Externo, Expansion, Desktop, 500GB, -, Seagate, HD, externo, LaCie, Rikiki, HD, externo, LaCie, Rugged, HD, Externo, My, Passport, Essential, 500GB, HD, Externo, S2, Samsung, 500GB, HD, Externo, Samsung, S2, Portable, 1, TB, HD, Externo, SimpleTech, HD, Externo, WD, Passport, 250, GB, HD, Seagate, Barracuda, ST32000542AS, 2TB, HD, Seagate, FreeAgent, Go, ST905003FGB2E1-RK, HD, Seagate, FreeAgent, GoFlex, Headset, 7.1, PlayControl, Multiplataforma, HP, Deskjet, 1000, HP, EliteBook, 8560w, HP, EliteBook, Folio, HP, Envy, HP, Envy, 14, Beats, HP, Envy, 15, HP, Flowers, HP, Folio, 13, HP, G42-372br, HP, L200CP, HP, Laserjet, CP1215, HP, LaserJet, P1102w, HP, Laserjet, Pro, P1606dn, HP, mini, 100e, HP, Mini, 210, HP, Officejet, 6500A, Plus, HP, OfficeJet, Pro, 8000, HP, Pavilion, 10z, HP, Pavilion, 1240br, HP, Pavilion, All-in-one, 200-5120br, HP, Pavilion, DM1, HP, Pavilion, dv4-2090br, HP, Pavilion, dv6-3090br, HP, Pavilion, dv6-6170br, HP, Pavilion, Slimline, S5610, HP, Pavilion, x360, HP, Pavillion, dv5-1270br, HP, Pavillion, dv5-2040br, HP, Pavillion, p6645br, HP, Photosmart, C3180, HP, Photosmart, C4480, HP, Slate, 21, HP, SlateBook, X2, HP, Touchsmart, TX2, Huawei, CarFi, Huawei, Hotspot, E5786, HyperX, FURY, 4, GB, i, IdeaPad, Yoga, 2, IdeaPad, Z400, IdeaPad, Z400, Touch, iMac, iMac, de, 21.5, polegadas, iMac, de, 27, polegadas, Impressora, Lexmark, 540n, Impressora, Samsung, ML, -, 2010, Inspiron, 14, Série, 5000, Special, Edition, Inspiron, 20, 3000, Inspiron, 23, All-In-One, Inspiron, 24, 3000, Instax, Share, SP-1, Intel, Compute, Stick, Intel, Curie, Iomega, Home, Media, Network, Hard, Drive, Cloud, Edition, iOS, iOS, 10, iOS, 5, iOS, 6.1, iOS, 7, iOS, 8, iOS, 9, IPFire, Core, 47, IRIScan, Mouse, Itautec, InfoWay, At0101, Itautec, W7430, iXpand, j, Jolicloud, k, Kaveri, KDuXP, Kingston, Data, Traveler, HyperX, 3.0, Kingston, HyperX, Predator, 3.0, Kingston, SSDNow, V, Series, 128GB, SSD, Kirabook, L93, Kongoni, l, LaCie, CloudBox, LaCie, Mirror, LaCie, Wireless, Space, Lapdock, Motorola, para, Atrix, MB860, Latitude, 11, 5000, Latitude, 12, 7000, Latitude, 12, Rugged, Extreme, Latitude, 13, 7000, LaVie, Z, HZ550, LaVie, Z, HZ750, LCD, AOC, F22, Lenovo, G460, Lenovo, G460, i5, Lenovo, Horizon, 2S, Lenovo, IdeaPad, S400, Touch, Lenovo, IdeaPad, Y430, Lenovo, IdeaPad, Yoga, Lenovo, IdeaPad, Z360, Lenovo, IdeaPad, Z370, Lenovo, ThinkCentre, A70, Lenovo, ThinkCentre, M90z, Lenovo, ThinkPad, Helix, Lenovo, Thinkpad, T410s, Lenovo, ThinkPad, W701ds, Lenovo, ThinkPad, X1, Lenovo, ThinkPad, x100e, Lenovo, X220, Lenovo, Y50, Lexmark, e120, Lexmark, X1185, LG, P420, -, 5100, LG, R490, LG, R580-U, LG, R590-3D, LG, U560, LG, X140-G, LG, Z330, Linksys, EA6500, Linpus, Linux, Linux, Lite, Linux, Mint, Lite-On, iHAS624, Logitech, G810, Logitech, M600, Touch, Mouse, Logitech, Mouse, M105, Logitech, Wireless, Illuminated, Keyboard, K800, Logitech, Wireless, Solar, Keyboard, K760, LoseThos, Lubuntu, m, Mac, Mini, Mac, Mini, 2010, Mac, OS, X, Mac, OS, X, Lion, Mac, Pro, Mac, Pro, 2013, MacBook, MacBook, 2015, MacBook, Air, 2010, MacBook, Air, 2011, MacBook, Air, 2013, MacBook, Pro, MacBook, Pro, 13", com, tela, retina, MacBook, Pro, 2016, 13", MacBook, Pro, 2016, 15", MacBook, Pro, com, tela, Retina, macOS, macOS, Sierra, Magic, Mouse, Megahome, All, in, One, Megatron, VT8430X, Megaware, Meganote, Volcano, Metal, War, TC185, Meu, TIM, Microboard, Inovation, I563, Microsoft, -, Imagem, ISO, de, lançamento, de, segurança, para, outubro, de, 2009, Microsoft, Basic, Optical, Mouse, Microsoft, Comfort, Optical, 3000, Microsoft, Mouse, Arc, Microsoft, SkyDrive, Microsoft, Virtual, PC, 2007, MIUI, 7, Modem, Huawei, E5, Monitor, AOC, 18,5’, 936Swa, Monitor, Curvo, Gamer, Monitor, Eizo, CG220, Monitor, LCD, Philips, 20’, 200vw9, Monitor, LG, Flatron, W236, 3D, Monitor, LG, Flatron, W2452V, Monitor, Philips, LED, 221EL2, Monitor, Samsung, 23’, LED, SyncMaster, P2370, Monitor, Sharp, PN-L703B, Monitor, UltraSharp, 27, Mouse, Logitech, MX, Performance, Mouse, Óptico, G5, Logitech, Mouse, Razer, Imperator, Mouse, Razer, Mamba, Mouse, Razer, Naga, Mouse, Scanner, LG, LSM, 100, MSI, GS70, MSI, GT70, Dragon, Edition, 2, Extreme, MSI, Twin, Frozr, Gaming, MSI, WS60, Multibeast, Multifuncional, Epson, Stylus, TX560WD, Multifuncional, Xerox, 4260, n, Netbook, Microboard, Netbook, Novadata, NETGEAR, R6300, NewLink, Bluetooth, Experience, TC101, Nitro, PC, Notebook, CCE, WIN, T546P, Notebook, MSI, X340, Notebook, SIM, 6390, Notebook, SIM, Edition, 913, Nvidia, Geforce, 840M, Nvidia, GTX, 750, Nvidia, GTX, 750Ti, o, Oki, C330dn, OpenELEC, openSUSE, OS, X, El, Capitan, OS, X, Mavericks, OS, X, Mountain, Lion, OS, X, Yosemite, p, Parted, Magic, Pavilion, Mini, Pendrive, DT, Ultimate, Philips, LED, 242G5DJEB, Philips, Two-in-One, Monitor, PINGUY, OS, Placa, Creative, Sound, Blaster, X-Fi, Surround, 5.1, Placa, de, Som, Auzen, X-Plosion, 7.1, Placa, de, Vídeo, ATI, Radeon, HD, 4890, 1GB, Placa, de, Video, GeForce, GTS, 250, AMP!, Edition, Placa, de, Vídeo, Geforce, GTS, 250, da, XFX, Placa, de, vídeo, Nvidia, Quadro, K6000, Placa, de, vídeo, Radeon, HD, 7870, Placa, mãe, Asus, Maximus, VI, Formula, Placa, MSI, Fuzion, Placa, Sapphire, Pure, Fusion, Placa-mãe, MSI, Z87-G43, PlayOnLinux, Positivo, Mini, Fit, Positivo, Mobile, S457U, Positivo, Plus, Elite, 8055, Positivo, Premium, 3D, Positivo, Premium, Essential, 9000, Positivo, Premium, N8570, Positivo, Union, PCTV, C1260, Positivo, Union, PCTV, K3260, Positivo, Union, US8565, Prayaya, V3, ProJet, 1200, Puppy, Linux, q, Qbex, n450, Qbex, UX640, Qemu, para, Linux, Qimo, For, Kids, QtEmu, para, Linux, r, Radeon, RX, 480, Raspbian, Raspbian, wheezy, Razer, Blade, Razer, Blade, Stealth, Razer, DeathStalker, Essential, Razer, Naga, Hex, Razer, Ouroboros, Razer, Taipan, Remix, OS, Revo, One, Desktop, ROG, G20CB, ROG, Sica, ROG, Swift, Roteador, Netgear, N, 300, sem, fio, JWNR2000, Roteador, NETGEAR, WNDR3300, RangeMax, Dual, Band, Wireless-N, Roteador, Wireless, DI-524, RT, AC5300, RT-AC3200, s, Samsung, Art, PC, Pulse, Samsung, Ativ, Book, 2, Samsung, Ativ, Book, 9, Lite, Samsung, Ativ, Book, 9, Plus, Samsung, Ativ, One, 5, Style, Samsung, ATIV, Smart, PC, Pro, Samsung, CLP-300, Samsung, ML-1665, Samsung, Notebook, Odyssey, Samsung, Q, 320, Samsung, RF511, Samsung, RV, 411, Samsung, S22A300B, Samsung, SCX-4500, Samsung, Série, 5, ULTRA, Touch, Samsung, Series, 5, Ultra, Samsung, Series, 7, Samsung, Series, 9, Samsung, Series, 9, Premium, Samsung, SF410, Samsung, SSD, 840, EVO, Samsung, Style, 2, em, 1, Samsung, Style, S50, Samsung, Style, S51, Samsung, UD590, Samsung, XS1715, SSD, SanDisk, Connect, Wireless, Flash, Drive, SanDisk, Connect, Wireless, Media, Drive, SanDisk, Connect, Wireless, Stick, SanDisk, ImageMate, All-in-On, Satellite, Radius, 11, Seagate, Backup, Plus, Fast, Seagate, Backup, Plus, Slim, Seagate, Central, Seagate, Expansion, Seagate, GoFlex, Satellite, Seagate, Personal, Cloud, Seagate, Seven, Seagate, Wireless, Seagate, Wireless, Plus, Service, Pack, 2, do, Windows, 2003, Servidor, ICY, Box, IB-NAS6210, Siemens, Gigaset, SE567, SilveOS, Slitaz, Smart, MultiXpress, Snapdragon, Sony, Fit, Sony, Vaio, 3D, Sony, Vaio, Duo, 11, Sony, Vaio, Duo, 13, Sony, VAIO, EE23EB, Sony, VAIO, EG17, Sony, Vaio, Fit, Sony, Vaio, P, Sony, VAIO, P110JB/W, Sony, Vaio, Pro, 11, Sony, Vaio, Pro, 13, Sony, Vaio, SA25GB, Sony, VAIO, SB25, Sony, Vaio, Tap, 11, Sony, Vaio, VGN-NW220AF, Sony, vaio, VGN-SZ770AN, Sony, VAIO, VPC-EA20FB, Sony, Vaio, VPC-EE43EB/WI, Sony, Vaio, VPC-F112HB, Sony, Vaio, VPC-F223FB, Sony, Vaio, VPC-SB15GB, Spectre, x360, Sphère, Splashtop, OS, SSD, T1, SSD, Ultra, II, SSD, V300, SSDNow, V310, Star, Wars:, The, Old, Republic, Gaming, Keyboard, Star, Wars:, The, Old, Republic, Gaming, Mouse, Steam, Box, SteelSeries, Sensei, RAW, Frost, Blue, STI, 1412, Stream, 200, Mini, Surface, Book, Surface, Book, i7, Surface, Studio, Switch, Encore, 16, portas, ENH916P-NWY, Symbian, t, T100TA, Tails, Teclado, Multilaser, Metal, War, TC185, Thermaltake, Level, 10, GT, ThinkCentre, M900, ThinkPad, P50, ThinkPad, S440, ThinkPad, T440S, ThinkPad, X1, Carbon, Thinkpad, X201, ThinkPad, X240, ThinkPad, Yoga, ThinkVision, 28, Thinstation, para, Linux, Time, Capsule, TinyCore, Tizen, Toshiba, Qosmio, X505-Q8104, Toshiba, Satélite, P50T, Toshiba, Satellite, A665-S6070, Toshiba, Satellite, A665-S6092, Toshiba, Satellite, E45t, Toshiba, Satellite, E55, Toshiba, Satellite, L635-S3030, Toshiba, SDHC, Exceria, Pro, Toshiba, Tecra, W50, Toshiba, U500-EZ1321, Touch, P5, TP-Link, AC750, TP-Link, TL-WA850RE, TP-Link, TL-WR340G, TP-Link, TL-WR740N, TP-Link, TL-WR741ND, Transformer, Book, T100HA, Transformer, Book, T300, Chi, Transformer, Book, V, u, Ubuntu, Ubuntu, Kylin, Ubuntu, Mate, Ubuntu, Phone, Ultra, Dual, Drive, USB, 3.0, Ultra, Fit, USB, UNetBootIN, UP!, Mini, UsbUtils, (Linux, USB, Utilities), v, VectorLinux, Visopsys, VivoBook, Flip, 11", VivoBook, Flip, 13", VivoBook, Flip, 15", VivoBook, S400CA, VivoBook, X202E, VivoMini, UN65H, VivoMini, VM65N, VivoPC, VC65, VivoStick, PC, TS10, vLite, w, watchOS, WD, My, Book, Live, WD, My, Passport, X, webOS, Western, Digital, Elements, Western, Digital, MyPassport, 500GB, Wind, Top, 2020, Windows, Windows, 10, Windows, 7, Windows, 8, Windows, 8.1, Windows, 9, Windows, Mobile, Windows, Phone, Windows, Phone, 7, Windows, Phone, 8, Windows, Server, 2008, Enterprise, x64, en, Windows, Server, 2008, Enterprise, x86, en, Windows, Thin, PC, Windows, Vista, Windows, Vista, CD, Key, Finder, Windows, Vista, Service, Pack, 1, (SP1), Windows, Vista, Service, Pack, 2, (SP2), Windows, Vista, Service, Pack, 2, (SP2), x64, Windows, Vista, Upgrade, Advisor, Windows, Vista, Upgrade, Advisor, 1.0, Windows, XP, Windows, XP, Service, Pack, WinToFlash, Wireless-G, Linksys, by, Cisco, WRT54G2, Wireless-N, Linksys, by, Cisco, WRT160N, Workstation, móvel, M4500, WSUS, 3.0, SP2, x, Xen, Xharmy, y, Y70, Ylmf, Yoga, 11s, Yoga, 3, Yoga, 500, Yoga, 900, Yoga, 910, Yoga, Tablet, 2, z, Zagg, Router, USB, Zenbook, NX500, Zenbox, Zorin, OS, 4, Core, Version, #, 3Doodler, globo.com, g1, globoesporte, gshow, famosos, &, etc, vídeos, techtudo, todos, os, sites©, Copyright, 2000-2017, Globo, Comunicação, e, Participações, S.A., política, de, privacidade, central, globo.com, assine, a, globo.com, anuncie, conosco]
