[DMOZ, About, Become, an, Editor, Suggest, a, Site, Help, Login, Share, via, Facebook, Share, via, Twitter, Share, via, LinkedIn, Share, via, e-Mail, Visit, DMOZ, on, Facebook, Visit, DMOZ, on, Twitter, the, entire, directory,  , Arts,  ,  , Performing, Arts,  ,  ,  , Acting,  ,  ,  ,  , Actors, and, Actresses,  ,  ,  ,  ,  , D, Help, with, Search, Arts, Performing, Arts, Acting, Actors, and, Actresses, D, 374, This, category, is, for, sites, of, actors, and, actresses, whose, last, name, begins, with, the, letter, D., A, B, C, DE, F, G, H, I, J, K, L, M, N, O, P, Q, R, S, T, U, V, W, X, Y, Z, Subcategories, 252, d'Abo,, Maryam, 1, d'Abo,, Olivia, 3, D'Ambrosio,, Franc, 2, D'Aquino,, John, 1, D'Errico,, Donna, 1, D'Ingeo,, David, 1, D'Onofrio,, Vincent, 7, Dacascos,, Mark, 1, Daddo,, Cameron, 1, Dafoe,, Willem, 5, Dahlström,, Alexandra, 0, Daily,, Bill, 2, Dale,, James, Badge, 2, Dale,, Jim, 4, Dalle,, Béatrice, 4, Dalle,, Beatrice, 4, Dallesandr­o,, Joe, 1, Dalton,, Timothy, 1, Daly,, Tyne, 2, Damian,, Michael, 1, Damon,, Cathryn, 2, Damon,, Gabriel, 1, Damon,, Matt, 12, Damon,, Stuart, 1, Dampf,, Ethan, 3, Damus,, Mike, 1, Dance,, Charles, 2, Dancy,, Hugh, 0, Dandridge,, Dorothy, 3, Dane,, Shelton, 1, Danes,, Claire, 8, Danesh,, Darius, 5, Dangerfield,, Rodney, 2, Daniel,, Brittany, 1, Daniels,, Anthony, 2, Daniels,, Jeff, 2, Daniels,, Paul, 2, Daniels,, William, 2, Danza,, Tony, 3, Darbo,, Patrika, 1, Darin,, Bobby, 11, Darro,, Frankie, 1, Darrow,, Henry, 2, Darrow,, Paul, 2, Darvish,, Amir, 2, Dash,, Stacey, 0, Dattilo,, Bryan, 1, Davi,, Robert, 2, David,, Mark, 2, Davidson,, Eileen, 0, Davidson,, Jaye, 2, Davidson,, Jim, 2, Davidson,, John, 1, Davidson,, Tommy, 1, Davidtz,, Embeth, 3, Davies,, Alan, 5, Davies,, Geraint, Wyn, 3, Davies,, Jeremy, 1, Davies,, Marion, 1, Davis,, Bette, 5, Davis,, Don, 1, Davis,, Geena, 9, Davis,, Hope, 3, Davis,, Jeff, 0, Davis,, Judy, 0, Davis,, Kimberly, 0, Davis,, Kristin, 4, Davis,, Lucy, 3, Davis,, Matthew, 2, Davis,, Paige, 5, Davis,, Sammi, 2, Davis,, Sammy,, Jr., 4, Davis,, Viola, 1, Davis,, Warwick, 15, Davis,, William, 0, Davison,, Bruce, 1, Davison,, Peter, 4, Dawber,, Paul, 1, Dawson,, Richard, 4, Dawson,, Rosario, 4, Dawson,, Roxann, 2, Day,, Doris, 3, Day,, Felicia, 5, Day-Lewis,, Daniel, 4, de, Almeida,, Joaquim, 0, De, Carlo,, Yvonne, 1, de, Falco,, Rubens, 1, De, Havilland,, Olivia, 3, de, la, Huerta,, Paz, 1, de, Lancie,, John, 0, de, Lint,, Derek, 3, de, los, Reyes,, Kamar, 1, De, Mornay,, Rebecca, 4, De, Niro,, Robert, 4, De, Ravin,, Emilie, 2, de, Ravin,, Emilie, 2, De, Rossi,, Portia, 3, De, Wilde,, Brandon, 1, Deakins,, Lucy, 1, Dean,, Erin, J., 0, Dean,, James, 7, Dean,, Loren, 4, Deayton,, Angus, 15, deBoer,, Nicole, 3, Deeley,, Catherine, 1, DeGeneres,, Ellen, 2, del, Arco,, Jonathan, 0, Del, Boca,, Andrea, 2, Del, Rio,, Dolores, 2, Del, Toro,, Benicio, 2, Delaney,, Kim, 5, Delany,, Dana, 3, Delfino,, Majandra, 2, DeLisle,, Grey, 1, Delon,, Alain, 0, DeLorenzo,, Michael, 1, Delpy,, Julie, 1, DeLuise,, Dom, 2, DeLuise,, Michael, 1, DeLuise,, Peter, 1, Demetral,, Chris, 3, Dempsey,, Patrick, 3, Denby-Ashe,, Daniela, 1, Dench,, Judi, 4, Deneuve,, Catherine, 2, Denisof,, Alexis, 2, Dennehy,, Brian, 2, Dennings,, Katherine, 4, Denton,, James, 2, Denton-Francis,, Julia, 0, Denver,, Bob, 1, DePaiva,, Kassie, 2, Depardieu,, Gérard, 2, Depp,, Johnny, 23, Derek,, Bo, 2, Dern,, Bruce, 1, Dern,, Laura, 8, DeShannon,, Jackie, 3, Desmond,, Meighan, 1, Detmer,, Amanda, 1, Detmers,, Maruschka, 0, Devine,, Loretta, 2, DeVito,, Danny, 4, Dewhurst,, Colleen, 6, DeWitt,, Joyce, 1, Dey,, Susan, 2, Diamond,, Bobby, 0, Diamond,, Reed, 4, Diaz,, Cameron, 23, Diaz,, Sully, 1, DiCaprio,, Leonardo, 15, Dick,, Andy, 1, Dickens,, Kim, 1, Dickey,, Eric, Jerome, 1, Dickinson,, Angie, 1, Dickson,, Brenda, 0, Diesel,, Vin, 44, Dietrich,, Marlene, 2, Diggs,, Taye, 0, Dillane,, Stephen, 1, Dillon,, Kevin, 1, Dillon,, Matt, 2, Dionisi,, Stefano, 0, Divine, 0, Divoff,, Andrew, 2, Dix,, Richard, 1, Dixit,, Madhuri, 2, Dixon,, Jerry, 1, Dobro,, Carrie, 1, Dobson,, Peter, 1, Doherty,, Shannen, 6, Dohring,, Jason, 2, Doig,, Lexa, 1, Dolenz,, Ami, 1, Dolenz,, Micky, 7, Domingo,, Cogie, 0, Donahue,, Elinor, 1, Donahue,, Heather, 1, Donat,, Robert, 2, Donella,, Chad, 1, Donlevy,, Brian, 1, Donnelly,, Tim, 1, Donohoe,, Amanda, 1, Donovan,, Elisa, 1, Donovan,, Jason, 1, Donovan,, Jeffrey, 2, Donovan,, Kelly, 1, Doohan,, James, 1, Doran,, Matt, 2, Dorff,, Stephen, 4, Dorn,, Michael, 1, Doroff,, Sarah, Rowland, 0, Dors,, Diana, 1, Dotrice,, Roy, 1, Douglas,, Donna, 4, Douglas,, Illeana, 3, Douglas,, Kirk, 5, Douglas,, Michael, 4, Douglas,, Sarah, 2, Dourdan,, Gary, 3, Dourif,, Brad, 1, Dovima, 1, Down,, Alisen, 1, Downes,, Kyle, 0, Downey,, Robert,, Jr., 6, Downey,, Roma, 3, Doyle,, Jerry, 1, Draper,, Courtnee, 3, Drayson,, Zac, 1, Drescher,, Fran, 1, Dressler,, Marie, 2, Dreyfuss,, Richard, 1, Driver,, Minnie, 4, Dryer,, Fred, 1, Ducey,, John, 1, Duchene,, Deborah, 1, Duchovny,, David, 12, Dudikoff,, Michael, 1, Dudynsky,, Ivan, 2, Duff,, Anne-Marie, 1, Duff,, Haylie, 1, Duff,, Hilary, 11, Duffy,, Karen, 1, Duhamel,, Josh, 1, Duk, Kim,, Randall, 2, Dukakis,, Olympia, 0, Duke,, Patty, 2, Dunaway,, Faye, 1, Dunbar,, Rockmond, 1, Duncan,, Lindsay, 1, Duncan,, Michael, Clarke, 5, Dungey,, Merrin, 1, Dunham,, Stephen, 1, Dunigan,, Tim, 1, Dunn,, James, 0, Dunn,, Michael, 1, Dunn,, Michael, Thomas, 2, Dunne,, Dominique, 2, Dunne,, Griffin, 1, Dunne,, Irene, 3, Dunning,, Debbe, 1, Dunst,, Kirsten, 10, Dupuis,, Roy, 1, Durante,, Jimmy, 4, Durbin,, Deanna, 0, Dusay,, Marj, 1, Dushku,, Eliza, 4, DuVall,, Clea, 1, Duvall,, Robert, 1, Duvall,, Shelley, 1, Dwyer,, Karyn, 1, Dye,, John, 3, Related, categories, 4, Arts, Movies, 24,562, Arts, People, D, 296, Arts, Performing, Arts, Theatre, 3,658, Arts, Television, 7,322, Sites, 10, Dalli,, Daniella, Southern, California, based, actress., Includes, resume,, biography,, photos, and, contact, details., Dawn,, Melissa, US, based, actress., Includes, resume,, photos, and, contact, details., Dawson,, Bruce, Allen, Provides, resume, and, headshots., Deacon,, Darlene, Actress, and, voice, talent., Biography,, resume,, video, clips,, credits, and, interests,, and, related, information., Dewhurst, ,, Jonathan, Full, biography, of, the, Lancashire, tragedian, and, Shakespearian, actor, 1837, -, 1913,, and, those, of, his, sons,, William,, P.Jonty, and, Harold., Dillon,, George, UK, based, actor/director., Includes, resume,, photos,, news,, projects, and, contact, details., Dionysios,, Nikos, London, based, Equity, actor., Includes, biography,, reviews,, photos, and, contact, information., Donn,, Ray, UK, based, actor., Includes, credits,, photos, and, contact, details., Downing,, Robert, E., California, based, actor., Includes, resume,, biography,photos, and, contact, details., Duncan,, Christopher, B., Provides, demo, reel,, biography,, resume,, news, and, photo, gallery, and, representation, details., Other, languages, 4, Deutsch, 26, Español, 86, Français, 51, Italiano, 26, Last, update:, February, 6,, 2017, at, 1:57:37, UTC, Arts, Business, Computers, Games, Health, Home, News, Recreation, Reference, Regional, Science, Shopping, Society, Sports, All, Languages, "Arts, ..., Actors, and, Actresses", search on:, AOL, -, Ask, -, Bing, -, DuckDuckGo, -, Gigablast, -, Google, -, ixquick, -, Yahoo, -, Yandex, -, Yippy, Copyright, ©, 1998-2017, AOL, Inc., Terms, of, Use, Built, by, CMBuild]
