[Index, of, Musician, Biographies, Musician, Biographies, Musician, personals,, awards,, and, works., Featured, Biographies, Featured, Musician, Biography, for, The, Supremes, Featured, Musician, Biography, for, Elton, John, Featured, Musician, Biography, for, The, Beach, Boys, Featured, Musician, Biography, for, The, Rolling, Stones, Featured, Musician, Biography, for, Stevie, Wonder, Featured, Musician, Biography, for, Elvis, Presley, Featured, Musician, Biography, for, The, Beatles, Featured, Musician, Biography, for, Aretha, Franklin, Individual, Musician, Biographies, Musician, Biographies, from, Marcelo, Álvarez, to, Louis, Armstrong, Musician, Biographies, from, Vanessa, Bell, Armstrong, to, Regina, Belle, Musician, Biographies, from, Lola, Beltrán, to, Marcelo, Bratke, Musician, Biographies, from, Anthony, Braxton, to, Ray, Campi, Musician, Biographies, from, Laura, Canales, to, Alex, Chilton, Musician, Biographies, from, Chingy, to, Carl, Cox, Musician, Biographies, from, Lol, Coxhill, to, Joe, Diffie, Musician, Biographies, from, Joe, Diffie, to, Melissa, Etheridge, Musician, Biographies, from, Kevin, Eubanks, to, Serge, Gainsbourg, Musician, Biographies, from, Bill, Gaither, to, Henry, Grimes, Musician, Biographies, from, David, Grisman, to, Roy, Haynes, Musician, Biographies, from, Aubrey, Haynie, to, Jack, Ingram, Musician, Biographies, from, James, Ingram, to, Montell, Jordan, Musician, Biographies, from, Ronny, Jordan, to, Patti, LaBelle, Musician, Biographies, from, Steve, Lacy, to, Joe, Lovano, Musician, Biographies, from, Courtney, Love, to, Lila, McCann, Musician, Biographies, from, Paul, McCartney, to, Monica, Musician, Biographies, from, Monifah, to, Phill, Niblock, Musician, Biographies, from, Joe, Nichols, to, Tom, Paxton, Musician, Biographies, from, Johnny, Paycheck, to, Ma, Rainey, Musician, Biographies, from, Bonnie, Raitt, to, Nino, Rota, Musician, Biographies, from, David, Lee, Roth, to, Selena, Musician, Biographies, from, MC, Serch, to, Jill, Sobule, Musician, Biographies, from, Martial, Solal, to, Bernie, Taupin, Musician, Biographies, from, John, Tavener, to, Mitsuko, Uchida, Musician, Biographies, from, James, Blood, Ulmer, to, Kurt, Weill, Musician, Biographies, from, Weird, Al, Yankovic, to, Wayne, Wonder, Musician, Biographies, from, Ron, Wood, to, Pinchas, Zukerman, Band, /, Group, Biographies, Musician, Biographies, from, 'N, Sync, to, Barenaked, Ladies, Musician, Biographies, from, Basehead, to, Café, Tacuba, Musician, Biographies, from, Cake, to, De, La, Soul, Musician, Biographies, from, Dead, Can, Dance, to, Faust, Musician, Biographies, from, Fear, Factory, to, Helmet, Musician, Biographies, from, Hem, to, La, Ley, Musician, Biographies, from, Ladysmith, Black, Mambazo, to, Mills, Brothers,, The, Musician, Biographies, from, Ministry, to, Paris, Combo, Musician, Biographies, from, Paul, Revere, &, The, Raiders, to, Roxy, Music, Musician, Biographies, from, Royal, Crown, Revue, to, Spacehog, Musician, Biographies, from, Spacemen, 3, to, The, Bloodhound, Gang, Musician, Biographies, from, The, Blue, Aeroplanes, to, The, New, Radicals, Musician, Biographies, from, The, Newsboys, to, Tuck, &, Patti, Musician, Biographies, from, Turtle, Island, String, Quartet, to, ZZ, Top, Copyright, ©, 2017, Net, Industries, -, All, Rights, Reserved]
