[Help, Category:People, by, name, From, Wikimedia, Commons,, the, free, media, repository, Jump, to:, navigation,, search, English:, All, categories, named, after, a, person, should, be, included, in, this, category, and, sorted, by, their, family, name., This, is, a, "flat", category, so, please, do, not, build, category, trees, here., Sorting, can, be, done, with, one, of, the, following:, {{DEFAULTSORT:Family, name,, Given, name}}, [[Category:People, by, name]], [[Category:People, by, name|Family, name,, Given, name]], Do, not, add, images, directly, to, this, category., Contents:, Top, A, B, C, D, E, F, G, H,  I , J, K, L, M, N, O, P, Q, R, S, T, U, V, W, X, Y, Z, [...], A, Aa, Ab, Ac, Ad, Ae, Af, Ag, Ah, Ai, Aj, Ak, Al, Am, An, Ao, Ap, Aq, Ar, As, At, Au, Av, Aw, Ax, Ay, Az, •, B, Ba, Bb, Bc, Bd, Be, Bf, Bg, Bh, Bi, Bj, Bk, Bl, Bm, Bn, Bo, Bp, Bq, Br, Bs, Bt, Bu, Bv, Bw, Bx, By, Bz, •, C, Ca, Cb, Cc, Cd, Ce, Cf, Cg, Ch, Ci, Cj, Ck, Cl, Cm, Cn, Co, Cp, Cq, Cr, Cs, Ct, Cu, Cv, Cw, Cx, Cy, Cz, •, D, Da, Db, Dc, Dd, De, Df, Dg, Dh, Di, Dj, Dk, Dl, Dm, Dn, Do, Dp, Dq, Dr, Ds, Dt, Du, Dv, Dw, Dx, Dy, Dz, •, E, Ea, Eb, Ec, Ed, Ee, Ef, Eg, Eh, Ei, Ej, Ek, El, Em, En, Eo, Ep, Eq, Er, Es, Et, Eu, Ev, Ew, Ex, Ey, Ez, •, F, Fa, Fb, Fc, Fd, Fe, Ff, Fg, Fh, Fi, Fj, Fk, Fl, Fm, Fn, Fo, Fp, Fq, Fr, Fs, Ft, Fu, Fv, Fw, Fx, Fy, Fz, •, G, Ga, Gb, Gc, Gd, Ge, Gf, Gg, Gh, Gi, Gj, Gk, Gl, Gm, Gn, Go, Gp, Gq, Gr, Gs, Gt, Gu, Gv, Gw, Gx, Gy, Gz, •, H, Ha, Hb, Hc, Hd, He, Hf, Hg, Hh, Hi, Hj, Hk, Hl, Hm, Hn, Ho, Hp, Hq, Hr, Hs, Ht, Hu, Hv, Hw, Hx, Hy, Hz, •, I, Ia, Ib, Ic, Id, Ie, If, Ig, Ih, Ii, Ij, Ik, Il, Im, In, Io, Ip, Iq, Ir, Is, It, Iu, Iv, Iw, Ix, Iy, Iz, •, J, Ja, Jb, Jc, Jd, Je, Jf, Jg, Jh, Ji, Jj, Jk, Jl, Jm, Jn, Jo, Jp, Jq, Jr, Js, Jt, Ju, Jv, Jw, Jx, Jy, Jz, •, K, Ka, Kb, Kc, Kd, Ke, Kf, Kg, Kh, Ki, Kj, Kk, Kl, Km, Kn, Ko, Kp, Kq, Kr, Ks, Kt, Ku, Kv, Kw, Kx, Ky, Kz, •, L, La, Lb, Lc, Ld, Le, Lf, Lg, Lh, Li, Lj, Lk, Ll, Lm, Ln, Lo, Lp, Lq, Lr, Ls, Lt, Lu, Lv, Lw, Lx, Ly, Lz, •, M, Ma, Mb, Mc, Md, Me, Mf, Mg, Mh, Mi, Mj, Mk, Ml, Mm, Mn, Mo, Mp, Mq, Mr, Ms, Mt, Mu, Mv, Mw, Mx, My, Mz, •, N, Na, Nb, Nc, Nd, Ne, Nf, Ng, Nh, Ni, Nj, Nk, Nl, Nm, Nn, No, Np, Nq, Nr, Ns, Nt, Nu, Nv, Nw, Nx, Ny, Nz, •, O, Oa, Ob, Oc, Od, Oe, Of, Og, Oh, Oi, Oj, Ok, Ol, Om, On, Oo, Op, Oq, Or, Os, Ot, Ou, Ov, Ow, Ox, Oy, Oz, •, P, Pa, Pb, Pc, Pd, Pe, Pf, Pg, Ph, Pi, Pj, Pk, Pl, Pm, Pn, Po, Pp, Pq, Pr, Ps, Pt, Pu, Pv, Pw, Px, Py, Pz, •, Q, Qa, Qb, Qc, Qd, Qe, Qf, Qg, Qh, Qi, Qj, Qk, Ql, Qm, Qn, Qo, Qp, Qq, Qr, Qs, Qt, Qu, Qv, Qw, Qx, Qy, Qz, •, R, Ra, Rb, Rc, Rd, Re, Rf, Rg, Rh, Ri, Rj, Rk, Rl, Rm, Rn, Ro, Rp, Rq, Rr, Rs, Rt, Ru, Rv, Rw, Rx, Ry, Rz, •, S, Sa, Sb, Sc, Sd, Se, Sf, Sg, Sh, Si, Sj, Sk, Sl, Sm, Sn, So, Sp, Sq, Sr, Ss, St, Su, Sv, Sw, Sx, Sy, Sz, •, T, Ta, Tb, Tc, Td, Te, Tf, Tg, Th, Ti, Tj, Tk, Tl, Tm, Tn, To, Tp, Tq, Tr, Ts, Tt, Tu, Tv, Tw, Tx, Ty, Tz, •, U, Ua, Ub, Uc, Ud, Ue, Uf, Ug, Uh, Ui, Uj, Uk, Ul, Um, Un, Uo, Up, Uq, Ur, Us, Ut, Uu, Uv, Uw, Ux, Uy, Uz, •, V, Va, Vb, Vc, Vd, Ve, Vf, Vg, Vh, Vi, Vj, Vk, Vl, Vm, Vn, Vo, Vp, Vq, Vr, Vs, Vt, Vu, Vv, Vw, Vx, Vy, Vz, •, W, Wa, Wb, Wc, Wd, We, Wf, Wg, Wh, Wi, Wj, Wk, Wl, Wm, Wn, Wo, Wp, Wq, Wr, Ws, Wt, Wu, Wv, Ww, Wx, Wy, Wz, •, X, Xa, Xb, Xc, Xd, Xe, Xf, Xg, Xh, Xi, Xj, Xk, Xl, Xm, Xn, Xo, Xp, Xq, Xr, Xs, Xt, Xu, Xv, Xw, Xx, Xy, Xz, •, Y, Ya, Yb, Yc, Yd, Ye, Yf, Yg, Yh, Yi, Yj, Yk, Yl, Ym, Yn, Yo, Yp, Yq, Yr, Ys, Yt, Yu, Yv, Yw, Yx, Yy, Yz, •, Z, Za, Zb, Zc, Zd, Ze, Zf, Zg, Zh, Zi, Zj, Zk, Zl, Zm, Zn, Zo, Zp, Zq, Zr, Zs, Zt, Zu, Zv, Zw, Zx, Zy, Zz, This, category, should, only, contain, other, categories., Galleries, should, be, in, the, corresponding, categories, instead., Files, should, be, in, a, parent, or, subcategory., Category, maintenance, links, Files, using, this, category, directly, Subcategories, This, category, has, the, following, 200, subcategories,, out, of, 327,994, total., (previous, page), (next, page), ', ►, 'Abd, al-Rahman, ibn, 'Awf‎, (3, F), 1, ►, 108, (artist)‎, (3, F), 2, ►, 2, Chainz‎, (7, F), ►, 2, Cold, Scorpio‎, (5, F), ►, 2, Pistols‎, (1, F), ►, 2, Tuff, Tony‎, (3, F), 4, ►, 40, Glocc‎, (2, F), ►, DJ, 4T4‎, (1, F), ►, 4tune‎, (3, F), 5, ►, 50, Cent‎, (1, C,, 33, F), 6, ►, 6pack, Čukur‎, (2, F), 7, ►, 75, cents‎, (1, F), 9, ►, 9th, Wonder‎, (7, F), :, ►, John, Healy‎, (1, P,, 2, F), A, ►, Yash, A, Patnaik‎, (1, F), ►, A'salfo‎, (2, F), ►, Dominique, A‎, (17, F), ►, A-Lee‎, (1, F), ►, A-Trak‎, (1, C,, 8, F), ►, DJ, A-Tron‎, (1, F), ►, A., Reddock‎, (1, P,, 1, F), ►, A.N.A.L.‎, (2, F), ►, A.Z.‎, (1, F), ►, Abraham, Jacob, van, der, Aa‎, (1, C,, 1, P,, 2, F), ►, Dirk, van, der, Aa‎, (1, P,, 5, F), ►, Herman, Aa‎, (3, F), ►, Michèle, van, der, Aa‎, (4, F), ►, Pieter, van, der, Aa‎, (5, C,, 2, P,, 54, F), ►, J., Simon, van, der, Aa‎, (2, F), ►, Vitalij, Aab‎, (1, P,, 1, F), ►, Kim, Aabech‎, (4, F), ►, Hauk, Aabel‎, (1, P,, 7, F), ►, Per, Aabel‎, (10, F), ►, Christen, Pedersen, Aaberg‎, (3, F), ►, Emil, Åberg‎, (9, F), ►, Finn, Aaberg‎, (2, F), ►, Tone, Damli, Aaberge‎, (1, P,, 21, F), ►, Alvo, Aabloo‎, (3, F), ►, Harald, Aabrekk‎, (2, F), ►, Hans, von, Aachen‎, (4, C,, 2, P,, 4, F), ►, Peder, Aadnes‎, (1, C,, 1, P,, 4, F), ►, Arvid, Aae‎, (2, F), ►, Bertus, Aafjes‎, (1, P,, 2, F), ►, Christine, Aaftink‎, (4, F), ►, Carl, Frederik, Aagaard‎, (2, P,, 23, F), ►, Georg, Aagaard‎, (1, F), ►, Jacob, Aagaard‎, (3, F), ►, Julie, Dahle, Aagård‎, (5, F), ►, Martin, Aagaard‎, (1, C,, 1, P), ►, Thorvald, Aagaard‎, (9, F), ►, Prince, Aage, of, Denmark‎, (1, F), ►, John, Olav, Ågotnes‎, (8, F), ►, Frøy, Aagre‎, (3, F), ►, Göran, Åhgren‎, (2, F), ►, Janet, Ågren‎, (11, F), ►, Martin, Aagård‎, (5, F), ►, Erwin, van, Aaken‎, (2, C,, 1, F), ►, Jennifer, Aaker‎, (4, F), ►, Carl, Åkerblad‎, (6, C,, 14, F), ►, Hans, Åkerblad‎, (5, F), ►, Mikael, Åkerfeldt‎, (1, P,, 22, F), ►, Annie, Åkerhielm‎, (2, F), ►, Johnny, Åkerholm‎, (9, F), ►, Rudolf, Åkerblom‎, (1, P,, 12, F), ►, Olof, Hjalmar, Åkerlind‎, (2, F), ►, Erik, Åkerlund, (sculptor)‎, (1, F), ►, John, Åkerlund‎, (10, C,, 5, F), ►, Gustav, Åkerman‎, (1, F), ►, Joachim, Åkerman‎, (4, F), ►, Lars, Olsson, Åkerman‎, (1, P,, 10, F), ►, Richard, Åkerman‎, (2, F), ►, Sofia, Åkerman‎, (2, F), ►, CajsaStina, Åkerström‎, (4, F), ►, Jonas, Åkerström‎, (7, F), ►, Björn, Åkesson‎, (3, F), ►, Fredrik, Åkesson‎, (14, F), ►, Jeppe, Aakjær‎, (1, C,, 1, P,, 16, F), ►, Andreas, Aakre‎, (2, F), ►, Ida, Aalberg‎, (1, P,, 3, F), ►, Albert, Aalbers‎, (3, C,, 8, F), ►, Han, Groenewegen‎, (3, F), ►, Piet, Aalberse, (1871-1948)‎, (4, F), ►, Piet, Aalberse‎, (2, F), ►, Ahmad, Aali‎, (2, F), ►, Aaliyah‎, (24, F), ►, Anathon, Aall‎, (1, F), ►, Hans, Jacob, Aall‎, (3, F), ►, Herman, Harris, Aall‎, (1, F), ►, Jacob, Aall‎, (1, C,, 9, F), ►, Jørgen, Aall‎, (5, F), ►, Niels, Aall‎, (1, C,, 3, F), ►, Håkon, Aalmen‎, (1, F), ►, Gerard, van, Aalst‎, (4, F), ►, Marinus, van, Aalst‎, (1, F), ►, Aino, Aalto‎, (1, C,, 8, F), ►, Geert, van, Aalten‎, (2, F), ►, Truus, van, Aalten‎, (19, F), ►, Alvar, Aalto‎, (3, C,, 2, P,, 16, F), ►, Eeli, Aalto‎, (1, F), ►, Elissa, Aalto‎, (4, C,, 3, F), ►, Ilmari, Aalto‎, (1, C,, 1, P,, 9, F), ►, Ossi, Aalto‎, (2, F), ►, Aimo, Aaltonen‎, (1, F), ►, Carina, Aaltonen‎, (3, F), ►, Emil, Aaltonen‎, (1, C,, 1, F), ►, Juhamatti, Aaltonen‎, (7, F), ►, Juhani, Aaltonen‎, (2, F), ►, Linnea, Aaltonen‎, (1, F), ►, Miro, Aaltonen‎, (1, F), ►, Rauno, Aaltonen‎, (1, C,, 8, F), ►, Remu, Aaltonen‎, (4, F), ►, Wäinö, Aaltonen‎, (2, C,, 25, F), ►, Carl, Anian, Aaman‎, (1, C,, 1, P), ►, Kjetil, Aamann‎, (2, F), ►, Mohammad, Aamer‎, (2, F), ►, Shaker, Aamer‎, (4, F), ►, Kjetil, André, Aamodt‎, (4, F), ►, Ragnhild, Aamodt‎, (2, F), ►, Patrick, van, Aanholt‎, (13, F), ►, Knut, A., Aaning‎, (1, C,, 1, P), ►, Hans, Aanrud‎, (1, P,, 6, F), ►, Jan, Aanstoot‎, (1, F), ►, Willem, Aantjes‎, (9, F), ►, Jon, Aaraas‎, (3, F), ►, Torhild, O., Aarbergsbotten‎, (2, F), ►, Jacques, Aarden‎, (7, F), ►, Gijs, van, Aardenne‎, (2, F), ►, Amanda, Aardsma‎, (1, F), ►, David, Aardsma‎, (4, F), ►, Emil, Aarestrup‎, (6, F), ►, Anders, Årfelt‎, (3, F), ►, Johannes, Aarflot‎, (1, P,, 8, F), ►, Eva, Aariak‎, (2, F), ►, Jaan, Aarik‎, (2, F), ►, Kaija, Aarikka‎, (2, F), ►, Wilhelm, Aarland‎, (1, P,, 6, F), ►, Jüri, Aarma‎, (3, F), ►, Antti, Aarne‎, (17, F), ►, Johan, Victor, Aarne‎, (1, F), ►, Eero, Aarnio‎, (23, F), ►, Aaron, of, Aleth‎, (1, C,, 2, F), ►, Anna, Aaron‎, (1, C), ►, Hank, Aaron‎, (1, C,, 29, F), ►, Jason, Aaron‎, (1, C,, 4, F), ►, Lee, Aaron‎, (1, F), ►, Max, Aaron‎, (2, F), ►, Quinton, Aaron‎, (3, F), ►, David, Aaronovitch‎, (4, F), ►, Leroy, F., Aarons‎, (1, F), ►, Sarah, Aaronsohn‎, (14, F), ►, Shlomo, Ha-kohen, Aaronsohn‎, (1, F), ►, Harald, Aars‎, (1, C,, 1, P,, 1, F), ►, Sophus, Aars‎, (1, P,, 4, F), ►, Eivind, Aarset‎, (6, F), ►, Carl, Aarsleff‎, (1, C,, 2, F), ►, Hans, Aarsman‎, (8, F), ►, Johannes, Josephus, Aarts‎, (1, P,, 13, F), ►, Jan, van, Aartsen‎, (6, F), ►, Jozias, van, Aartsen‎, (36, F), ►, Marianne, Aartsen‎, (1, P,, 17, F), ►, Egil, Aarvik‎, (6, F), ►, Christian, Aarøe‎, (2, F), ►, Arne, Aas‎, (1, F), ►, Arto, Aas‎, (11, F), ►, Axel, Aas‎, (2, F), ►, Ingebret, Aas‎, (1, C,, 1, P), ►, Jo, Sondre, Aas‎, (1, F), ►, Kätlin, Aas‎, (1, C), ►, Nils, Aas‎, (1, C,, 12, F), ►, Roald, Aas‎, (2, F), ►, Taavi, Aas‎, (2, F), ►, Elisabeth, Åsbrink‎, (5, F), ►, Gunnar, Aase‎, (1, F), ►, Håkon, Aase‎, (3, F), ►, Marianne, Aasen‎, (12, F), ►, May-Irene, Aasen‎, (1, F), ►, Ivar, Aasen‎, (2, C,, 2, P,, 35, F), ►, Jens, Aasgaard‎, (1, F), ►, Tora, Aasland‎, (15, F), ►, Elis, Åslund‎, (1, F), ►, Rigmor, Aasrud‎, (34, F), ►, Iver, Aastebøl‎, (3, F), ►, Alice, Åström‎, (3, F), ►, Karin, Åström‎, (4, F), ►, Kristian, Aasvold‎, (1, C,, 2, F), ►, Aatsista-Mahkan‎, (2, F), ►, Evald, Aav‎, (2, F), ►, Lauri, Aav‎, (1, F), ►, Urmo, Aava‎, (11, F), ►, Ivar, Aavatsmark‎, (8, F), ►, Ole, Severin, Aavatsmark‎, (1, F), ►, Juhan, Aavik‎, (2, F), ►, Armi, Aavikko‎, (2, F), ►, Jaak, Aaviksoo‎, (9, F), ►, Ab-Soul‎, (8, F), ►, Vilmos, Aba-Novák‎, (5, C,, 1, P,, 29, F), ►, Angélique, Abachkina‎, (4, F), ►, Muazzez, Abacı‎, (2, F), ►, Antoni, Abad, i, Roses‎, (1, C,, 2, F), ►, José, Abad, Santos‎, (7, C,, 4, F), (previous, page), (next, page), Pages, in, category, "People, by, name", This, category, contains, only, the, following, page., B, User:Pyb/common.js, Media, in, category, "People, by, name", The, following, 46, files, are, in, this, category,, out, of, 46, total., 201603150001, Burgemeester, Albert, van, den, Bosch-gemeente, Zaltbommel.jpg, 11.29, MB, Arina-skoromn.jpg, 88, KB, Aurora, Saura, fotografia.jpg, 192, KB, Ben-Thompson.gif, 247, KB, Caroline, Wijk, f., Dickson.jpg, 69, KB, Дэниел, Кормье.jpg, 54, KB, Count, Antonio, Caudullo, dei, Cutelli.jpg, 1.4, MB, Derek, Chadwick.jpg, 8, KB, Diskusi, lingkungan, Andri, Prasetiyo.jpg, 181, KB, Eduardo, fraile, castrodeza.jpg, 994, KB, Gene, Pierson, on, Blind, Date.jpg, 1.48, MB, Goldratt+Amstrong.jpg, 287, KB, Hartmut, Neven.png, 678, KB, Isrg, Rajan.jpg, 32, KB, Jean-Christophe, Baillie.jpg, 4.22, MB, Jibon.jpg, 121, KB, Verna, L., Jones, (2007).jpg, 2.1, MB, Lashmanovivan.jpg, 228, KB, Yu, Liu, Alibaba.jpg, 278, KB, Louis-Marie, de, La, Révellière-Lépeaux, par, Gérard.jpg, 26, KB, Louis-Marie, de, La, Révellière-Lépeaux.jpg, 4, KB, MalanukPM.jpg, 9, KB, Marcus, Kretzer.jpg, 3.76, MB, Alejandro, pedregosa, morales.jpg, 815, KB, Peter, Rohrman.jpg, 206, KB, Phạm, Đông, Hồng.jpg, 40, KB, Rev, James, Bain.jpg, 13, KB, Akhil, Talreja.jpg, 13.93, MB, Tarnopolsk-ol.jpg, 138, KB, Terje-gaupseth-tesori-diamanter.png, 128, KB, Vipula, Wanigasekara.jpg, 20, KB, Во, время, концерта.jpg, 226, KB, Во, время, награждения, Орденом, почета.jpg, 235, KB, Данила, Терентьевич, Зайцев.jpg, 6.25, MB, Елена, Котова.jpg, 95, KB, Епископ, Игнатий, (Железовский).jpg, 176, KB, На, репетиции.jpg, 157, KB, Парфенов, и, Зюганов.jpg, 63, KB, Парфенов, и, спорт.jpg, 19, KB, Парфенов, на, меропрятии.jpg, 52, KB, Парфенов.jpg, 23, KB, Парфеновы.jpg, 34, KB, Светлана, Борисовна, Адаксина.jpg, 79, KB, Тегако,, Лидия, Ивановна.jpg, 48, KB, Тупицын, В.Н.jpg, 128, KB, Тупицын, Владимир, Николаевич.jpg, 60, KB, Retrieved, from, "https://commons.wikimedia.org/w/index.php?title=Category:People_by_name&oldid=229188519", Categories:, People, Categories, by, name, Non-topical/index:, Hidden, categories, Categories, requiring, permanent, diffusion, to, zero, Navigation, menu, Personal, tools, English, Not, logged, in, Talk, Contributions, Create, account, Log, in, Namespaces, Category, Discussion, Variants, Views, View, Edit, History, More, Search, Navigate, Main, page, Welcome, Community, portal, Village, pump, Help, center, Participate, Upload, file, Recent, changes, Latest, files, Random, file, Contact, us, Print/export, Create, a, book, Download, as, PDF, Printable, version, In, other, projects, Wikimedia, Commons, Wikipedia, Wikiquote, Wikisource, Wikiversity, Tools, What, links, here, Related, changes, Special, pages, Permanent, link, Page, information, Wikidata, item, In, Wikipedia, Alemannisch, العربية, مصرى, অসমীয়া, Asturianu, Azərbaycanca, Башҡортса, Беларуская, भोजपुरी, Bahasa, Banjar, বাংলা, Bosanski, Català, Mìng-dĕ̤ng-ngṳ̄, کوردیی, ناوەندی, Čeština, Чӑвашла, Dansk, Zazaki, Dolnoserbski, ދިވެހިބަސް, English, Esperanto, Español, Euskara, فارسی, Suomi, Gaeilge, 贛語, ગુજરાતી, 客家語/Hak-kâ-ngî, हिन्दी, Fiji, Hindi, Hornjoserbsce, Magyar, Հայերեն, Bahasa, Indonesia, Ilokano, Italiano, 日本語, Basa, Jawa, ქართული, ភាសាខ្មែរ, 한국어, Kurdî, Latina, Limburgs, ລາວ, मैथिली, Basa, Banyumasan, Македонски, മലയാളം, Bahasa, Melayu, Malti, မြန်မာဘာသာ, مازِرونی, नेपाली, Norsk, bokmål, Diné, bizaad, ଓଡ଼ିଆ, ਪੰਜਾਬੀ, Kapampangan, Português, Română, Русский, Русиньскый, Sicilianu, Scots, سنڌي, Srpskohrvatski, /, српскохрватски, සිංහල, Simple, English, Slovenčina, Slovenščina, Soomaaliga, Shqip, Српски, /, srpski, Svenska, Kiswahili, தமிழ், తెలుగు, ไทย, Tagalog, Türkçe, Xitsonga, اردو, Tiếng, Việt, Winaray, ייִדיש, Yorùbá, 中文, Bân-lâm-gú, 粵語, IsiZulu, Edit, links, This, page, was, last, modified, on, 9, January, 2017,, at, 16:54., Text, is, available, under, the, Creative, Commons, Attribution-ShareAlike, License;, additional, terms, may, apply., By, using, this, site,, you, agree, to, the, Terms, of, Use, and, Privacy, Policy., Privacy, policy, About, Wikimedia, Commons, Disclaimers, Developers, Cookie, statement, Mobile, view]
