[Skip, to, Content, Skip, to, Main, Navigation, Skip, to, Information, Links, Skip, to, Site, Search, Skip, to, Footer, Skip, to, Accessibility, Information, Home, Page, Information, Links, From, the, publishers, of, Planning, >, DCP, >, COMPASS, >, Sign, in, Free, Trial, Bulletins, Subscribe, Post, a, job, Planning, Resource, Search, Main, Navigation, Home, News, Decisions, Policy, Dev., Plans, Knowledge, Events, Jobs, Strategic, Planning, Dev, Mgt, CIL, Housing, Housing, White, Paper, Brexit, Awards, Comment, Letters, Email, Bulletins, RSS, Feeds, Key, Topics, News, by, UK, region, Development, Types, Subscribe, to, COMPASS, Planning, Appeals, Tracker, COMPASS, User, Guides, Visit, COMPASS, Online, Subscribe, to, DCP, DCP, User, Guides, Visit, DCP, Online, Local, Plans, Neighbourhood, Planning, Data, Key, Topics, Special, Reports, Directories, Consultants, Lawyers, Careers, The, Planning, Awards, Inspector, approves, new, 18-hole, golf, course, in, north, London, green, belt, By, Michael, Donnelly,, 11, April, 2017, A, planning, inspector, has, granted, consent, for, a, new, 18-hole, golf, course, on, a, 70-hectare, site, within, the, green, belt, in, north, London,, despite, arguments, that, there, is, no, need, for, the, facility., Related, headlines, Report:, build, on, green, belt, golf, courses, to, meet, housing, demand, Charity, faces, fraud, allegations, over, residential, planning, consent, A, religious, charity, is, facing, accusations, that, a, residential, planning, permission, that, earned, it, £31, million, was, procured, by, fraud., Government, announces, preferred, route, for, new, Lower, Thames, Crossing, The, government, has, announced, its, preferred, route, for, the, proposed, Lower, Thames, Crossing, which, would, cross, the, river, east, of, Gravesend, in, Kent, via, a, tunnel., Green, belt, 'often, biggest, constraint', to, sustainable, energy, and, waste, developments, The, green, belt, is, often, the, 'biggest, constraint', in, bringing, closed, waste, and, minerals, sites, back, into, sustainable,, productive, use,, according, to, a, report, on, how, the, planning, system, can, help, deliver, a, circular, economy., Housing, associations, facing, 'storm, of, complaints', over, new-build, homes, Reports, that, housing, associations, are, facing, a, 'storm, of, complaints, over, new-build, homes', feature, in, today's, newspaper, round-up., How, the, secretary, of, state, is, performing, on, planning, decisions, By, David, Dewar, and, John, Geoghegan,, 7, April, 2017, A, quarter, of, recovered, appeals, and, call-in, decisions, are, being, decided, outside, a, new, three-month, deadline, for, secretary, of, state, decisions,, the, Department, for, Communities, and, Local, Government, (DCLG), has, admitted., 2, comments, How, digital, innovators, could, harness, infrastructure, data, By, Richard, Garlick,, 7, April, 2017, The, government-backed, innovation, centre, for, cities, is, working, on, a, prototype, device, that, it, claims, would, generate, digital, heat, maps, showing, planners, how, sites', infrastructure, capacity, will, change, as, plans, are, built, out., What, a, change, of, use, revision, means, for, pub, conversions, By, Joey, Gardiner,, 7, April, 2017, A, government, amendment, to, the, Neighbourhood, Planning, Bill, is, intended, to, bolster, protection, for, pubs,, but, some, experts, say, that, a, change, designed, to, make, it, easier, for, hostelries, to, expand, their, food, offering, could, undermine, local, policies, drawn, up, to, safeguard, drinking, establishments., The, sector, needs, more, skilled, urban, designers,, by, Chris, Brown, By, Chris, Brown,, 7, April, 2017, I, had, one, depressing, and, one, encouraging, place-making, experience, last, week., The, depressing, experience, was, at, a, design, review, panel, for, a, local, authority-led, scheme., The, positive, experience, was, in, a, meeting, with, an, academic, teaching, urban, design, and, urbanism., Policy, Summary:, New, guidance, on, getting, consent, for, housing, with, major, infrastructure, projects, 7, April, 2017, Policy:, Guidance, on, Nationally, Significant, Infrastructure, Projects, and, Housing., Sponsored, content:, What, are, the, city, mayoral, frontrunners', planning, priorities?, By, Mike, Ribbeck,, 7, April, 2017, In, the, first, of, a, series, of, columns, exploring, the, planning, policies, of, leading, candidates, in, the, upcoming, city, mayoral, elections,, Mike, Ribbeck,, associate, partner, at, public, relations, consultancy, Newgate, Communications,, takes, a, look, at, three, of, the, election, races., Sponsored, Content, in, association, with, Newgate, Communications, More, From, PlanningResource, Appeals, &, Decisions, Development, Plans, Tracker, Policy, Tracker, CIL, Watch, Special, Reports, Data, Comment, Consultants, Lawyers, Careers, Consultancy, Survey 2016, Law, Survey, 2016, Careers, and, Salary, Survey, 2016, Bulletins, Follow, Us:, Principal, Planning, Officer, (Development, Management), Bracknell, Forest, Borough, Council, Bracknell,, Berkshire, Deputy, Team, Leader, -, Planning, Applications, Team, (x2), Canterbury, City, Council, Canterbury,, Kent, Team, Leader, Major, Development, Charnwood, Borough, Council, Loughborough, Graduate, Planner, -, (Urbanist, Architecture), Osborne, Richardson, London, Planner/Senior, Planner, The, Planning, and, Design, Practice, Ltd, Derby,, Derbyshire, More, Planning, &, Regeneration, Jobs, Search, Forthcoming, Events, The, IED, North, Conference, Wed, 10, May, 2017, The, Lowry,, Manchester, Economic, development, in, Northern, Ireland:, key, challenges, and, future, opportunities, post-Brexit, Tue, 25, Apr, 2017, Belfast, The, outlook, for, UK, energy, storage:, grid, integration,, regulatory, framework, and, opportunities, for, innovation, Tue, 25, Apr, 2017, Central, London, New, London, Vernacular/Urban, Qualities, Wed, 26, Apr, 2017, The, Bartlett,, 22, Gordon, Street,, London,, WC1H, 0QB, Place, and, Space:, Planning, for, Climate, Change, Wed, 10, May, 2017, London, View, all, events, Top, Casebook, Decisions,  , Cascade, clause, for, affordable, housing, renders, obligation, unacceptable, Need, for, rural, workers', mobile, homes, not, justified, Use, of, land, for, car, park, erodes, its, functioning, as, a, green, corridor, High, ropes, adventure, course, would, not, preserve, green, belt, openness, Housing, site, approved, again, notwithstanding, previous, High, Court, quashing, More, Casebook, decision, summaries, Search, 180,000, appeals, on, COMPASS, Search, Select, field, Authority, Use, class, Inspector, DCS, reference, Authority, Select, field, Aberconwy, Aberconwy, &, Colwyn, Aberdeen, Aberdeenshire, Adur, Afan, Allerdale, Alnwick, Alyn, &, Deeside, Amber, Valley, Anglesey, Angus, Antrim, Ards, Arfon, Argyll, &, Bute, Armagh, Arun, Ashfield, Ashford, Avon, CC, Aylesbury, Vale, Babergh, Ballymena, Ballymoney, Banbridge, Banff, &, Buchan, Barking, &, Dagenham, Barnet, Barnsley, Barrow-In-Furness, Basildon, Basingstoke, &, Deane, Bassetlaw, Bath, Bath, &, Northeast, Somerset, Bearsden, &, Milngavie, Bedford, Bedfordshire, CC, Belfast, Berkshire, CC, Berwick-Upon-Tweed, Beverley, Bexley, Birmingham, Blaby, Black, Country, Dev, Corp, Blackburn, Blackburn, With, Darwen, Blackpool, Blaenau, Gwent, Blyth, Valley, Bolsover, Bolton, Boothferry, Borders, Boston, Bournemouth, Bracknell, Bracknell, Forest, Bradford, Braintree, Breckland, Brecknock, Brecon, Beacons, N.Pk, Brent, Brentwood, Bridgend, Bridgnorth, Brighton, Brighton, &, Hove, Bristol, Broadland, Broads, Authority, Bromley, Bromsgrove, Broxbourne, Broxtowe, Buckinghamshire, CC, Burnley, Bury, Caerphilly, Cairngorm, N.Pk, Calderdale, Cambridge, Cambridgeshire, CC, Camden, Cannock, Chase, Canterbury, Caradon, Cardiff, Cardiganshire, Carlisle, Carmarthenshire, Carrick, Carrickfergus, Castle, Morpeth, Castle, Point, Castlereagh, Central, Bedfordshire, Central, Manchester, Dev, Corp, Central, RC, Ceredigion, Charnwood, Chelmsford, Cheltenham, Cherwell, Cheshire, CC, Cheshire, East, Cheshire, West, And, Chester, Chester, City, Chester-Le-Street, Chesterfield, Chichester, Chiltern, Chorley, Christchurch, City, Of, London, Clackmannan, Clackmannanshire, Cleethorpes, Cleveland, CC, Clwyd, Cc, Clydebank, Clydesdale, Colchester, Coleraine, Colwyn, Congleton, Conwy, Cookstown, Copeland, Corby, Cornwall, Cornwall, CC, Cotswold, Countryside, Agency, Coventry, Craigavon, Craven, Crawley, Crewe, &, Nantwich, Croydon, Cumbernauld, &, Kilsyth, Cumbria, CC, Cumnock, &, Doon, Valley, Cunninghame, Cynon, Valley, Dacorum, Darlington, Dartford, Dartmoor, N.Pk, Daventry, Delyn, Denbighshire, Derby, Derbyshire, CC, Derbyshire, Dales, Derry, Derwentside, Devon, Devon, CC, Dinefwr, Doncaster, Dorset, CC, Dover, Down, Dudley, Dumbarton, Dumfries, &, Galloway, Dundee, Dunfermline, Dungannon, Durham, Durham, CC, Dwyfor, Dyfed, Ealing, Easington, East, Ayrshire, East, Cambridgeshire, East, Devon, East, Dorset, East, Dumbartonshire, East, Hampshire, East, Hertfordshire, East, Kilbride, East, Lindsey, East, Lothian, East, Northamptonshire, East, Renfrewshire, East, Riding, Of, Yorkshire, East, Staffordshire, East, Sussex, CC, East, Yorkshire, Eastbourne, Eastleigh, Eastwood, Eden, Edinburgh, Ellesmere, Port, &, Neston, Elmbridge, Enfield, Environment, Agency, Epping, Forest, Epsom, &, Ewell, Erewash, Essex, CC, Exeter, Exmoor, N.Pk, Falkirk, Fareham, Farnborough, Fenland, Fermanagh, Fife, Flintshire, Forest, Heath, Forest, Of, Dean, Fylde, Gateshead, Gedling, Gillingham, Glanford, Glasgow, Gloucester, Gloucestershire, CC, Glyndwr, Godstone, R.D.C, Gordon, Gosport, Grampian, Gravesham, Great, Grimsby, Great, Yarmouth, Greater, London, Greater, Manchester, CC, Greenwich, Guildford, Gwynedd, Hackney, Halton, Hambleton, Hamilton, Hammersmith, &, Fulham, Hampshire, CC, Harborough, Haringey, Harlow, Harrogate, Harrow, Hart, Hartlepool, Hastings, Havant, Havering, Hereford, Hereford, &, Worcester, CC, Herefordshire, Hertfordshire, CC, Hertsmere, High, Peak, Highland, Highland, R.C, Hillingdon, Hinckley, &, Bosworth, Holderness, Horsham, Hounslow, Hove, Hull, Humberside, CC, Huntingdonshire, Hyndburn, Inverclyde, Ipswich, Isle, Of, Anglesey, Isle, Of, Wight, Isles, Of, Scilly, Islington, Islwyn, Kennet, Kensington, &, Chelsea, Kent, Cc, Kerrier, Kettering, Kilmarnock, &, Loudoun, Kincardine, &, Deeside, Kings, Lynn, &, West, Norfolk, Kingston-Upon-Thames, Kingswood, Kirkcaldy, Kirklees, Knowsley, Kyle, &, Carrick, Lake, District, N.Pk, Lambeth, Lancashire, CC, Lancaster, Langbaurgh-On-Tees, Larne, Leeds, Leicester, Leicestershire, CC, Leominster, Lewes, Lewisham, Lichfield, Limavady, Lincoln, Lincolnshire, CC, Lisburn, Liverpool, Llanelli, Lliw, Valley, Loch, Lomond, &, Trossachs, N.Pk, London, Docklands, Dev, Corp, London, Thames, Gateway, Dev, Corp, Lothian, Luton, Macclesfield, Magherafelt, Maidstone, Maldon, Malvern, Hills, Manchester, Mansfield, Medina, Medway, Meirionnydd, Melton, Mendip, Merseyside, CC, Merseyside, Dev, Corp, Merseyside, Waste, Reg, Auth, Merthyr, Tydfil, Merton, Mid, Bedfordshire, Mid, Devon, Mid, Glamorgan, Mid, Suffolk, Mid, Sussex, Middlesbrough, Middlesex, CC, Midlothian, Milton, Keynes, Mole, Valley, Monklands, Monmouth, Monmouthshire, Monmouthshire, CC, Montgomery, Montgomeryshire, Moray, Motherwell, Moyle, Neath, Neath, Port, Talbot, New, Forest, New, Forest, National, Park, Authority, Newark, &, Sherwood, Newbury, Newcastle-Under-Lyme, Newcastle-Upon-Tyne, Newham, Newport, Newry, &, Mourne, Newtownabbey, Norfolk, CC, North, Ayrshire, North, Bedfordshire, North, Cornwall, North, Devon, North, Dorset, North, Down, North, East, Derbyshire, North, East, Fife, North, East, Lincolnshire, North, East, Staffordshire, North, Hertfordshire, North, Kesteven, North, Lanarkshire, North, Lincolnshire, North, Norfolk, North, Shropshire, North, Somerset, North, Tyneside, North, Warwickshire, North, West, Leicestershire, North, Wiltshire, North, York, Moors, N.Pk, North, Yorkshire, CC, Northampton, Northamptonshire, CC, Northavon, Northumberland, Northumberland, CC, Northumberland, N.Pk, Norwich, Nottingham, Nottinghamshire, CC, Nuneaton, &, Bedworth, Oadby, &, Wigston, Ogwr, Oldham, Olympic, Delivery, Omagh, Orkney, Islands, Oswestry, Oxford, Oxfordshire, CC, Peak, District, N.Pk, Peak, Park, Joint, Planning, Board, Pembrokeshire, Pembrokeshire, Coast, N.Pk, Pendle, Penwith, Perth, &, Kinross, Peterborough, Plymouth, Poole, Port, Of, London, Port, Talbot, Portsmouth, Powys, Preseli, Preseli, Pembrokeshire, Preston, Purbeck, Radnor, Radnorshire, Reading, Redbridge, Redcar, &, Cleveland, Redditch, Reigate, &, Banstead, Renfrew, Renfrewshire, Restormel, Rhondda, Rhondda, Cynon, Taff, Rhuddlan, Rhymney, Valley, Ribble, Valley, Richmond-Upon-Thames, Richmondshire, Rochdale, Rochester-Upon-Medway, Rochford, Rossendale, Rother, Rotherham, Rugby, Runnymede, Rushcliffe, Rushmoor, Rutland, Ryedale, Salford, Salisbury, Sandwell, Scarborough, Scottish, Borders, Scottish, Environment, Protection, Agency, Scottish, Ministers, Scunthorpe, Secretary, Of, State, Sedgefield, Sedgemoor, Sefton, Selby, Sevenoaks, Sheffield, Shepway, Shetland, Islands, Shrewsbury, &, Atcham, Shropshire, Shropshire, CC, Slough, Snowdonia, N.Pk, Solihull, Somerset, CC, South, Ayrshire, South, Bedfordshire, South, Bucks, South, Cambridgeshire, South, Derbyshire, South, Downs, N.Pk, South, Gloucestershire, South, Hams, South, Herefordshire, South, Holland, South, Kesteven, South, Lakeland, South, Lanarkshire, South, Norfolk, South, Northamptonshire, South, Oxfordshire, South, Pembrokeshire, South, Ribble, South, Shropshire, South, Somerset, South, Staffordshire, South, Tyneside, South, Wight, South, Yorks, Southampton, Southend-On-Sea, Southwark, Spelthorne, St, Albans, St, Edmundsbury, St, Helens, Stafford, Staffordshire, CC, Staffordshire, Moorlands, Stevenage, Stirling, Stockport, Stockton-On-Tees, Stoke-On-Trent, Strabane, Stratford-Upon-Avon, Strathclyde, Strathkelvin, Stroud, Suffolk, CC, Suffolk, Coastal, Sunderland, Surrey, CC, Surrey, Heath, Sutton, Swale, Swansea, Swindon, Taff, Ely, Tameside, Tamworth, Tandridge, Taunton, Deane, Tayside, Teesdale, Teeside, Teignbridge, Telford, &, Wrekin, Tendring, Test, Valley, Tewkesbury, Thamesdown, Thanet, Three, Rivers, Thurrock, Thurrock, Thames, Gateway, Development, Corporation, Tonbridge, &, Malling, Torbay, Torfaen, Torridge, Tower, Hamlets, Trafford, Tunbridge, Wells, Tyne, &, Wear, Tynedale, Unknown, Uttlesford, Vale, Of, Glamorgan, Vale, Of, White, Horse, Vale, Royal, Wakefield, Walsall, Waltham, Forest, Wandsworth, Wansbeck, Wansdyke, Warrington, Warwick, Warwickshire, CC, Watford, Waveney, Waverley, Wealden, Wear, Valley, Wellingborough, Welwyn, Hatfield, West, Berkshire, West, Devon, West, Dorset, West, Dunbartonshire, West, Glamorgan, West, Lancashire, West, Lindsey, West, Lothian, West, Northamptonshire, West, Oxfordshire, West, Somerset, West, Sussex, CC, West, Wiltshire, West, Yorkshire, CC, Western, Isles, Council, Westminster, Weymouth, &, Portland, Wigan, Wiltshire, Wiltshire, CC, Wimborne, Winchester, Windsor, &, Maidenhead, Wirral, Woking, Wokingham, Wolverhampton, Woodspring, Worcester, Worcestershire, Worthing, Wrekin, Wrexham, Wrexham, Maelor, Wychavon, Wycombe, Wyre, Wyre, Forest, Yeovil, Ynys, Mon, BC, York, Yorkshire, Dales, N.Pk, Use, class, Select, field, Agricultural,, Animal, uses,, Caravan/Gypsy, sites,, Horticulture, A1,, Retail,, Supermarkets,, Garden, Ctr,, Petrol, Stn, A2,, A3,, Banks,, Betting, Ofc,, Travel, Agncy,, Restaurants,, Cafes, A4,, A5, Pubs,, Bars,, Takeaway,, Drive, throughs, B1,, B2,, B8,, Offices,, Factories,, Ind., units,, Garages,, Warehousing, C1,, C2,, Hotels,, Guest, Houses,, B&B,, Care/Nursing, homes, C3, Housing,, Residential,, Flats,, Apartments,, Hostels, D1, Hospital,, Churches,, Schools,, Comm., ctr,, Art, Galleries,, Car, Parks, D2, Health, ctr,, Swimming, Pools,, Stadiums,, Cinemas,, Nightclubs, Quarrying/Mining/Landfill,, Airports,, Railway&Police, stn,, Telecom,, Energy, Inspector, Select, field, Acton, J, Alden, E, Aldous, M, Alexander, D, Allan, C, Allan, J, Allen, B, Amblin, R, Ammoun, V, Amos, G, Amos, S, Ancrum, C, Anderson, F, Andrews, M, Angus, J, Angus, R, Ankers, M, Anscombe, C, Anstey, C, Armstrong, J, Arnold, W, Arnot, G, Arnott, S.M, Arrowsmith, G, Asher, D, Ashworth, N, Asquith, P, Astrinsky, M, Atkinson, D, Bagot, B, Bagshaw, W, Bailey, D, Bailey, G, Bailey, K, Baines, P, Baird, G, Baird, S.R.G, Baker, K, Baker, R, Baker, T.P, Balchin, M, Baldock, D, Baldwin, P, Baldwin, W, Ball, C, Ball, N, Ball, T, Banks, B, Barber, R, Barclay, N, Barker, R, Barnes, A, Barnes, B, Barnes, D, Barnes, T, Barnett, B, Barratt, J, Barrett, R, Barry, B, Barry, R, Barton, K, Barton, K.D, Barton, P, Basford, J, Batchelar, E, Bates, S, Bather, N, Beasley, P, Beaumont, K, Beaumont, T, Beck, P, Becker, A, Begg, H, Belcher, T, Bell, A, Bell, Williamson, J, Benefield, E, Bennett, A, Bennett, K, Benson, E, Bentham, Hill, P, Bentley, J, Berkeley, S, Bessell, J, Biddle, P, Biggers, P, Bingham, A, Bingley, M, Binnion, D, Bird, P, Birkinshaw, M, Birley, T, Blades, S, Blanks, H, Blom, Cooper, A, Blundel, C, Board, D, Boddington, N, Bonsell, B, Bonsell, P, Booth, F, Bore, J, Borland, M, Boucher, J, Bould, S, Bourne, F, Bowden, C, Bowden, R, Bowman, G, Boxer, A, Boyd, R, Boyland, A, Bradbeer, R, Bradley, D, Bradley, R, Bradshaw, M, Bragg, A, Braithwaite, J, Bramble, S, Brannan, P, Bretherick, W, Brewer, F, Brian, M, Brian, T, Bridge, D, Bridger, A, Brier, D, Briggs, C, Brinkworth, H, Broadley, J, Brock, J, Bromiley, R, Brook, J, Brookes, M, Brooks, D, Brooks, R, Brown, J, Brown, K, Brown, P, Brown, P.N, Brown, R, Brown, R.J, Brown, S, Broyd, I, Brundell, M, Brushfield, J, Bruton, S, Bryan, J, Bryer, A, Bunn, A, Burcham, A, Burden, P, Burden, W, Burke, P, Burley, P, Burrow, K, Burrows, D, Burrows, N, Burry, M, Bushby, D, Buss, R, Bussey, S, Butler, F, Butler, Stoney, C, Buylla, D, Campbell, B, Campbell, W, Cardinal, C, Carlow, W, Carr, E, Chadwick, H, Chadwick, J, Chalmers, D, Chambers, J, Champion, M, Chance, J, Chandler, C, Chape, W, Chapman, G, Charnley, W, Chase, J, Chater, J, Chave, P, Checkley, C, Cheer, J, Cheesley, J, Cherington, F, Childs, D, Chirnside, K, Chivers, S, Christopherson, C, Clack, A, Clack, D, Clark, D, Clark, E, Clark, G, Clark, J, Clark, M, Clark, P, Clark, R, Clark, S, Clayton, A, Clayton, C, Clayton, K, Cleaver, K, Cleaver, M, Clegg, R, Clemence, A, Clews, R, Clune, M, Coard, A, Coates, D, Cobb, R, Cochrane, C, Cockshaw, C, Coffey, L, Cohen, J, Colburn, J, Colebourne, S, Colley, P, Collyer, J, Comerford, F, Conder, J, Connelly, D, Conroy, C, Conway, J, Cook, B, Cookson, T, Coop, L, Cornhill, F, Corrie, W, Cosgrove, F, Couper, C, Coward, J, Craig, C, Cramond, D, Crane, T, Crawford, E, Crawford, I, Crawhurst, S, Cresswell, CD, Crew, E, Croft, M, Croft, T, Crookes, P, Crosby, L, Cross, F, Cross, M, Croucher, J, Crow, H, Crow, S, Crowther, A, Crumley, V, Crysell, P, Cubby, G, Cullingford, D, Cullingford, J, Cullingworth, D, Culshaw, M, Cuming, P, Cummings, G, Cundale, G, Cunliffe, M.J, Cunningham, M, Cunningham, W, Curnow, R, Currie, I, Dahl, J, Dakeyne, M, Dale, A, Daly, B, Danby, C, Daniel, J, Dannreuther, R, Davenport, A, Davey, D, Davidson, A, Davies, D, Davies, E, Davies, F, Davies, G, Davies, J, Davies, L, Davies, P, Davies, P, A, Davies, PENNY, Davies, R, Davies, T, Davison, A, Davison, E, Dawes, J, Day, B, De, Winton, J, Deakin, J, Dean, P, Dean, R, Deane, G, Dearden, J, Dearden, L, Dent, R, Dewar, I, Dickinson, J, Dickinson, M, Dignan, P, Dixon, A, Dixon, O, Dobsen, P, Dodd, B, Dodd, D, Dodds, K, Dolphin, F.J, Donaldson, D, Donnison, R, Dow, T, Doward, B, Down, K, E, Downes, C, Downing, G, Drake, L, Drake, Wilkes, P, Draper, J, Drew, P, Druitt, R, Dudley, G, Dudley, S, Amos, G., Duggan, R, Duncan, D, Duncan, G, Dunleavey, P, Dunleavey, R, Dunlop, D, Dunlop, J, Durrant, K, Dyer, D, Eagle, R, Eagles, J, Eaton, N, Eccles, P, Eccleston, G, Edmondson, Jones, G, Edwards, D, Edwards, E, Edwards, J, Eggleton, P, Elliff, G, Ellis, B, Ellis, J, Ellison, K, Ellison, M, Ellwood, F, Emerson, S, Emery, M, Emm, T, Evans, B, Evans, G, Evans, J, Evans, L, Evans, M, Evans, R, Eyre, J, Eyre, R, Eyres, C, Fabian, W, Fagan, N, Fairclough, A, Farish, E, Farrimond, F, Farrington, G, Farrow, P, Farrow, W, Felgate, J, Fell, R, Fennell, K, Fenton, D, Fenwick, P, Ferrie, S, Fieldhouse, E, Fieldhouse, W, Firth, I, Fitzsimon, D, Fitzsimons, D, Floyd, C, Ford, P, Forster, R, Foster, A, Foster, R, Foulkes, M, Fox, M, Fox, S, Frears, J, Freeman, A, Freeman, N, Freer, P, Frith, D, Frith, M, Frost, C, Fullarton, J, Fussey, A, Gale, J, Gall, C, Gardener, R, Gardner, J, Garnham, G, Garnham, P, Gasson, K, German, J, Gerry, A, Gethin, C, Ghafoor, A, Gibb, A, Gibbs, P, Gibbs, S, Gibson, M, Gibson, S, Gil, O, Gilbert, C, Gill, J, Gillis, J, Glossop, C, Glover, S, Goddard, M, Golder, P, Goodman, P, Gordon, D, Gordon, Smith, R, Gossop, C, Gould, G, Goulty, G, Grace, D, Grace, E, Graham, J, Graham, L, Graham, P, Graham, T, Grainger, J, Grainger, P, Grainger, R, Grant, H, Grant, J, Grantham, R, Gray, A, Gray, F, Gray, J, Greaves, S, Green, D, Green, E, Green, J, Greenfield, J, Greenhill, C, Greenoff, W, Greenwood, J, Greenwood, L, Gregory, J, Grenfield, J, Gresty, J, Griffin, A, Griffin, M, Griffiths, J, Griffiths, P, Grimsey, C, Grindey, G, Grogan, H, Guilford, L, Guilford, C, Hoile, L., Gurney, M, Hague, R, Haines, J, Hainsworth, D, Hall, D, Hall, S, Hammans, N, Hammond, A, Hanchet, D, Hancock, F, Hancock, M, Hand, S, Haran, E, Harmston, D, Harper, M, Harris, D, Harris, V, Harrison, D, Harrison, N, Harrison, R, Harrison, S, Harwood, A, Hastie, W, Hawkins, A, Hayes, D, Hayward, G, Hayward, J, Haywood, K, Head, A, Head, J, Heath, G, Heffernan, L, Heijne, N, Hellawell, P, Hellier, B, Henderson, D, Henderson, H, Henderson, J, Herron, T, Hersey, R, Hesketh, S, Hetherington, I, Hetherington, M, Hewitt, P, Heyes, M, Heywood, K, Heywood, S, Hickman, R, Higenbottam, H, Higginbottom, J, High, R, Hill, D, Hill, E, Hill, G, Hill, K, Hill, M, Hill, S, Hill, Z, Hillyer, M, Hiscox, R, Hitchings, E, Hoare, C, Hoare, W, Hobday, T, Hodder, A, Hodge, A, Hodge, R, Hogger, D, Hoile, C, Hold, N, Holden, R, Holden, S, Holder, S, Holland, G, Holland, K, Holland, S, Hollington, G, Hollis, D, Hollox, R, Hollyman, C, Holt, N, Hope, D, Hope, M, Hopwood, S, Horridge, P, Horton, E, Hoult, C, Howard, D, Howell, P, Hudson, P, Hughes, A, Hughes, C, Hughes, T, Hunter, J, Huntley, R, Hurley, M, Hurley, R, Hurst, C, Hutchinson, A, Hutchinson, D, Hutchinson, G, Hutchinson, J, Hutchinson, N, Hutchinson, P, Hutton, E, Hyams, C, Hyland, K, Hyslop, M, Ianson, A, Iles, I, Ingram, E, Irving, H, Irwin, R, Isaac, D, G, T, Isaac, G, Jackman, D, Jackson, J, Jackson, P, Jackson, R, Jacques, R, Jagger, J, Jamie, D, Jamieson, P, Jarratt, P, Jarvis, C, Jarvis, P, Jeapes, A.S, Jenkins, C, Jenkins, D, Jenkins, I, Jenkins, I.D, Jeremiah, K, Jessop, R, Jeyes, A, Job, S, John, D, Johnson, A, Johnson, C, Johnson, D, Jolly, P, Jones, A, Jones, C, Jones, E, Jones, H, Jones, J, Jones, J.B, Jones, M, Jordan, A, Jordan, J, Joseph, H, Joyce, M, Juniper, B, Kaiserman, D, Kavanagh, M, Kealey, L, Kearney, M, Keen, I, Keene, D, Kemmann, Lane, T, Kettle, H, King, A, King, F, King, J, King, S, King, T, Kingaby, J, Kinghan, E, Kinnaird, A, Kirby, A, Kirby, R, Kirby, W, Kirkbride, C.S, Knox, W, Krause, P, Lane, C, Lane, G, Lane, P, Langton, A, Latham, A, Latham, R, Lavender, D, Law, M, Lawrance, E, Lawrence, E, Lawrence, T, Lea, A, Learoyd, D, Leeming, D, Leigh, C, Lemon, A, Leveridge, P, Lewis, D, Lewis, E, Lewis, J, Lewis, M, Lewis, R, Lidbury, G, Lindsay, D, Linihan, N, Linscott, B, Llewelyn, H, Lloyd, I, Lloyd, J, Lloyd, P, Loasby, P, Lock, H, Long, I, Loughridge, R.F, Loveday, J, Lowe, M, Lucas, Gosnold, V, Luck, R, Lumsden, I, Lund, P, Lyman, A, Lyon, R, Lyons, B, Lytton, K, Mabey, R, Macbryde, J, Macdonald, C, Macdonald, P, Macey, B, Machin, A, Machin, D, Machin, P, Macinnes, A, Mackenzie, R, Maher, V, Mahoney, F, Mahony, M, Maile, R, Mair, D, Major, P, Mallard, J, Mallett, N, Manning, K, Mapson, G, Marks, S, Marsden, J, Marshall, A, Marshall, R, Martin, J, Maslin, R.W, Masterman, B, Masterman, D, Masters, H, Mather, R, Matthews, G, Mattocks, J, Maxtone, Graham, R, Maxtone, Graham, R., Maxwell, R, May, C, Maycock, G, Mcbain, M, Mcbride, J, Mccabe, K, Mccabe, M, Mccaw, T, Mcclune, M, Mcconnell, M, Mcconnell, R, Mccooey, A, Mccoy, D, Mccoy, R, Mccretton, I, Mcculloch, J, Mccusker, J, Mcdermott, T, Mcdonald, C, Mcdonald, P, Mcentee, K, Mcfarlane, G, Mcgurk, N, Mchugh, I, Mckay, W, Mcmaster, P, Mcnair, J, Mcpherson, J, Mead, A, Meardon, B, Mellish, R, Mellor, D, Mellor, R, Mercer, G, Merelie, R, Metcalf, J, Metcalfe, D, Metcalfe, P, Meyrick, S, Meyrick, S.C, Michael, R, Micklethwaite, D, Micklethwaite, J, Middleton, M, Midgley, D, Miles, J, Miles, S, Millard, J, Miller, A, Millington, T, Millns, C, Mills, E, Milverton, J, Mineral, Application, X, Mitchell, I, Mitchell, W, Moffett, J, Moffoot, M, Mollison, S, Montague, Smith, M, Moody, J, Moody, R, Moon, R, Moore, B, Moore, C, Moore, J, Moore, M, Moran, T, Morden, D, Mordey, R, Morgan, D, Morgan, E, Morgan, G, Morgan, J, Morgan, S, Morgan, T, Morley, P, Morley, R, Morris, J, Morris, P, Morris, W, Mortimer, K, Moseley, L, Mossop, C, Mossop, J, Moult, A, Moxon, K, Muers, R, Mumford, D, Munday, W, Mundy, B, Murray, D, Murray, J, Musk, R, Muston, M, Mwanza, Y, Napier, Derere, A, National, Assembly, Wales, X, Newey, J, Newington, R, Newland, P, Newman, A, Newmarch, C, Nicholson, D, Nicoll, L, Nield, C, Nield, K, Nightingale, R, Nixon, A, Nixon, J, Nock, P, Norbury, P, Norman, P, Normington, J, North, J, Novitzky, A, Nunn, M, Ocarroll, M, Offenbach, R, Offord, C, Ogier, R, Ohare, S, Onn, D, Ord, E, Orourke, M, Osborne, I, Otter, V, Owen, Smith, R, Pain, G, Palmer, F, Papworth, J, Parker, D, Parkes, P, Parkhill, A, Parkhill, E, Parkinson, J, Parnell, B, Parnell, J, Parry, R, Parsons, M, Partington, A, Partridge, B, Patterson, W, Payne, N, Payton, B, Peake, J, Peall, J, Pearson, E, Peart, J, Pease, G, Peattie, T, Peck, P, Peerless, K, Pendlebury, D, Penman, D, Penman, I, Pennell, P, Perrins, R, J, Perry, R, Phillimore, T, Phillips, M, Phillips, R, Phillipson, A, Phillmore, T, Pickering, A, Pickering, T, Pierce, R, Pike, M, Pinner, D, Pinney, P, Platts, P, Polter, A, Ponting, D, Poole, S, Pope, N, Poppleton, R, Porteous, J, Poulter, A, Povey, T, Powys, Jones, G, Pratley, D, Pratt, R, Pratt, S, Prentis, D, Price, D, Priestley, R, Pringle, G, Pritchard, E, Pritchard, R, Procter, J, Pryce, S, Pryce, W, Punshon, R, Pybus, J, Pykett, A, Raby, A, Radcliffe, I, Radmore, V, Rafig, F, Rankin, D, Rankin, D, W, Rankin, J, Rawle, S, Rawson, P, Ray, B, Readhead, F, Redfern, T, Redpath, W, Reece, G, Reece, S, Reed, D, Reed, R, Rees, G, Reese, S, Reese, T, Reid, AJ, Reid, J, Reid, S, Rennie, G, Rescoe, S, Rice, K, Richards, D, Richardson, C, Richardson, J, Richardson, S, Ridge, K, Riley, A, Ritchie, A, Ritchie, J, Rivett, M, Robbins, D, Roberton, S, Roberts, A, Roberts, B, Roberts, E, Roberts, G, Roberts, J, Roberts, N, Roberts, P, Roberts, T, Robertson, S, Robeson, M, Robin, D, Robins, D, Robins, M, Robinson, Aproule, C, Stainthorpe, B, Staniland, J, Stanley, Barnes, A, Stead, G, Stedham, A, Stedham, H, Stedman, H, Steers, D, Steers, J, Stelfox, F, Stephens, HR, Stephenson, D, Stevens, J, Stewart, G, Steyn, F, Stiles, J, Stones, M, Storey, D, Storrie, D, Stovell, D, Stow, H, Street, A, Street, N, Sutton, D, Swain, P, Sweeting, D, Symons, G, Tackley, D, Tamplin, R, Tamplin, S, Taylor, E, Taylor, J, Taylor, M, Taylor, N, Taylor, N, R, Taylor, P, Taylor, R, Taylor, S, Tempest, J, Tester, D, Thew, D, Thickett, A, Thomas, A, Thomas, C, Thomas, D, Thomas, E, Thomas, G, Thomas, J, Thomas, M, Thomas, R, Thompson, C, Thompson, F, Thomson, G, Thomson, H, Thomson, J, Thomson, M, Thomson, N, Thorby, C, Thorman, D, Timms, J, Tipping, C, Tittley, PJ, Tivey, CJ, Tokley, C, Tomlin, J, Town, R, Town, T, Townroe, P, Trask, J.M, Travers, M, Trevor, J, Trevor, Graham, J, Trevor, Graham, J., Trewick, C, Tuckett, D, Turner, C, Turner, I, Turner, J, Turner, K, Turner, S, Turner, W, Tyers, L, Tyler, P, Tyrrell, C, Underwood, C, Unknown, J, Upton, R, Upward, A, Urquhart, I, Vafidis, P, Vaughan, A, Vaughan, B, Vickers, R, Vickery, D, Vyse, J, Wade, A, Wade, J, Wainwright, J, Walden, G, Walden, T, Waldron, J, Waldron, J.D, Walker, A, Walker, J, Walker, P, Walker, S, Walker, T, Wallis, J, Walls, L, Walmesley, White, A, Walters, D, Walters, J, Walters, S, Walton, H, Walton, Masters, H, Ward, D, Ward, K, Ward, N, Ward, S, Warden, D, Warder, S, Ware, P, Wareham, C, Warke, J, Warwick, A, Waste, Application, X, Waterman, D, Watson, A, Watson, C, Watson, I, Watson, J, Watson, P, Watson, R, Watson, S, Watt, D, Watts, C, Watts, D, Webb, G, Webster, J, Weeks, W, Welsh, Office, X, West, C, West, E, Westbrook, J, Whalley, J, Wharton, A, Whitaker, R, Whitbread, B, White, F, White, K, Whitehead, M, Whitehead, P, Whitehouse, C, Whitfield, J, Whitfield, S, Whittaker, R, Wicks, D, Wiggins, K, Wilbraham, L, Wild, S, Wilde, J, Wildsmith, D, Wilkinson, B, Wilkinson, J, Wilks, D, Willamson, A, Williams, A, Williams, B, Williams, E, Williams, H, Williams, J, Williams, K, Williams, R, Williamson, A, Williamson, D, Williamson, P, Williamson, S, Willmer, P, Willows, P, Wilson, A, Wilson, J, Wilson, M, Wilson, N, Wilson, P, Wilson, R, Wingfield, R, Winton, D, Wolley, C, Wood, A, Wood, A.M, Wood, T, Wood, W, Woodall, W, Woodburn, C, Woodcock, I, Woodford, R, Woodhouse, R, Woodling, K, Woodrow, D, Woodrow, F, Woodville, J, Woolcock, J, Wooley, D, Woollett, J, Woolnough, A, Worden, S, Worthington, E, Wride, L, Wright, A, Wright, J, Wright, R, Wright, S, Wright, T, Wrigley, C, Wyatt, P, Wylie, A, Wynn, A, Yates, M, Yellowley, J, Yendole, B, Yorke, R, Youle, J, Young, B, Young, C, Young, P, Youngs, P, Yuille, R, DCS, reference, Policy, &, Legislation, Updates,  , The, Town, and, Country, Planning, (Enforcement, Notices, and, Appeals), (Wales), Regulations, 2017, Permitted, development, rights, for, householders, -, Technical, Guidance, Guidance, for, Local, Authorities, on, Managing, Unauthorised, Camping, by, Gypsy/Travellers, in, Scotland, The, Town, and, Country, Planning, (Environmental, Impact, Assessment), (Scotland), Regulations, 2017, Blight, Provisions, (England), Order, 2017, More, policy, &, legislation, Search, the, DCP, manual, of, planning, best, practice, Keywords, Help, &, Information, About, PlanningResource, Advertiser, Information, Contact, PlanningResource, Terms, &, Conditions, Privacy, Policy, Accessibility, Sitemap, Editorial, Calendar, Cookie, policy, Social, About, DCS, Editorial, Complaint?, Subscription, &, Registration, Subscription, Options, Subscriber, web, account, activation, Free, trial, subscription, Register, free, for, limited, access, FAQ, News, News, &, Analysis, Email, Bulletins, RSS, Newsfeeds, Blogs, &, Comment, Development, Types, Key, Topics, UK, regions, &, devolved, nations, Events, Site, Sections, Casebook, appeal, summaries, COMPASS, appeal, search, Policy, &, Legislation, DCP, manual, Development, Plan, Tracker, Data, Strategic, Planning, Development, Management, CIL, &, Finance, Special, Reports, Careers, Partner, Sites, PlacemakingResource, COMPASS, Online, Development, Control, Practice, ENDS, Report, Mineral, Planning, Waste, Planning, ©, Haymarket, Media, Group, Ltd., |, Terms, &, Conditions, |, Contact, Us]
