[DMOZ, About, Become, an, Editor, Suggest, a, Site, Help, Login, Share, via, Facebook, Share, via, Twitter, Share, via, LinkedIn, Share, via, e-Mail, Visit, DMOZ, on, Facebook, Visit, DMOZ, on, Twitter, the, entire, directory,  , Arts,  ,  , People,  ,  ,  , C, Help, with, Search, Arts, People, C, 422, This, category, is, for, celebrities, from, the, various, arts, genres, whose, last, name, begins, with, the, letter, C., Celebrities, are, defined, as, those, people, having, at, least, one, fan, site., A, B, CD, E, F, G, H, I, J, K, L, M, N, O, P, Q, R, S, T, U, V, W, X, Y, Z, Subcategories, 585, Caan,, James, 3, Caan,, Scott, 2, Cadogan,, Kevin, 1, Caesar,, Sid, 3, Caffey,, Charlotte, 1, Caffrey,, Stephen, 2, Cage,, Joel, 1, Cage,, Nicolas, 8, Cagle,, Chris, 2, Cagney,, James, 13, Cahill,, Eddie, 1, Cain,, Dean, 1, Cain,, Sugar, 2, Caine,, Michael, 8, Cake,, Jonathan, 1, Caldwell,, Kimberly, 4, Cale,, J.J., 3, Cale,, John, 5, Calkin,, Richard, 1, Call,, R.D., 1, Callaghan,, Jeremy, 2, Callas,, Maria, 3, Callaway,, Ann, Hampton, 1, Callen,, Michael, 1, Callow,, Simon, 6, Calloway,, Cab, 1, Caloz,, Michael, 2, Cam'ron, 1, Camargo,, Christian, 1, Cameron, Bure,, Candace, 2, Cameron,, Dean, 2, Camp,, Jesse, 5, Camp,, Steve, 3, Campanelli,, Rick, 4, Campbell,, Billy, 3, Campbell,, Brenda, 1, Campbell,, Bruce, 7, Campbell,, Christian, 2, Campbell,, David, 2, Campbell,, Glen, 1, Campbell,, Naomi, 3, Campbell,, Nell, 3, Campbell,, Neve, 14, Campbell,, Scott, Michael, 1, Campbell,, Tevin, 2, Campion,, Thomas, 8, Campisi,, Gabriel, 2, Cañadas,, Esther, 1, Canary,, David, 2, Candy,, John, 1, Cannon,, Dyan, 2, Cantrell,, Blu, 4, Cantrell,, Jerry, 0, Capra,, Frank, 6, Capshaw,, Jessica, 1, Captain, Beefheart, 7, Cara,, Irene, 1, Carangi,, Gia, 6, Caray,, Harry, 2, Card,, Michael, 2, Cardellini,, Linda, 2, Cardinal,, Tantoo, 2, Cardinale,, Claudia, 3, Carell,, Steve, 4, Carey,, Drew, 3, Carey,, Mariah, 37, Carey,, Tony, 2, Cariani,, John, 1, Carlin,, George, 2, Carlisle,, Belinda, 7, Carlisle,, Bob, 4, Carlos,, Wendy, 2, Carlson,, Amy, 2, Carlson,, Krissy, 1, Carlson,, Veronica, 1, Carlstrom,, Emily, 2, Carlton,, Vanessa, 7, Carlyle,, Robert, 4, Carman, 4, Carmello,, Carolee, 2, Carmen,, Eric, 1, Carmichael,, Hoagy, 4, Carmody,, Matt, 2, Carnes,, Kim, 0, Carney,, Art, 2, Carolla,, Adam, 1, Caron,, Leslie, 2, Carpenter,, Charisma, 6, Carpenter,, John, 6, Carpenter,, Karen, 1, Carpenter,, Mary, Chapin, 2, Carr,, Amy, 0, Carr,, Eric, 1, Carrack,, Paul, 2, Carrera,, Barbara, 2, Carreras,, Jose, 3, Carrere,, Tia, 3, Carrey,, Jim, 15, Carrier,, Chubby, 3, Carrier,, Roy, 1, Carrol,, Regina, 1, Carroll,, Bruce, 0, Carroll,, Diahann, 5, Carroll,, Jim, 1, Carroll,, Madeleine, 5, Carson,, Jeff, 1, Carson,, Johnny, 5, Carson,, Lisa, Nicole, 3, Carter, Family, -, Country, Music, 4, Carter, Family, -, Pop, Music, 0, Carter,, Aaron, 11, Carter,, Anita, 1, Carter,, Betty, 2, Carter,, Carlene, 8, Carter,, Chris, 5, Carter,, Deana, 2, Carter,, Dixie, 2, Carter,, Helena, Bonham, 6, Carter,, Jason, 2, Carter,, Jimmy, 10, Carter,, June, 5, Carter,, Leslie, 1, Carter,, Lynda, 3, Carter,, Mrs., Leslie, 3, Carter,, Nick, 10, Carthy,, Eliza, 0, Carthy,, Martin, 1, Cartwright,, Angela, 2, Cartwright,, Rebecca, 4, Caruso,, David, 3, Caruso,, Enrico, 1, Carver,, Brent, 2, Carvey,, Dana, 3, Casal,, Neal, 0, Casamassa,, Chris, 1, Case,, Neko, 5, Case,, Peter, 2, Casella,, Max, 2, Caselli,, Chiara, 2, Cash,, Johnny, 16, Cash,, Rosanne, 6, Cassar-Daley,, Troy, 3, Cassavetes­,, John, 3, Cassel,, Seymour, 3, Cassidy,, David, 4, Cassidy,, Eva, 11, Cassidy,, Joanna, 2, Cassidy,, Katie, 1, Cassidy,, Katie, 1, Cassidy,, Patrick, 1, Cassidy,, Shaun, 2, Casta,, Laetitia, 5, Casteleyn,, Veerle, 0, Castellucc­io,, Federico, 1, Castillo,, Irán, 2, Castillo,, Randy, 5, Castle,, Aimée, 2, Castle,, Chris, 0, Castle-Hughes,, Keisha, 6, Cat, Power, 11, Catch,, C.C., 9, Cates,, Phoebe, 5, Cattrall,, Kim, 4, Caudell,, Toran, 1, Cauffiel,, Jessica, 2, Caulfield,, Emma, 1, Caulfield,, Maxwell, 3, Cave,, Nick, 11, Caviezel,, James, 6, Cavill,, Henry, 5, Cebeira,, Asier, 2, Ceberano,, Kate, 2, Cedeno,, Matt, 1, Cerasoli,, Lisa, 1, Cerbone,, Jason, 1, Cerbone,, Lisa, 1, Cerveris,, Michael, 5, Cetera,, Peter, 2, Chabert,, Lacey, 6, Chag,, Niraj, 0, Chalke,, Sarah, 1, Chamberlain,, Richard, 4, Chamberlin,, Beth, 2, Chambers,, Justin, 2, Chambers,, Kasey, 4, Champion,, Gower, and, Marge, 4, Chan,, Agnes, 3, Chan,, Daniel, 1, Chan,, Jackie, 16, Chan,, Kelly, 1, Chan,, Kit, 1, Chan,, Nadia, 1, Chan,, Priscilla, 0, Chan,, Sunny, 1, Chandler,, Gene, 2, Chandler,, Kyle, 6, Chandra,, Sheila, 2, Chaney,, Lon, 3, Chang,, Eliot, 1, Channing,, Stockard, 2, Chao,, Rosalind, 1, Chapin,, Harry, 7, Chaplin,, Ben, 4, Chaplin,, Charlie, 14, Chapman,, Beth, Nielsen, 2, Chapman,, Graham, 2, Chapman,, Roger, 1, Chapman,, Steven, Curtis, 8, Chapman,, Tracy, 5, Chappell,, Lisa, 2, Charendoff,, Tara, 3, Charisse,, Cyd, 2, Charles,, Josh, 2, Charles,, Nicola, 1, Charles,, Ray, 14, Charles,, Vince, 0, Charleson,, Leslie, 1, Charvet,, David, 1, Chase,, Bailey, 1, Chase,, Bill, 2, Chase,, Chevy, 2, Chase,, William, 1, Chasez,, JC, 6, Chaudhary,, Mahima, 1, Chavis,, Boozoo, 1, Chavis,, Karan, 0, Chawla,, Juhi, 2, Chayanne, 2, Cheadle,, Don, 3, Checker,, Chubby, 2, Cheech, and, Chong, 2, Chen,, Edison, 1, Cheng,, Ekin, 1, Cheng,, Sammi, 3, Chenier,, C.J., 2, Chenier,, Clifton, 3, Cheong,, Angie, 3, Cher, 14, Cherry,, Don, 2, Cherry,, Eagle-Eye, 2, Cherry,, Jonathan, 1, Cherry,, Neneh, 0, Chesney,, Kenny, 5, Chesnutt,, Mark, 1, Chesnutt,, Vic, 9, Cheung,, Cecilia, 4, Cheung,, Jacky, 2, Cheung,, Julian, 1, Cheung,, Leslie, 4, Cheung,, Maggie, 2, Chevalier,, Maurice, 6, Chi,, Hsu, 2, Chianese,, Dominic, 2, Chiklis,, Michael, 1, Child,, Jane, 3, Childs,, Toni, 3, Chin,, Han, 1, Chioran,, Juan, 2, Chisholm,, Melanie, 6, Chmerkovsk­iy,, Maksim, 5, Cho,, Liz, 1, Choates,, Harry, 2, Choi, Hiu, Yee,, Erica, 0, Choi,, Ji-Woo, 1, Chokachi,, David, 1, Chong,, Marcus, 2, Chong,, Rae, Dawn, 2, Chong,, Tommy, 2, Chopra,, Priyanka, 2, Chow, Yun-Fat, 5, Chow,, Stephen, 2, Chow,, Vivian, 3, Chriqui,, Emmanuelle, 2, Christensen,, Erika, 3, Christensen,, Hayden, 13, Christensen,, Helena, 0, Christian,, Charlie, 2, Christian,, Claudia, 4, Christian,, Frank, 2, Christian,, Shawn, 1, Christie,, Julie, 3, Christner,, Gil, 2, Christodal,, Jude, 2, Christopher,, Dennis, 2, Christopher,, Gerard, 1, Christy,, June, 1, Christy,, Lauren, 2, Chuck, D, 3, Chung,, Cherie, 2, Chung,, Christy, 2, Chung,, Margaret, 0, Church,, Charlotte, 3, Church,, Claudia, 2, Church,, Thomas, Haden, 1, Cibrian,, Eddie, 3, Ciccone,, Madonna, 37, Cigliuti,, Natalia, 1, Clampett,, Robert, 1, Clapp,, Gordon, 2, Clapton,, Eric, 27, Clare,, Jillian, 1, Clark,, Christie, 3, Clark,, Dave, 2, Clark,, Dick, 9, Clark,, Guy, 2, Clark,, Josh, 2, Clark,, Kevin, 1, Clark,, Petula, 2, Clark,, Roy, 1, Clark,, Spencer, Treat, 1, Clark,, Terri, 3, Clarke,, Caitlin, 1, Clarke,, George, Elliott, 1, Clarke,, Margi, 1, Clarke,, Melinda, 4, Clarke,, Sarah, 1, Clarke,, Stanley, 0, Clarke,, Warren, 1, Clarkson,, Kelly, 10, Clarkson,, Lana, 3, Clash,, Kevin, 2, Clavell,, James, 6, Clay,, Andrew, Dice, 5, Clayderman,, Richard, 1, Claypool,, Les, 1, Clayton-Felt,, Josh, 1, Cleese,, John, 4, Clegg,, Johnny, 2, Clement,, Jemaine, 1, Cleveland,, James, 2, Cliche,, Karen, 2, Cliff,, Jimmy, 3, Clift,, Montgomery, 2, Climo,, Brett, 2, Cline,, Patsy, 7, Clinton,, George, 0, Cloke,, Kristen, 4, Clooney,, George, 22, Clooney,, Rosemary, 3, Close,, Eric, 2, Close,, Glenn, 6, Clunie,, Michelle, 1, Coadic,, Colleen, 0, Cobain,, Kurt, 9, Cobb,, Keith, Hamilton, 6, Cobham,, Billy, 2, Coburn,, James, 6, Cochran,, Anne, 1, Cochran,, Eddie, 4, Cochran,, Hank, 1, Cochran,, Tammy, 2, Cochrane,, Rory, 5, Cochrane,, Tom, 4, Cockburn,, Bruce, 5, Cockburn,, Serge, 1, Cocker,, Jarvis, 0, Cocker,, Joe, 8, Cocteau,, Jean, 5, Coe,, David, Allan, 1, Coen,, Ethan, 9, Coffey,, Kellie, 2, Coffield,, Kelly, 1, Cohen,, Adam, 2, Cohen,, David, Oliver, 0, Cohen,, Leonard, 17, Cohen,, Scott, 3, Cohenour,, Patti, 2, Cohn,, Marc, 1, Cohn,, Mindy, 3, Cole,, Bradley, 2, Cole,, Gary, 1, Cole,, Holly, 2, Cole,, Jennifer, 2, Cole,, Jude, 1, Cole,, Lloyd, 2, Cole,, Nat, King, 3, Cole,, Natalie, 17, Cole,, Paula, 4, Cole,, Samantha, 0, Coleman,, Charlotte, 5, Coleman,, Dabney, 2, Coleman,, Gary, 5, Coleman,, Ornette, 0, Colicos,, John, 3, Colin,, Margaret, 2, Collen,, Jacqueline, 1, Collette,, Toni, 3, Collier,, Don, 1, Collier,, Mark, 2, Collins,, Bootsy, 0, Collins,, Clifton,, Jr., 1, Collins,, Joan, 3, Collins,, Judy, 3, Collins,, Phil, 7, Collins,, Stephen, 1, Collins,, Suzanne, 4, Collister,, Christine, 4, Colloca,, Silvia, 2, Colman,, Ronald, 5, Colter,, Jessi, 2, Coltrane,, John, 10, Coltrane,, Robbie, 4, Colunga,, Fernando, 4, Colvin,, Shawn, 3, Combs,, Holly, Marie, 4, Combs,, Jeffrey, 4, Combs,, Sean, 3, Como,, Perry, 3, Conaway,, Jeff, 1, Conger,, Darva, 2, Conley,, Earl, Thomas, 1, Connelly,, Chris, 4, Connelly,, Jennifer, 7, Connery,, Jason, 3, Connery,, Sean, 13, Connick,, Harry,, Jr., 6, Connolly,, Billy, 1, Connors,, Chuck, 2, Connors,, Stompin', Tom, 2, Conrad,, Chris, 1, Conrad,, Robert, 3, Conti,, Tom, 2, Conway,, Russ, 4, Conway,, Tim, 3, Coogan,, Steve, 0, Cook,, A.J., 2, Cook,, Jesse, 1, Cook,, Kyle, 1, Cook,, Rachael, Leigh, 9, Cooke,, Sam, 5, Cooley,, Ryan, 3, Coolio, 2, Coombs,, Ernie, 2, Cooper,, Alice, 20, Cooper,, Bradley, 1, Cooper,, Chris, 6, Cooper,, Dominic, 1, Cooper,, Gary, 8, Cooper,, Kimberley, 1, Cooper,, Ray, 3, Cope,, Julian, 6, Copon,, Michael, 1, Copperfiel­d,, David, 3, Coppola,, Francis, Ford, 11, Coppola,, Sofia, 4, Corbet,, Brady, 1, Corbett,, John, 1, Corbin,, Barry, 1, Corbin,, Virginia, Lee, 2, Corday,, Mara, 3, Corea,, Chick, 3, Cormack,, Danielle, 2, Cornelison,, Michael, 1, Cornell,, Chris, 6, Cornwell,, Phil, 1, Corrs,, The, 29, Cort,, Bud, 1, Corwin,, Jeff, 3, Coryell,, Julian, 2, Cosby,, Bill, 6, Coscarelli­,, Don, 1, Cosell,, Howard, 7, Costa,, Nikka, 2, Costanzo,, Paulo, 1, Costas,, Bob, 4, Costello,, Elvis, 10, Costner,, Kevin, 8, Cotillard,, Marion, 1, Cotten,, Joseph, 2, Cotton,, Josie, 3, Couch,, Danny, 1, Cougar,, John, 4, Coughlan,, Marisa, 2, Coulier,, Dave, 1, Coulouris,, Keith, 1, Coulson,, Christian, 2, Counterfit,, Johnny, 1, Couric,, Katie, 1, Court,, Susan, 0, Courtemanc­he,, Michel, 1, Cousins,, Tina, 5, Coverdale,, David, 2, Cowell,, Simon, 3, Cowsills,, The, 2, Cox,, Alex, 1, Cox,, Brian, 2, Cox,, Christina, 1, Cox,, Courteney, 10, Cox,, Deborah, 4, Cox,, Joshua, 4, Cox,, Nikki, 3, Cox,, Ronny, 2, Cox,, Wally, 1, Coxon,, Graham, 3, Coyle,, Brendan, 2, Coyle,, Richard, 1, Coyote,, Peter, 6, Craig,, Caroline, 2, Craig,, Daniel, 2, Craig,, Yvonne, 4, Crain,, Jeanne, 1, Cramer,, Floyd, 2, Crane,, Bob, 2, Cranston,, Bryan, 2, Craven,, Gemma, 0, Craven,, Matt, 4, Craven,, Wes, 7, Crawford,, Billy, 0, Crawford,, Broderick, 5, Crawford,, Cindy, 3, Crawford,, Joan, 4, Crawford,, Michael, 3, Cray,, Robert, 0, Crenshaw,, Marshall, 2, Crespo,, Elvis, 0, Crewson,, Wendy, 2, Criss,, Peter, 0, Critchlow,, Roark, 2, Crivello,, Anthony, 3, Crnogorac,, Joelene, 2, Croce,, Jim, 1, Crombie,, Jonathan, 4, Cromwell,, James, 4, Cronenberg,, David, 3, Crosbie,, Annette, 1, Crosby,, Bing, 6, Crosby,, David, 0, Crosby,, Denise, 3, Crosby,, Emma, 0, Cross,, Christopher, 2, Cross,, David, -, Comedian, 0, Cross,, David, -, Violinist, 1, Cross,, Joseph, 1, Crosse,, Clay, 4, Crothers,, Joel, 2, Crouch,, Andraé, 1, Crow,, Sheryl, 18, Crowe,, Russell, 18, Crowell,, Rodney, 2, Crudup,, Billy, 4, Cruise,, Tom, 26, Crumar,, Phil, 1, Crumb,, Robert, 2, Cruz,, Alexis, 0, Cruz,, Celia, 1, Cruz,, Penélope, 4, Cruz,, Raymond, 1, Cruz,, Tracy, Lynn, 3, Crystal,, Billy, 3, Csokas,, Marton, 3, Cuccione,, Michael, 7, Cucinotta,, Maria, Grazia, 2, Cuddy,, Jim, 1, Culea,, Melinda, 2, Culkin,, Christopher, 2, Culkin,, Kieran, 5, Culkin,, Macaulay, 13, Culkin,, Rory, 2, Cullen,, Brett, 4, Cumming,, Alan, 7, Cummings,, Burton, 5, Cummings,, Jim, 5, Cummins,, Martin, 1, Cunningham­,, Colin, 1, Cunningham,, Liam, 2, Cuoco,, Kaley, 1, Curfman,, Shannon, 2, Curran,, Tony, 1, Curry,, Alana, 2, Curry,, Tim, 3, Curtin,, Jane, 2, Curtis,, Cliff, 1, Curtis,, Jamie, Lee, 9, Curtis,, Robin, 3, Curtis,, Thomas, 1, Curtis,, Tony, 3, Cusack,, Ann, 2, Cusack,, Joan, 4, Cusack,, John, 8, Cusack,, Sinéad, 1, Cushing,, Peter, 3, Cusick,, Henry, Ian, 2, Cuthbert,, Elisha, 3, Cyrus,, Billy, Ray, 0, Cyrus,, Miley, 3, Related, categories, 2, Arts, Performing, Arts, Acting, Actors, and, Actresses, C, 705, Reference, Biography, C, 0, Other, languages, 3, Français, 1, Italiano, 0, Nederlands, 1, Last, update:, January, 7,, 2017, at, 17:11:07, UTC, Arts, Business, Computers, Games, Health, Home, News, Recreation, Reference, Regional, Science, Shopping, Society, Sports, All, Languages, "Arts, People", search on:, AOL, -, Ask, -, Bing, -, DuckDuckGo, -, Gigablast, -, Google, -, ixquick, -, Yahoo, -, Yandex, -, Yippy, Copyright, ©, 1998-2017, AOL, Inc., Terms, of, Use, Built, by, CMBuild]
