[DMOZ, About, Become, an, Editor, Suggest, a, Site, Help, Login, Share, via, Facebook, Share, via, Twitter, Share, via, LinkedIn, Share, via, e-Mail, Visit, DMOZ, on, Facebook, Visit, DMOZ, on, Twitter, the, entire, directory,  , Arts,  ,  , People,  ,  ,  , G, Help, with, Search, Arts, People, G, 133, This, category, is, for, celebrities, from, the, various, arts, genres, whose, last, name, begins, with, the, letter, G., Celebrities, are, defined, as, famous, people, having, at, least, one, fan, site., A, B, C, D, E, F, GH, I, J, K, L, M, N, O, P, Q, R, S, T, U, V, W, X, Y, Z, Subcategories, 176, G,, Ali, 19, Gable,, Clark, 5, Gabor,, Eva, 2, Gabor,, Zsa, Zsa, 3, Gabriel,, Peter, 9, Gainsbourg,, Charlotte, 4, Galecki,, Johnny, 1, Galifianak­is,, Zach, 1, Gallagher,, David, 4, Gallagher,, Megan, 1, Gallagher,, Peter, 2, Gallo,, Vincent, 5, Galvin,, Anna, 2, Gamble,, Mason, 2, Gambon,, Michael, 2, Gandolfini,, James, 2, Gannascoli­,, Joseph, 1, Garai,, Romola, 1, Garbo,, Greta, 4, Garcés,, Paula, 2, Garcia,, Adam, 1, García,, Andrés, 2, Garcia,, Andy, 1, Garcia,, Jerry, 7, Garcia,, Jorge, 3, García,, Odalys, 2, Garcia,, Patrick, 2, Gardner,, Ava, 3, Garfield,, John, 1, Garland,, Judy, 12, Garlin,, Jeff, 1, Garner,, James, 4, Garner,, Jennifer, 1, Garner,, Peggy, Ann, 4, Garofalo,, Janeane, 5, Garr,, Teri, 3, Garrett,, Leif, 3, Garrick,, Richard, 7, Garson,, Greer, 3, Garth,, Jennie, 1, Garver,, Kathy, 2, Gasteyer,, Ana, 1, Gauthier,, Dan, 2, Gautier,, Dick, 1, Gavin,, John, 2, Gayheart,, Rebecca, 2, Geary,, Anthony, 3, Geddis,, Jeff, 1, Gedrick,, Jason, 2, Gellar,, Sarah, Michelle, 12, Gentile,, Denise, 1, Geoffreys,, Stephen, 2, George,, Melissa, 3, Gere,, Richard, 4, Gering,, Galen, 1, Gershon,, Gina, 5, Gertz,, Jami, 2, Gervais,, Ricky, 4, Geter,, Gene, 1, Getty,, Estelle, 2, Ghauri,, Yasmeen, 0, Ghoulardi, 0, Giamatti,, Paul, 4, Giannini,, Giancarlo, 2, Gibb,, Cynthia, 2, Gibson,, Debbie, 7, Gibson,, Helen, 1, Gibson,, Mel, 10, Gibson,, Thomas, 2, Gielgud,, John, 2, Gifford,, Kathie, Lee, 4, Gilbert,, Melissa, 2, Gilbert,, Sara, 3, Gilder,, Sean, 1, Gillen,, Aidan, 1, Gilliam,, Terry, 10, Gillin,, Jed, 2, Gilpin,, Peri, 1, Giovanni,, Aria, 2, Gish,, Annabeth, 3, Givens,, Robin, 1, Glass,, Leslie, 1, Glazer,, Eugene, Robert, 1, Gleason,, Jackie, 4, Gleason,, Joanna, 4, Glenister,, Philip, 3, Glenn,, Scott, 5, Glover,, Crispin, 2, Glover,, Danny, 4, Goddard,, Daniel, 1, Goddard,, Paulette, 0, Goddard,, Stuart, 9, Going,, Joanna, 2, Goldberg,, Whoopi, 4, Goldblum,, Jeff, 4, Goldthwait­,, Bobcat, 1, Goldwyn,, Tony, 1, Golino,, Valeria, 1, Gooding,, Cuba,, Jr., 2, Goodman,, John, 1, Goodrem,, Delta, 3, Goodwin,, Doris, Kearns, 2, Goose,, Claire, 1, Goranson,, Lecy, 4, Gorder,, Genevieve, 2, Gordon,, Gale, 1, Gordon,, Ruth, 2, Gordon-Levitt,, Joseph, 2, Gorham,, Christopher, 0, Gorshin,, Frank, 3, Gosling,, Ryan, 2, Gosselaar,, Mark-Paul, 1, Gossett,, Louis,, Jr., 1, Goto,, Hiromi, 1, Gottlieb,, Theodore, 4, Gould,, Elliott, 3, Govinda, 0, Grable,, Betty, 1, Grace,, Topher, 0, Gracen,, Elizabeth, 3, Graham,, Heather, 12, Graham,, Lauren, 4, Graham,, Marcus, 1, Grammer,, Kelsey, 1, Grande,, Ariana, 3, Grant,, Amy, 6, Grant,, Cary, 8, Grant,, David, Marshall, 1, Grant,, Faye, 1, Grant,, Hugh, 1, Grant,, Richard, E., 3, Graves,, Rupert, 3, Gray,, Erin, 1, Grayson,, Kathryn, 1, Green,, Brian, Austin, 0, Green,, Brian, Lane, 0, Green,, Robson, 3, Green,, Seth, 3, Green,, Tom, 7, Greene,, Graham, 0, Greer,, Kevin, Scott, 1, Gregg,, Bradley, 3, Gregory,, James, 1, Greig,, Tamsin, 7, Grenier,, Adrian, 2, Grey,, Jennifer, 1, Grieco,, Richard, 1, Grier,, David, Alan, 3, Grier,, Pam, 3, Griffin,, Angela, 2, Griffin,, Kathy, 2, Griffith,, Andy, 3, Griffith,, D., W., 4, Griffith,, Melanie, 1, Griffiths,, Rachel, 6, Griffiths,, Richard, 3, Grimes,, Tammy, 5, Grint,, Rupert, 1, Grodénchik,, Max, 2, Gross,, Paul, 3, Gruber,, Michael, 0, Gruffudd,, Ioan, 2, Gruner,, Olivier, 2, Gudmundsdottir,, Björk, 15, Guest,, Christophe­r, 1, Guest,, Lance, 1, Gugino,, Carla, 5, Guillory,, Sienna, 1, Guinness,, Alec, 5, Gunn,, David, 1, Gunn,, Janet, 2, Gupta,, Yana, 2, Guthrie,, Arlo, 3, Gwynne,, Fred, 1, Gwynne,, Haydn, 3, Gyllenhaal,, Jake, 3, Related, categories, 5, Arts, Animation, Voice, Actors, G, 18, Arts, Music, Bands, and, Artists, G, 800, Arts, Performing, Arts, Acting, Actors, and, Actresses, G, 307, Business, Arts, and, Entertainment, Models, Individual, G, 4, Reference, Biography, G, 0, Other, languages, 3, Français, 0, Italiano, 0, Nederlands, 0, Last, update:, January, 7,, 2017, at, 17:07:15, UTC, Arts, Business, Computers, Games, Health, Home, News, Recreation, Reference, Regional, Science, Shopping, Society, Sports, All, Languages, "Arts, People", search on:, AOL, -, Ask, -, Bing, -, DuckDuckGo, -, Gigablast, -, Google, -, ixquick, -, Yahoo, -, Yandex, -, Yippy, Copyright, ©, 1998-2017, AOL, Inc., Terms, of, Use, Built, by, CMBuild]
