[DMOZ, About, Become, an, Editor, Suggest, a, Site, Help, Login, Share, via, Facebook, Share, via, Twitter, Share, via, LinkedIn, Share, via, e-Mail, Visit, DMOZ, on, Facebook, Visit, DMOZ, on, Twitter, the, entire, directory,  , Arts,  ,  , Performing, Arts,  ,  ,  , Acting,  ,  ,  ,  , Actors, and, Actresses,  ,  ,  ,  ,  , B, Help, with, Search, Arts, Performing, Arts, Acting, Actors, and, Actresses, B, 987, This, category, is, for, sites, of, actors, and, actresses, whose, last, name, begins, with, the, letter, B., A, BC, D, E, F, G, H, I, J, K, L, M, N, O, P, Q, R, S, T, U, V, W, X, Y, Z, Subcategories, 321, Bacall,, Lauren, 6, Baccarin,, Morena, 2, Bach,, Barbara, 3, Bach,, Catherine, 6, Bachchan,, Abhishek, 3, Bachchan,, Amitabh, 13, Bacic,, Steve, 3, Bacon,, Kevin, 3, Bader,, Diedrich, 2, Baer,, Max,, Jr., 2, Bagby,, Larry, 3, Bailey,, Sherwood, 1, Baio,, Scott, 2, Bairstow,, Scott, 2, Baker,, Diane, 3, Baker,, Josephine, 3, Baker,, Kenny, 2, Baker,, Tom, 7, Bakula,, Scott, 4, Balan,, Vidya, 1, Baldwin,, Adam, 6, Baldwin,, Alec, 6, Baldwin,, Daniel, 2, Baldwin,, Judith, 2, Baldwin,, Stephen, 3, Baldwin,, William, 3, Bale,, Christian, 46, Balk,, Fairuza, 4, Ball,, Lucille, 6, Ball,, Taylor, 1, Ballerini,, Edoardo, 3, Balsam,, Martin, 3, Bamber,, Jamie, 2, Bana,, Eric, 4, Bancroft,, Anne, 5, Banderas,, Antonio, 6, Bannen,, Ian, 2, Barbeau,, Adrienne, 3, Barber,, Glynis, 4, Barbour,, James, 6, Barbuscia,, Lisa, 2, Bardem,, Javier, 3, Bardot,, Brigitte, 4, Barker,, Ronnie, 15, Barkin,, Ellen, 7, Barr,, Julia, 2, Barr,, Roseanne, 2, Barrett,, Jacinda, 1, Barrett,, Sara, 1, Barrie,, Amanda, 1, Barrie,, Chris, 3, Barry,, Gene, 2, Barrymore,, Drew, 10, Barrymore,, Lionel, 3, Barthelmes­s,, Richard, 3, Bartholome­w,, Freddie, 3, Bartholomew,, Summer, 2, Barton,, Mischa, 4, Bartusiak,, Skye, McCole, 4, Barty,, Billy, 3, Basehart,, Richard, 4, Bashioum,, Ashley, 0, Basinger,, Kim, 5, Bass,, Ben, 1, Bassett,, Angela, 5, Bastian,, Noah, 4, Bateman,, Jason, 2, Bateman,, Justine, 2, Bates,, Alan, 2, Bates,, Kathy, 3, Batinkoff,, Randall, 3, Bauchau,, Patrick, 3, Bauer,, Steven, 3, Bavier,, Frances, 3, Baxendale,, Helen, 3, Baxter,, Anne, 5, Baxter,, Lynsey, 3, Baxter,, Warner, 3, Bayne,, Jordan, 2, Beach,, Adam, 2, Beacham,, Stephanie, 2, Beals,, Jennifer, 1, Bean,, Sean, 7, Béart,, Emmanuelle, 3, Beatty,, Ned, 3, Beatty,, Warren, 2, Beauvais,, Garcelle, 3, Becker,, Tony, 2, Beckinsale­,, Kate, 3, Beckinsale­,, Richard, 2, Bedard,, Irene, 1, Bedi,, Kabir, 2, Beery,, Wallace, 1, Beesley,, Max, 3, Beghe,, Jason, 4, Behr,, Jason, 5, Belafonte,, Harry, 3, Bell,, Catherine, 4, Bell,, Jamie, 4, Bell,, Kristen, 5, Bell,, Lucy, 2, Belle,, Camilla, 3, Bello,, Maria, 3, Belmondo,, Jean-Paul, 2, Beltran,, Robert, 4, Belushi,, James, 6, Belushi,, John, 3, Belzer,, Richard, 0, Benaderet,, Bea, 5, Benard,, Maurice, 2, Bendewald,, Andrea, 2, Bendre,, Sonali, 5, Benedeti,, Paulo, 2, Benedict,, Dirk, 6, Benigni,, Roberto, 2, Bening,, Annette, 4, Benn,, Krystal, 2, Bennett,, Joan, 3, Bennett,, Jonathan, 1, Bennett,, Nigel, 2, Bennett,, Zachary, 5, Benny,, Jack, 11, Benson,, Amber, 3, Bentley,, Wes, 4, Ben-Victor,, Paul, 3, Benz,, Julie, 2, Benzali,, Daniel, 2, Berenger,, Tom, 2, Berfield,, Justin, 2, Berg,, Gertrude, 5, Bergen,, Candice, 3, Bergen,, Polly, 3, Bergl,, Emily, 2, Bergman,, Ingrid, 5, Berkley,, Elizabeth, 3, Bernal,, Gael, Garcia, 2, Bernard,, Crystal, 6, Bernhard,, Sandra, 2, Bernhardt,, Daniel, 2, Berry,, Glen, 2, Berry,, Halle, 10, Berry,, Ken, 2, Bertinelli­,, Valerie, 3, Besch,, Bibi, 1, Bettany,, Paul, 5, Beymer,, Richard, 2, Bhatt,, Pooja, 1, Bialik,, Mayim, 2, Biao,, Yuen, 0, Bibb,, Leslie, 2, Biehn,, Michael, 6, Biel,, Jessica, 4, Bielec,, Frank, 1, Biggs,, Casey, 2, Biggs,, Jason, 3, Biggs,, Richard, 2, Billingsle­y,, John, 4, Billington­,, Stephen, 2, Bilson,, Rachel, 2, Bingham,, Traci, 2, Binoche,, Juliette, 3, Birch,, Thora, 3, Birkin,, Jane, 4, Bishop,, Meredith, 1, Bisset,, Jacqueline, 3, Bissett,, Josie, 3, Bixby,, Bill, 1, Bjorlin,, Nadia, 3, Black,, Claudia, 1, Black,, Jack, 3, Black,, Karen, 1, Black,, Lucas, 2, Blackeheart,, Stephen, 0, Blackwood,, Richard, 1, Blair,, Linda, 0, Blair,, Selma, 5, Blake,, Robert, 3, Blakely,, Rachel, 4, Blalock,, Jolene, 5, Blanc,, Jennifer, 2, Blanchard,, Rachel, 3, Blanchett,, Cate, 6, Blanks,, Billy, 2, Blasi,, Rosa, 2, Bledel,, Alexis, 2, Bleeth,, Yasmine, 6, Blethyn,, Brenda, 6, Bloom,, Orlando, 26, Blucas,, Marc, 3, Bochner,, Hart, 2, Bogarde,, Dirk, 4, Bogart,, Humphrey, 18, Bogosian,, Eric, 2, Bohmer,, Ron, 3, Bohrer,, Corinne, 1, Bon, Jovi,, Jon, 4, Bonham, Carter,, Helena, 6, Bonneville­,, Hugh, 3, Bono,, Sonny, 3, Bonsall,, Brian, 2, Boone,, Pat, 5, Boorem,, Mika, 2, Booth,, Connie, 2, Booth,, Shirley, 2, Boreanaz,, David, 5, Borge,, Victor, 6, Borgnine,, Ernest, 3, Boston,, Rachel, 3, Bosworth,, Kate, 2, Botsford,, Sara, 2, Bourne,, JR, 3, Bove,, Linda, 6, Bow,, Clara, 4, Bowen,, Julie, 2, Boxleitner­,, Bruce, 5, Boyd,, Billy, 9, Boyd,, Patti, 2, Boyd,, Tanya, 1, Boyd,, William, 3, Boyer,, Charles, 3, Boyle,, Lara, Flynn, 1, Boyle,, Lisa, 1, Bracco,, Lorraine, 1, Bradford,, Jesse, 1, Bradley,, John, 1, Brady,, Wayne, 1, Braff,, Zach, 1, Brambell,, Wilfrid, 4, Branagh,, Kenneth, 5, Brandis,, Jonathan, 7, Brando,, Marlon, 6, Brandon,, Henry, 1, Brandy, 8, Brannon,, Chad, 1, Bratt,, Benjamin, 2, Braugher,, Andre, 3, Braun,, Suanne, 1, Bremmer,, Richard, 1, Brendon,, Nicholas, 6, Brenneman,, Amy, 3, Brenner,, Lisa, 1, Brent,, Dannielle, 2, Breslin,, Abigail, 2, Breuer,, Jim, 1, Brewster,, Jordana, 3, Brewster,, Paget, 1, Bridges,, Jeff, 4, Bridges,, Lloyd, 2, Briers,, Richard, 4, Brimley,, Wilford, 1, Brinkley,, Christie, 2, Briscoe,, Brent, 2, Brisebois,, Danielle, 2, Broadbent,, Jim, 4, Brochtrup,, Bill, 3, Broderick,, Beth, 1, Broderick,, James, 1, Broderick,, Matthew, 4, Brody,, Adam, 2, Brody,, Adrien, 2, Brolin,, James, 2, Brolin,, Josh, 2, Bronson,, Betty, 2, Bronson,, Charles, 1, Brook,, Kelly, 2, Brooks,, Albert, 1, Brooks,, Avery, 2, Brooks,, David, Allen, 2, Brooks,, Louise, 8, Brooks,, Mel, 2, Brosnan,, Pierce, 9, Browder,, Ben, 3, Brown,, Bryan, 1, Brown,, Clancy, 2, Brown,, Julie, 1, Brown,, Kimberly, J., 6, Brown,, Peter, 2, Brown,, Phil, 2, Brown,, Robert, 1, Brown,, Sarah, 2, Browne,, Zachary, 1, Bruening,, Justin, 1, Bryan,, Zachery, Ty, 2, Bryggman,, Larry, 1, Brynner,, Yul, 3, Buchanan,, Jensen, 1, Buckley,, Betty, 3, Budig,, Rebecca, 1, Bujold,, Geneviève, 2, Bullock,, Sandra, 11, Bunker,, Eddie, 0, Bunyan,, Jay, 2, Burgi,, Richard, 2, Burke,, Brooke, 3, Burke,, Delta, 5, Burke,, Kathy, 2, Burkett,, Bartine, 3, Burnett,, Carol, 5, Burns,, Brooke, 1, Burns,, Edward, 2, Burns,, George, 1, Burns,, Steve, 10, Burress,, Hedy, 1, Burrows,, Saffron, 3, Burstyn,, Ellen, 3, Burton,, Amanda, 2, Burton,, LeVar, 2, Burton,, Richard, 3, Burton,, Steve, 1, Burton,, Tim, 4, Buscemi,, Steve, 12, Busey,, Gary, 3, Butala,, Jennifer, Mary, 5, Butler,, Dan, 1, Butler,, Gerard, 62, Butler,, Yancy, 6, Buxton,, Sarah, 1, Bynes,, Amanda, 3, Byrne,, Gabriel, 2, Byrne,, Rose, 2, Byrnes,, Jim, 1, Related, categories, 4, Arts, Movies, 24,562, Arts, People, B, 293, Arts, Performing, Arts, Theatre, 3,658, Arts, Television, 7,322, Sites, 43, Baas,, Jon, Official, website, offers, daily, weblog,, filmography,, biography,, news,, image, gallery, and, personal, artwork, for, this, U.S., based, actor., Baggio,, Jon, Los, Angeles, based, SAG, actor., Provides, a, resume,, contact, details,, photographs,, video, clips, and, a, biography., Bailit,, Rachel, Official, website, includes, experience,, news,, photos,, clips, and, contact, details, for, this, Los, Angeles, based, actress., Bakalor,, Mark, Actor, located, in, California., Profile,, journal,, and, photographs., Baker,, Joe, Don, U.S., based, actor., Offers, biography,, film, and, television, credits, and, almanac., Ballantyne,, Morgan, Darcy, U.S., based, actress., Provides, resume,, photo, and, recent, activity, information., Barber,, Nicola, Official, site, for, the, actress,, singer,, and, voice-over, artist, based, in, New, York, City., Barker,, Lex, Bi-lingual, English-Deutsch, site, offers, biography,, filmography,, reviews,, gallery,, dubbing, actors, profiles,, rare, sound, bites, and, desktop, wallpapers., Large, size, font, option, available., Barnes,, Chris, Provides, narrative, on, the, career,, filmography,, video, clips, and, epilogue, for, this, former, actor., Barnes,, Roger, Toronto, based, actor., Includes, resume,, photos,, media, clips, and, contact, details., Bass,, Brodie, UK, based, film,, television, and, theatre, actor., Includes, photographs,, contact, details, and, a, curriculum, vitae., Bauer,, Emily, New, York, City, based, actress., Includes, resume,, biography,, photos, and, contact, details., Baxter,, Jesse, Official, site, provides, E-newsletter,, resume, in, pdf, format,, photo, gallery, and, head, shots., Baykan,, Dean, Official, multi-lingual, site, offers, filmography,, biography,, photos, and, contact, information., Bell, Bundy,, Laura, US, based, actress., Includes, credits,, biography,, photos, and, contact, details., Benningfield,, Dana, Offers, biography,, reviews,, photo, gallery,, recent, project, details, and, contact, information., Benson,, Laura, UK, based, Equity, member., Includes, a, resume, with, details, of, experience,, skills, and, photographs, from, recent, productions., Bergeron,, Adam, Offers, contact, information,, resume,, photos, and, demo, clips., Bernard,, Andree, Official, site, provides, news,, career, details,, gallery,, media, files, and, contact, information., Billings,, Morgan, Features, resume,, gallery, and, sound, files., Binns,, Andrew, Biography,, filmography,, pictures,, sounds,, video, clips,, and, articles., Birdsong,, Monica, US, based, actress., Contains, a, biography,, photographs,, C.V., and, contact, facilities., Bischoff,, Richard, Offers, resume,, video, clips, and, contact, information., Black,, Bobby, Lee, Offers, resume, in, pdf, format,, head, shots,, clip, reel,, project, stills, and, contact, information., Blair,, Toni, US, based, SAG, member., Provides, a, resume,, e-mail, address,, pictures, and, news, on, current, projects., Bleibtreu,, Moritz, German, actor,, with, photographs,, video, clips,, interviews,, and, discussion., Blevins,, Michael, New, York, based, actor/dancer., Includes, resume,, biography,, photos, and, contact, details., Bodine,, Greg, Oliver, Official, site, provides, resume,, biography,, press, details,, news,, photos, and, contact, information., Bonsall,, Richard, Official, site, provides, biography,, video, clips,, resume,, image, gallery, and, contact, information., Booth,, James, Fan, site, includes, biography,, interviews,, photos,, reviews, and, handwriting, sample., Boudreau,, Michelle, Offers, biography,, on-air, hostess, experience,, television, and, film, credits, and, contact, information., Require, Flash., Bowles,, David, UK, based, actor., Includes, profile,, TV/Film/Stage, credits, and, contact, details., Boyajian,, Susan, Includes, headshots,, audio, samples,, video, clips,, resume, and, representation, information., Bradley,, Doug, Features, news,, downloads,, filmography,, interactive, forum,, merchandise,, image, gallery, and, contact, information., Brandhagen,, Clinton, Offers, resume,, photo, gallery,, reviews,, training, details,, voice, over, demos, and, contact, information., Breiner-Sanders,, Melisa, Includes, resume,, photos,, productions, stills, and, contact, details., Brewer,, Cate, Includes, resume,, photos, and, reviews., Bright,, R., Emery, Official, site, provides, biography,, photos, and, contact, information., Briley-Strand,, Gwendolyn, US, based, actress., Includes, resume,, biography,, photos, and, contact, details., Britton,, Dwayne, Personal, web, site, includes, photos,, music,, news,, journal, entries,, live, performance, downloads, and, contact, information., Brown,, Mike, Official, site, for, the, Salt, Lake, City,, Utah, actor-director., Burlinson,, Tom, Provides, filmography,, photos,, song, samples, and, reviews., Requires, Flash., Bustamante,, Jamie, Offers, image, galleries., Other, languages, 4, Deutsch, 57, Español, 103, Français, 40, Italiano, 33, Last, update:, February, 1,, 2017, at, 6:54:05, UTC, Arts, Business, Computers, Games, Health, Home, News, Recreation, Reference, Regional, Science, Shopping, Society, Sports, All, Languages, "Arts, ..., Actors, and, Actresses", search on:, AOL, -, Ask, -, Bing, -, DuckDuckGo, -, Gigablast, -, Google, -, ixquick, -, Yahoo, -, Yandex, -, Yippy, Copyright, ©, 1998-2017, AOL, Inc., Terms, of, Use, Built, by, CMBuild]
