[DMOZ, About, Become, an, Editor, Suggest, a, Site, Help, Login, Share, via, Facebook, Share, via, Twitter, Share, via, LinkedIn, Share, via, e-Mail, Visit, DMOZ, on, Facebook, Visit, DMOZ, on, Twitter, the, entire, directory,  , Arts,  ,  , People,  ,  ,  , A, Help, with, Search, Arts, People, A, 229, This, category, is, for, celebrities, from, the, various, arts, genres, whose, last, name, begins, with, the, letter, A., Celebrities, are, defined, as, famous, people, having, at, least, one, fan, site., AB, C, D, E, F, G, H, I, J, K, L, M, N, O, P, Q, R, S, T, U, V, W, X, Y, Z, Subcategories, 277, Aaliyah, 29, Aaron,, Lee, 4, Abbott, and, Costello, 10, Abbott,, Christie, 2, Abbott,, Gregory, 3, Abdul,, Paula, 7, Abercrombie,, John, 2, Abraham,, F., Murray, 2, Abrams,, J.J., 1, Abunda,, Boy, 0, Acker,, Amy, 2, Acker,, Sharon, 1, Ackerman,, William, 1, Ackland,, Joss, 5, Ackland,, Oliver, 1, Ackles,, Jensen, 3, Ackroyd,, Gayle, 2, Acovone,, Jay, 3, Acuff,, Roy, 4, Adams,, Amy, 1, Adams,, Brandon, Quintin, 1, Adams,, Brooke, 1, Adams,, Bryan, 9, Adams,, Don, 2, Adams,, Joey, Lauren, 1, Adams,, Marc, Grady, 1, Adams,, Mary, Kay, 1, Adams,, Maud, 1, Adams,, Oleta, 2, Adams,, Phil, 1, Adams,, Ryan, 4, Adams,, Stanley, 1, Adams,, Steve, 1, Adams,, Victoria, 0, Adams,, Yolanda, 4, Adamson,, Barry, 1, Adderley,, Julian, Cannonball, 2, Adderley,, Nat, 2, Addis,, Gailyn, 0, Ade,, King, Sunny, 6, Adjani,, Isabelle, 2, Adkins,, Seth, 2, Adkins,, Trace, 3, Affleck,, Ben, 14, Affleck,, Casey, 4, Agarwal,, Anu, 1, Aglukark,, Susan, 3, Aguilera,, Christina, 26, Agutter,, Jenny, 3, Aiello,, Danny, 2, Aiken,, Clay, 5, Aiken,, Liam, 1, Akhmatova,, Anna, 4, Akin,, David, 1, Akins,, Rhett, 0, Akkerman,, Jan, 1, Alagao,, Nina, Ricci, 1, Alaimo,, Marc, 2, Alba,, Jessica, 8, Albarn,, Damon, 2, Albini,, Steve, 3, Alcosser,, Sandra, 1, Alcott,, Louisa, M., 22, Alda,, Alan, 3, Aldred,, Sophie, 2, Alexander,, Jason, 1, Alexander,, Jim, 0, Alexander,, Khandi, 2, Alexander,, Sarah, 3, Alexander,, Sasha, 1, Alexandrou,, James, 1, Alexie,, Sherman, 25, Alexi-Malle,, Adam, 1, Alfieri,, Victor, 1, Alfonso,, Kristian, 1, Ali,, Lucky, 1, Ali,, Tatyana, 4, Al-Jazairia,, Warda, 2, Allan,, Gary, 2, Allen,, Beth, 1, Allen,, Chad, 2, Allen,, Elizabeth, Anne, 1, Allen,, Harley, 2, Allen,, Joan, 3, Allen,, Keith, 2, Allen,, Krista, 1, Allen,, Laura, 1, Allen,, Nancy, 1, Allen,, Rosalind, 2, Allen,, Steve, 2, Allen,, Ted, 2, Allen,, Terry, 2, Allen,, Tim, 7, Allen,, Woody, 18, Alley,, Kirstie, 9, Allin,, GG, 4, Allison,, Mose, 2, Allred,, Corbin, 1, Allyson,, June, 2, Almodovar,, Pedro, 2, Almond,, Marc, 5, Alonso,, Maria, Conchita, 2, Alpert,, Herb, 3, Alsou, 9, Alt,, Carol, 2, Alton,, John, 4, Alvarado,, Trini, 0, Ama,, Shola, 1, Amazing, Kreskin,, The, 5, Amber, 1, Ambrose,, Lauren, 1, Ambrose,, Stephen, 1, Ameera,, Annamarie, 0, Ames, Brothers,, The, 2, Ames,, Leon, 1, Amey,, Colin, 0, Amichai,, Yehuda, 1, Amick,, Mädchen, 2, Amis,, Kingsley, 3, Amis,, Martin, 5, Ammons,, A., R., 2, Amorosi,, Vanessa, 5, Amos,, Tori, 42, Amuro,, Namie, 1, Amurri,, Eva, 1, Ana-Alicia, 2, Anastacia, 6, Anastasio,, Trey, 2, Anders,, Andrea, 1, Anders,, David, 2, Andersen,, Hans, Christian, 21, Anderson,, Bill, 3, Anderson,, Carleen, 3, Anderson,, Catherine, 1, Anderson,, Gillian, 15, Anderson,, Jo, 1, Anderson,, John, 2, Anderson,, Jon, 2, Anderson,, Judith, 2, Anderson,, Kevin, 1, Anderson,, Laurie, 9, Anderson,, Layke, 0, Anderson,, Loni, 3, Anderson,, Lynn, 2, Anderson,, Marian, 2, Anderson,, Melissa, Sue, 2, Anderson,, Pamela, 8, Anderson,, Paul, Thomas, 1, Anderson,, Poul, 3, Anderson,, Richard, Dean, 3, Anderson,, Wil, 2, Andrada,, Marliece, 1, André,, Maurice, 2, Andreone,, Leah, 2, Andress,, Ursula, 1, Andrews, Sisters,, The, 4, Andrews,, Anthony, 1, Andrews,, Dana, 1, Andrews,, Jessica, 2, Andrews,, Julie, 9, Andrews,, Naveen, 2, Andrews,, Réal, 0, Angarano,, Michael, 2, Angel,, Ralph, 1, Angel,, Vanessa, 1, Angeli,, Pier, 1, Angelle,, Lisa, 2, Angelou,, Maya, 28, Anglim,, Philip, 2, Anholt,, Christien, 1, Aniston,, Jennifer, 14, Anka,, Paul, 4, Annett,, Chloë, 1, Annis,, Francesca, 1, Ann-Margret, 5, Ant,, Adam, 9, Anthony,, Lysette, 5, Anthony,, Marc, 4, Anwar,, Gabrielle, 3, Apfelbaum,, Peter, 1, Apollinaire,, Guillaume, 0, Appice,, Carmine, 2, Apple,, Fiona, 15, Appleby,, Shiri, 3, Applegate,, Christina, 10, Araki,, Gregg, 1, Arbuckle,, Fatty, 2, Arcady,, Alexandre, 1, Arcand,, Nathaniel, 2, Archer,, Anne, 2, Archer,, Tasmin, 4, Archuleta,, David, 2, Arcieri,, Leila, 1, Ardant,, Fanny, 2, Arden,, Eve, 3, Arden,, Jann, 9, Arena,, Tina, 4, Argento,, Asia, 3, Argento,, Dario, 3, Arie,, India, 5, Arkin,, Alan, 2, Arliss,, George, 1, Armatrading,, Joan, 3, Armitage,, Alison, 1, Armstrong,, Dido, 13, Armstrong,, K., C., 0, Armstrong,, Lee, 1, Armstrong,, Louis, 10, Arness,, James, 2, Arnold,, Eddy, 2, Arnold,, Matthew, 5, Arnoul,, Françoise, 1, Arquette,, Alexis, 1, Arquette,, David, 6, Arquette,, Patricia, 2, Arquette,, Rosanna, 2, Arroyo,, Danny, 1, Arthur,, Beatrice, 2, Arthur,, Jean, 2, Arun,, Ila, 1, Ash,, Daniel, 3, Ashbery,, John, 8, Ashby,, Hal, 2, Ashby,, Linden, 2, Ashcroft,, Richard, 3, Ashford,, Matthew, 1, Ashley,, Elizabeth, 1, Ashmore,, Shawn, 7, Ashton,, Joseph, 1, Ashton,, Richard, 1, Ashton,, Susan, 2, Ashton,, Tony, 1, Ashworth,, Ernie, 2, Asner,, Edward, 4, Asner,, Jules, 1, Assante,, Armand, 2, Astaire,, Fred, 7, Astin,, John, 3, Astin,, Sean, 7, Astley,, Jon, 1, Astley,, Rick, 3, Astor,, Mary, 0, Atelier,, Deborah, Foreman, 1, Atkins,, Chet, 5, Atkins,, Eileen, 1, Atkinson,, Rowan, 10, Atlas,, Natacha, 2, Attenborough,, Richard, 6, Atterton,, Edward, 1, Atwell,, Winifred, 2, Auberjonoi­s,, Rene, 7, Auden,, W., H., 24, Audran,, Stéphane, 1, Audsley,, Nicholas, 1, Auermann,, Nadja, 0, Auf, Der, Maur,, Melissa, 5, Austen,, Jane, 39, Austin,, Julian, 0, Austin,, Sherrié, 3, Autry,, Gene, 6, Avalon,, Frankie, 4, Avery,, Tex, 1, Avina,, Frankie, 1, Avital,, Mili, 3, Avner,, Jon, 1, Aycox,, Nicki, 2, Ayers,, Kevin, 2, Ayers,, Sam, 1, Ayesa,, Miguel, 3, Aykroyd,, Dan, 5, Ayler,, Albert, 3, Aylesworth,, Reiko, 6, Ayres,, Lew, 2, Azar,, Steve, 2, Azaria,, Hank, 5, Azmi,, Shabana, 1, Aznar,, Pedro, 1, Related, categories, 6, Arts, Comics, Creators, A, 12, Arts, Literature, Authors, A, 403, Arts, Music, Bands, and, Artists, A, 916, Arts, Performing, Arts, Acting, Actors, and, Actresses, A, 252, Business, Arts, and, Entertainment, Models, Individual, A, 13, Reference, Biography, A, 0, Other, languages, 3, Français, 1, Italiano, 0, Nederlands, 0, Last, update:, February, 6,, 2017, at, 2:08:52, UTC, Arts, Business, Computers, Games, Health, Home, News, Recreation, Reference, Regional, Science, Shopping, Society, Sports, All, Languages, "Arts, People", search on:, AOL, -, Ask, -, Bing, -, DuckDuckGo, -, Gigablast, -, Google, -, ixquick, -, Yahoo, -, Yandex, -, Yippy, Copyright, ©, 1998-2017, AOL, Inc., Terms, of, Use, Built, by, CMBuild]
