[Help, Category:Living, people, From, Wikipedia,, the, free, encyclopedia, Jump, to:, navigation,, search, Contents:, Top, –, 0–9, A, B, C, D, E, F, G, H, I, J, K, L, M, N, O, P, Q, R, S, T, U, V, W, X, Y, Z, Wikimedia, Commons, has, media, related, to:, Living, people, Wikisource, has, original, writing, related, to, this, article:, Category:Living, people, Wikiquote, has, a, collection, of, quotations, related, to:, Category:Living, people, Subcategories, This, category, has, only, the, following, subcategory., B, ►, Biography, articles, of, living, people‎, (1,277, P), Pages, in, category, "Living, people", The, following, 200, pages, are, in, this, category,, out, of, 17,050, total., (previous, page), (next, page), 1, 14th, Dalai, Lama, 2, 2, Chainz, 5, 50, Cent, A, Willie, Aames, David, Aardsma, Caroline, Aaron, Hank, Aaron, Ahmed, El, Aash, Frank, Abagnale, José, Abal, S., B., S., Abayakoon, Mahmoud, Abbas, Sundus, Abbas, Peter, Abbay, Christian, Abbiati, Roberto, Abbondanzieri, Bruce, Abbott, Diane, Abbott, Greg, Abbott, Reg, Abbott, Tony, Abbott, Yassmin, Abdel-Magied, Belaid, Abdessalam, Barkhad, Abdi, Reema, Abdo, Kader, Abdolah, Abdul, Halim, of, Kedah, Abdul, Hamid, (politician), Mustafa, Abdul, Jalil, Paula, Abdul, Kareem, Abdul-Jabbar, Abdullah, II, of, Jordan, Abdullah, Abdullah, Majed, Abdullah, Shareef, Abdur-Rahim, Bunichiro, Abe, Kazuki, Abe, Kensaku, Abe, Nobuyuki, Abe, (footballer), Shinzō, Abe, Shohei, Abe, Shu, Abe, Teruo, Abe, Tetsuya, Abe, Toshiyuki, Abe, Yoshinori, Abe, Yoshiro, Abe, Yuki, Abe, Yuta, Abe, Yutaro, Abe, Jake, Abel, Carla, Abellana, Roberto, Abenia, Neil, Abercrombie, Billy, Abercromby, Henrik, Åberg, Betty, Aberlin, Abhishek, Bachchan, Éric, Abidal, Juan, Carlos, Ablanedo, Sheikh, Aboobacker, Ahmed, Alaaeldin, Abouelkassem, James, Abourezk, Ahmed, Aboutaleb, Andy, Abraham, Arthur, Abraham, F., Murray, Abraham, Gabriel, Abraham, Spencer, Abraham, Hovik, Abrahamyan, Gabe, Abrahams, Rüdiger, Abramczik, Jack, Abramoff, Roman, Abramovich, J., J., Abrams, Anderson, Luís, de, Abreu, Oliveira, Bobby, Abreu, Victoria, Abril, Alejandro, Abrines, Redondo, Abu, Bakr, al-Baghdadi, Eva, Abu, Halaweh, Mumia, Abu-Jamal, Alon, Abutbul, Candice, Accola, Achraf, Baznani, Peter, Ackroyd, Adolfo, Samuel, Acosta, Rodríguez, Alberto, Acosta, Alexander, Acosta, George, Acosta, Isabella, Acres, Gabor, Acs, Jason, Acuña, Osamu, Adachi, Daniel, Adair, Adam, Wylie, Valdas, Adamkus, Mike, Adamle, Amy, Adams, Brooke, Adams, Bryan, Adams, Derek, Adams, Gerry, Adams, James, B., Adams, Joey, Lauren, Adams, John, Adams, (composer), John, Adams, (ice, hockey), Robert, McCormick, Adams,, Jr., Julie, Adams, Martin, Adams, Michael, Adams, Oleta, Adams, Patch, Adams, Robert, Merrihew, Adams, Ryan, Adams, Stephanie, Adams, Tony, Adams, Donald, Adamson, Yilpi, Adamson, Antonio, Adán, Fartuun, Adan, Aubrey, Addams, Jeremy, Adduono, Ray, Adduono, Rick, Adduono, Mark, Addy, Emmanuel, Adebayor, Adele, Hassan, Ademov, János, Áder, Adhemar, Ferreira, de, Camargo, Neto, Chimamanda, Ngozi, Adichie, Isabelle, Adjani, Felix, Adjei, Sammy, Adjei, Seth, Adkins, Trace, Adkins, René, Adler, Rebecca, Adlington, Etel, Adnan, Tabassum, Adnan, Ado, James, Adomian, Mario, Adorf, Ferran, Adria, Freddy, Adu, Dick, Advocaat, Koichi, Ae, Ibrahim, Afellay, Isaias, Afewerki, Ben, Affleck, Casey, Affleck, Rabiu, Afolabi, Shahid, Afridi, Afroman, Aga, Khan, IV, Andre, Agassi, Didier, Agathe, Gabriel, Agbonlahor, Fleur, Agema, Laxmi, Aggarwal, Daniel, Agger, Julius, Aghahowa, Shmuel, Agmon, Andrea, Agnelli, Jim, Agnew, Esmeralda, Agoglia, Benjamin, Agosto, Dianna, Agron, Dries, van, Agt, Enrique, Agudo, Camacho, Sergio, Agüero, Claudecir, Aparecido, de, Aguiar, Vicente, Aguilar, Carmona, Carlos, Aguilera, Marín, Christina, Aguilera, Vanessa, Aguilera, Alejandro, Maldonado, Aguirre, Javier, Aguirre, Jenny, Agutter, Freema, Agyeman, Bertie, Ahern, Lassie, Lou, Ahern, Assia, Ahhatt, Christoph, Ahlhaus, Jon, Edward, Ahlquist, User:Ahmad, Zohadi, Mahmoud, Ahmadinejad, Emin, Ahmadov, Aneesa, Ahmed, Maudud, Ahmed, Ahn, Cheol-soo, Ahn, Jung-Hwan, Priscilla, Ahn, Viktor, Ahn, Jeannot, Ahoussou-Kouadio, Rene, Ahrens, Jerry, Ahrlin, Martti, Ahtisaari, Danny, Aiello(previous, page), (next, page), Retrieved, from, "https://simple.wikipedia.org/w/index.php?title=Category:Living_people&oldid=5273715", Category:, People, Navigation, menu, Personal, tools, Not, logged, in, Talk, Contributions, Create, account, Log, in, Namespaces, Category, Talk, Variants, Views, Read, Change, Change, source, View, history, More, Search, Getting, around, Main, page, Simple, start, Simple, talk, New, changes, Show, any, page, Help, Give, to, Wikipedia, Print/export, Make, a, book, Download, as, PDF, Page, for, printing, In, other, projects, Wikimedia, Commons, Tools, What, links, here, Related, changes, Upload, file, Special, pages, Permanent, link, Page, information, Wikidata, item, In, other, languages, Alemannisch, العربية, অসমীয়া, Asturianu, Azərbaycanca, বাংলা, Bahasa, Banjar, Bân-lâm-gú, Basa, Banyumasan, Башҡортса, Беларуская, भोजपुरी, Bosanski, Català, Чӑвашла, Čeština, Dansk, ދިވެހިބަސް, Diné, bizaad, Dolnoserbski, English, Español, Esperanto, Euskara, فارسی, Fiji, Hindi, Gaeilge, 贛語, ગુજરાતી, 客家語/Hak-kâ-ngî, 한국어, Հայերեն, हिन्दी, Hornjoserbsce, Ilokano, Bahasa, Indonesia, IsiZulu, Italiano, Basa, Jawa, Kapampangan, ქართული, Kiswahili, Kurdî, ລາວ, Latina, Limburgs, Magyar, मैथिली, Македонски, മലയാളം, Malti, مصرى, مازِرونی, Bahasa, Melayu, Mìng-dĕ̤ng-ngṳ̄, မြန်မာဘာသာ, नेपाली, 日本語, Norsk, bokmål, ଓଡ଼ିଆ, ਪੰਜਾਬੀ, ភាសាខ្មែរ, Português, Română, Русиньскый, Русский, Scots, Shqip, Sicilianu, සිංහල, سنڌي, Slovenčina, Slovenščina, Soomaaliga, کوردیی, ناوەندی, Српски, /, srpski, Srpskohrvatski, /, српскохрватски, Suomi, Svenska, Tagalog, தமிழ், తెలుగు, ไทย, Türkçe, اردو, Tiếng, Việt, Winaray, Xitsonga, ייִדיש, Yorùbá, 粵語, Zazaki, 中文, Change, links, This, page, was, last, changed, on, 6, December, 2015,, at, 01:53., Text, is, available, under, the, Creative, Commons, Attribution/Share-Alike, License, and, the, GFDL;, additional, terms, may, apply., See, Terms, of, Use, for, details., Privacy, policy, About, Wikipedia, Disclaimers, Developers, Cookie, statement, Mobile, view]
