[DMOZ, About, Become, an, Editor, Suggest, a, Site, Help, Login, Share, via, Facebook, Share, via, Twitter, Share, via, LinkedIn, Share, via, e-Mail, Visit, DMOZ, on, Facebook, Visit, DMOZ, on, Twitter, the, entire, directory,  , Arts,  ,  , Performing, Arts,  ,  ,  , Acting,  ,  ,  ,  , Actors, and, Actresses,  ,  ,  ,  ,  , W, Help, with, Search, Arts, Performing, Arts, Acting, Actors, and, Actresses, W, 471, This, category, is, for, sites, of, actors, and, actresses, whose, last, name, begins, with, the, letter, W., A, B, C, D, E, F, G, H, I, J, K, L, M, N, O, P, Q, R, S, T, U, V, WX, Y, Z, Subcategories, 184, Waddell,, Justine, 2, Waddington­,, Steven, 2, Wagner,, Jack, 1, Wagner,, Kristina, 1, Wagner,, Lindsay, 1, Wagner,, Robert, 4, Wahlberg,, Mark, 11, Waldo,, Janet, 1, Walken,, Christophe­r, 5, Walker,, Ally, 3, Walker,, Eric, 3, Walker,, Nicola, 2, Walker,, Paul, 4, Walker,, Polly, 1, Wallace,, Jessie, 1, Wallace,, Leighanne, 3, Wallace,, Rowena, 1, Wallace-Stone,, Dee, 2, Walsh,, Gwynyth, 2, Walsh,, J., T., 2, Walsh,, M., Emmet, 1, Walston,, Ray, 2, Walters,, Jamie, 2, Walters,, Julie, 4, Wamsley,, Hal, 1, Wanamaker,, Zoe, 3, Wang,, Garrett, 1, Wang,, Linda, 3, Warburton,, Patrick, 5, Ward,, Fred, 2, Ward,, Megan, 2, Ward,, Rachel, 3, Ward,, Sela, 6, Ward,, Susan, 1, Ward-Leland,, Jennifer, 2, Warlock,, Billy, 1, Warlow,, Anthony, 1, Warner,, David, 3, Warren,, Leslie, Ann, 1, Warrick,, Ruth, 1, Washington­,, Denzel, 7, Washington­,, Isaiah, 2, Watanabe,, Ken, 3, Waterston,, Sam, 2, Watkins,, Tuc, 1, Watros,, Cynthia, 1, Watson,, Alberta, 1, Watson,, Barry, 1, Watson,, Emily, 2, Watson,, Emma, 5, Watson,, Muse, 2, Watts,, Naomi, 7, Wayans,, Keenen, Ivory, 1, Wayans,, Marlon, 1, Wayans,, Shawn, 1, Wayne,, John, 8, Weatherly,, Michael, 2, Weaver,, Sigourney, 7, Weaving,, Hugo, 17, Weber,, Jake, 2, Weber,, Steven, 1, Webster,, Victor, 2, Wechsler,, Nick, 1, Weeks,, Rollo, 1, Weinger,, Scott, 1, Weiss,, Michael, T., 4, Weissmülle­r,, Johnny, 1, Weisz,, Rachel, 4, Welch,, Raquel, 2, Welker,, Frank, 3, Welland,, Colin, 1, Welles,, Orson, 6, Welling,, Tom, 5, Wells,, Dawn, 1, Wenham,, David, 6, Werner,, Oscar, 1, West,, Adam, 2, West,, Chandra, 1, West,, Dominic, 2, West,, Eric, 8, West,, Mae, 2, West,, Shane, 2, Westmore,, McKenzie, 2, Weston,, Diana, 1, Whaley,, Frank, 1, Whalley,, Joanne, 3, Whately,, Kevin, 2, Wheaton,, Wil, 23, Whelchel,, Lisa, 2, Whirry,, Shannon, 2, Whitaker,, Forest, 3, White,, Betty, 2, Whitfield,, June, 4, Whitford,, Bradley, 1, Whitney,, Grace, Lee, 0, Whitworth,, Johnny, 2, Whyte,, Scott, 1, Widmark,, Richard, 5, Wiest,, Dianne, 4, Wigdor,, Geoffrey, 1, Wilcox,, Paula, 1, Wild,, Jack, 2, Wilde,, Lyn, and, Lee, 3, Wilder,, Gene, 1, Wiles,, Jason, 1, Wilkinson,, Tom, 7, Willey,, Walt, 2, Williams,, Barry, 1, Williams,, Billy, Dee, 1, Williams,, Guy, 4, Williams,, Harland, 4, Williams,, Kelli, 1, Williams,, Kellie, Shanygne, 2, Williams,, Kenneth, 2, Williams,, Kimberly, 4, Williams,, Michelle, 0, Williams,, Peter, 0, Williams,, Robin, 8, Williamson,, Kevin, 3, Williamson­,, Nicol, 1, Willis,, Bruce, 11, Willis,, Katherine, 2, Wilson,, Alexandra, 1, Wilson,, Bridgette, 1, Wilson,, Luke, 1, Wilson,, Mara, 1, Wilson,, Owen, 5, Wilson,, Patrick, 9, Wilson,, Peta, 5, Wilson,, Richard, 2, Wilson,, Rita, 1, Winchell,, Paul, 1, Winchester­,, Putu, 0, Wincott,, Michael, 2, Windom,, William, 0, Winfrey,, Oprah, 9, Winger,, Debra, 3, Wingert,, Wally, 1, Winget,, Drew, 1, Wingfield,, Peter, 4, Wingo,, Derik, 1, Winkler,, Henry, 2, Winningham­,, Mare, 1, Winslet,, Kate, 7, Winston,, John, 1, Winstone,, Ray, 3, Wint,, Maurice, Dean, 1, Winters,, Dean, 3, Winters,, Shelley, 1, Wintersole­,, William, 1, Wirth,, Billy, 2, Witherspoo­n,, Reese, 5, Withrow,, Glenn, 6, Witt,, Alicia, 3, Wolf,, Scott, 3, Wong, Hei, 1, Wong,, Anthony, 2, Wong,, B.D., 1, Wong,, Russell, 3, Wood,, Annamarie, 0, Wood,, Elijah, 10, Wood,, Evan, Rachel, 3, Wood,, Natalie, 2, Woodburne,, Jackie, 0, Woods,, James, 2, Woodward,, Edward, 4, Woodward,, Joanne, 2, Woof,, Emily, 1, Woolvett,, Gordon, Michael, 1, Wopat,, Tom, 1, Woronov,, Mary, 3, Worth,, Michael, 1, Worthington,, Sam, 1, Wray,, Fay, 4, Wright, Penn,, Robin, 2, Wright,, Bonnie, 2, Wright,, Deanna, 1, Wright,, Steven, 3, Wuhrer,, Kari, 3, Wyle,, Noah, 2, Wyman,, Jane, 2, Wyndham,, Victoria, 1, Wyngarde,, Peter, 1, Wynter,, Sarah, 3, Related, categories, 4, Arts, Movies, 24,562, Arts, People, W, 79, Arts, Performing, Arts, Theatre, 3,658, Arts, Television, 7,322, Sites, 23, Wallace,, Rheagan, US, based, actress., Includes, credits,, photos,, links, and, contact, details., Walton,, Patrick, UK, based, actor., Includes, resume,, photos,, recent, projects, and, contact, details., Wardell,, Brandon, US, based, actor., Includes, biography,, photos, and, contact, details., Warner,, Martin, Charles, Actor, located, in, the, USA., Headshots,, streaming, demo, reels,, acting, credits,, and, dialects., Warren,, Charlotte, Chicago,, IL, based, actress., Waters,, John, Australian, television,, film,, and, stage, actor., Biography,, filmography,, news,, and, related, information., Watson,, James, UK, based, actor., Includes, resume,, photographs,, biography,, and, contact, details., Watson,_Jason, Theatrical, actor, based, in, New, York., Contains, audio, clips,, production, photographs, and, contact, facilities., Weed,, Alex, US, based, SAG, member., Includes, a, resume,, photographs,, demo, reel,, audio, clips, and, contact, details., Weigert,, Robin, US, based, actress., Includes, biography,, photos, and, contact, details., Westlake,, Dawn, US, based, actress., Includes, resume,, biography,, photos, and, contact, details., Whyment,, Andy, UK, based, actor., Includes, credits,, photos,, links, and, contact, details., Wiggins,, Chris, US, based, actor., Includes, filmography,, biography,, screen, captures,, and, promotional, photos., Wildman,, Valerie, News, and, information, including, biography,, filmography,, television,, theater,, training,, and, resume., Williams,, Meadow, Los, Angeles, based, actress., Includes, resume,, photographs, and, contact, details., Willis,, Beth, Actress, and, graduate, of, Italia, Conti, Academy, of, Theatre, Arts,, based, in, London, and, Brighton., Portfolio,, publicity, portraits,, and, contact, details., Wilson,, Bo, Provides, original, scripts,, voice-over, demos,, biographical, information,, contact, info, and, links, for, this, voice, talent., Wimaladharma,, Yashodaw, Official, web, site, for, this, actress, from, India., Biography,, photo, gallery,, career, highlights, and, achievements,, and, related, information., Wisdom,, Tom, Fan, site, dedicated, to, the, career, of, British, actor, Tom, Wisdom., Contains, interviews,, news,, pictures,, career, information,, fan, forum,, movies,, films, and, multimedia., Wolff,, Meme, Saint, Louis, based, actress., Includes, resume,, photos, and, contact, details., Woods,, Dan, UK, based, actor., Provides, a, CV,, photographs,, and, contact, details., Wray,, Lindsay, Lauren, US, based, actress., Includes, biography,, photos, and, contact, details., Wright,_Dawna, Marie, Toronto-based, actress., Provides, a, biography,, resume,, contact, details, and, pictures., Other, languages, 4, Deutsch, 43, Español, 45, Français, 12, Italiano, 16, Category, editor:, jennyhorm, Last, update:, February, 1,, 2017, at, 8:45:02, UTC, Arts, Business, Computers, Games, Health, Home, News, Recreation, Reference, Regional, Science, Shopping, Society, Sports, All, Languages, "Arts, ..., Actors, and, Actresses", search on:, AOL, -, Ask, -, Bing, -, DuckDuckGo, -, Gigablast, -, Google, -, ixquick, -, Yahoo, -, Yandex, -, Yippy, Copyright, ©, 1998-2017, AOL, Inc., Terms, of, Use, Built, by, CMBuild]
