[Série, ASérie, BEuropa, futebol, futebol, libertadores, copa, sul-americana, brasileirão, 2017, copa, do, brasil, copa, do, nordeste, paulista, carioca, mineiro, gaúcho, estaduais, e, regionais, estaduais, e, regionais, acreano, alagoano, amazonense, baiano, brasiliense, capixaba, capixaba, série, b, carioca, catarinense, cearense, copa, do, nordeste, copa, verde, gaúcho, goiano, maranhense, mato-grossense, mineiro, mineiro, módulo, 2, paraense, paraibano, paranaense, paulista, paulista, a2, paulista, a3, paulista, 2ª, divisão, pernambucano, piauiense, potiguar, primeira, liga, rondoniense, roraimense, sergipano, sul-mato-grossense, tocantinense, público, no, brasil, futebol, internacional, futebol, internacional, primeira, página, liga, dos, campeões, liga, europa, futebol, alemão, futebol, argentino, futebol, espanhol, futebol, francês, futebol, inglês, futebol, italiano, futebol, português, mls, copa, das, confederações, eliminatórias, 2018, -, américa, do, sul, eliminatórias, 2018, -, áfrica, eliminatórias, 2018, -, ásia, eliminatórias, 2018, -, concacaf, eliminatórias, 2018, -, europa, eliminatórias, 2018, -, oceania, copa, do, mundo, seleção, brasileira, neymar, -, site, oficial, tabelas, de, A, a, Z, basquete, basquete, primeira, página, nba, placar, agenda, classificação, estatísticas, estatísticas, individual, times, líderes, da, temporada, times, jogadores, nbb, tabela, fórmula, 1, fórmula, 1, primeira, página, classificação, e, calendário, santander, além, das, pistas, vôlei, mma, mma, combate, lutadores, eu, atleta, +, esportes, +, esportes, olimpíadas, olimpíadas, primeira, página, projeto, tóquio, medalhas, rio, 2016, atletas, olímpicos, atletas, olímpicos, todos, os, atletas, time, brasil, o, dna, do, time, brasil, biotipos, dos, brasileiros, cabeça, de, campeão, perfis, dos, brasileiros, corrida, olímpica, especiais, especiais, atletismo, 360, baía, de, guanabara, especial, time, de, ouro, medalhões, olímpicos, meu, pódio, olímpico, olimpíada, desdobrável, velas, ao, vento, paralimpíadas, atletismo, basquete, basquete, primeira, página, NBA, NBB, boxe, futebol, americano, futsal, ginástica, artística, judô, mma, mma, primeira, página, ranking, ufc, tuf, natação, surfe, surfe, primeira, página, mundial, de, surfe, tênis, vôlei, outros, esportes, esportes, de, A, a, Z, blogs, e, colunas, games, seu, estado, seu, estado, centro-oeste, centro-oeste, distrito, federal, goiás, mato, grosso, mato, grosso, do, sul, nordeste, nordeste, alagoas, bahia, ceará, maranhão, paraíba, pernambuco, caruaru, e, região, petrolina, e, região, piauí, rio, grande, do, norte, sergipe, norte, norte, acre, amapá, amazonas, pará, santarém, e, região, rondônia, roraima, tocantins, sudeste, sudeste, espirito, santo, minas, gerais, grandes, minas, e, vales, sul, de, minas, triângulo, e, alto, paranaíba, zona, da, mata, e, centro-oeste, rio, de, janeiro, serra,, lagos, e, norte, sul, e, costa, verde, são, paulo, bauru,, itapetininga,, rio, preto, e, sorocaba, campinas, e, região, presidente, prudente, e, região, mogi, e, suzano, ribeirão, preto, e, região, santos, e, região, vale, do, paraíba, e, região, sul, sul, paraná, rio, grande, do, sul, santa, catarina, TV, TV, globo, esporte, esporte, espetacular, verão, espetacular, projeto, tóquio, megarampa, time, de, ouro, planeta, extremo, premiere, fc, SporTV, combate, princípios, editoriais, Liga, dos, Campeões, 10, Segundos, Mundial, de, Surfe, Estatísticas, NBA, MENUge, atleta, MENUge, atleta, A, B, C, D, E, F, G, H, I, J, K, L, M, N, O, P, q, R, S, T, U, V, W, X, Y, Z, #, A, Angélica, Kvieczynski, Abel, Trujillo, Abelairas, Abidal, Adailton, Adalberto, Román, Adebayor, Adeílson, Ademilson, Ademir, Sopa, Adilson, Adrian, Sutil, Adriana, Araujo, Adriano, Adriano, Martins, Adryan, Ágatha, Agenor, Agnieszka, Radwanska, Airton, Al, Iaquinta, Alain, Prost, Alan, Alan, Bahia, Alan, Belcher, Alan, Fonteles, Alan, Jones, Alan, Kardec, Alan, Nuguette, Alan, Patrick, Alana, Blanchard, Alberto, Ascari, Aldemir, Gomes, Alecsandro, Alejo, Muniz, Alessandro, Alessandro, Alessandro, Alex, Alex, Alex, Caceres, Alex, Garcia, Alex, Alex, William, Pombo, Silva, Alex, Ribeiro, Alex, Sandro, Alex, Silva, Alex, Teixeira, Alex, Zanardi, Alexander, Gustafsson, Alexander, Rossi, Alexander, Russo, Alexandra, Priscila, Do, Nascimento, Alexandre, Oliveira, Alexandre, Pato, Alexey, Spiridonov, Alexis, Davis, Alexis, Sánchez, Ali, Bagautinov, Aline, da, Silva, Ferreira, Alison, Alison, Alistair, Overeem, Aliya, Mustafina, Aljamain, Sterling, Allan, Almir, Aloísio, Altobeli, Santos, Álvaro, Filho, Amanda, Nunes, Amaral, Amauri, Amir, Khan, Ana, Claudia, Lemos, Ana, Ivanovic, Ana, Marcela, Cunha, Anaílson, Ananias, Anderson, Anderson, Henriques, Anderson, Aquino, Anderson, Carvalho, Anderson, Conceição, Anderson, Martins, Anderson, Pico, Anderson, Silva, Anderson, Varejao, André, Andre, Brasil, André, Cintra, André, Dias, Andre, Fili, André, Ghem, André, Leone, André, Lima, André, Lotterer, André, Negrão, Andre, Sa, André, Santos, Andrea, Petkovic, Andrei, Arlovski, Andressa, Oliveira, Andrezinho, Andy, Carroll, Andy, Irons, Andy, Murray, Andy, Roddick, Anelka, Angelique, Kerber, Anistávio, Gasparzinho, Anselmo, Anselmo, Ramon, Anthony, Johnson, Anthony, Lapsley, Anthony, Njokuani, Anthony, Pettis, Anthony, Smith, Antônio, Carlos, Antônio, Carlos, Cara, de, Sapato, Antônio, Pezão, Aranha, Araújo, Arbeloa, Arévalo, Ríos, Arouca, Arshavin, Arthur, Nory, Arthur, Maia, Arthur, Zanetti, Artur, Asafa, Powell, Ashley, Cole, Ashley, Young, Athirson, Augusto, Dutra, Auremir, Ávine, Ayrton, Ayrton, Senna, Adriano, B, Bruno, Prada, Bochecha, Ballack, Balotelli, Bárbara, Seixas, Bárbara, Timo, Bateria, Beatriz, Haddad, Beckham, Belletti, Ben, Henderson, Ben, Rothwell, Bendtner, Beneil, Dariush, Berbatov, Bernard, Bernard, Tomic, Bernardo, Betão, Bethany, Hamilton, Bethe, Correia, Betinho, Beatriz, Feres, Bianchini, Bida, Bill, BJ, Penn, Bob, Burnquist, Bobô, Boiadeiro, Bojan, Krkic, Bolatti, Bolívar, Boquita, Borges, Botti, Bottinelli, Branca, Feres, Brandão, Brandon, Thatch, Brandonn, Almeida, Branquinho, Breitner, Brendan, Schaub, Breno, Brian, Houston, Brinner, Bristol, Marunde, Brock, Lesnar, Bruna, Alexandre, Bruna, Farias, Bruninho, Bruno, Bruno, Lins, Bruno, Aguiar, Bruno, Caboclo, Bruno, Carioca, Bruno, César, Bruno, Collaço, Bruno, Cortez, Bruno, Costa, Bruno, Fontes, Bruno, Fratus, Bruno, Furlan, Bruno, Landgraf, Bruno, Mendes, Bruno, Meneghel, Bruno, Mineiro, Bruno, Peres, Bruno, Recife, Bruno, Rodrigo, Bruno, Schmidt, Bruno, Senna, Bruno, Silva, Bruno, Soares, Bruno, Tiago, Bruno, Uvini, Bruno, Bryan, Bryan, Caraway, Bubba, McDaniel, Buffon, Busquets, Bertoglio, Barcos, Benzema, C, Cabreúva, Cacá, Bueno, Cain, Velásquez, Caio, Caio, Souza, Caio, Bonfim, Caio, Ibelli, Caio, Vinícius, Cairo, Santos, Caleb, Camacho, Camille, Rodrigues, Cardozo, Carissa, Moore, Carla, Esparza, Carlinhos, Carlinhos, Bala, Carlinhos, Paraíba, Carlos, Alberto, Carlos, Cesar, Carlos, Condit, Carlos, Eduardo, Carlos, Sainz, Jr., Carlos, Tenorio, Carmelita, Jeter, Carmelo, Anthony, Carol, Caroline, Wozniacki, Cascata, Casemiro, Casey, Stoner, Casillas, Cassano, Cássio, Cássio, Cat, Zingano, Cavani, Cavenaghi, Cazorla, Ceará, Cesar, Cielo, Cezar, Mutante, Chad, Mendes, Chael, Sonnen, Chan, Sung, Jung, Charles, Charles, Chibana, Charles, Oliveira, Charles, Pic, Chiara, Marano, Chicão, Chico, Chiellini, China, Chiquinho, Chris, Cariaso, Chris, Weidman, Christopher, Samba, Chuck, Liddell, Cícero, Cicinho, Ciço, Cidinho, Ciro, Cisiane, Dutra, Cissé, Cláudia, Gadelha, Cláudio, Caçapa, Clay, Guida, Cleber, Santana, Clebinho, Cleiton, Cléverson, Clifford, Starks, Clodoaldo, Clodoaldo, Silva, Coco, Ho, Codó, Cody, Garbrandt, Coelho, Cole, Miller, Collin, Hart, Conca, Conor, McGregor, Copete, Costa, Philippou, Courtney, Conlogue, Cribari, Cris, Cyborg, Cristian, Cristiane, dos, Santos, Silva, Cristiano, Ronaldo, Cub, Swanson, Cung, Le, Chicharito, Hernández, Cañete, D, Daniel, Danilo, Couto, Deives, Dusty, Payne, Dagoberto, Daiane, dos, Santos, Daiene, Marcal, D'Alessandro, Dalton, Damon, Hill, Dan, Hardy, Dan, Henderson, Dani, Pedrosa, Daniel, Daniel, Japonês, Daniel, Alves, Daniel, Carvalho, Daniel, Cormier, Daniel, Dias, Daniel, Marques, Daniel, Omielanczuk, Daniel, Orsanic, Daniel, Paiola, Daniel, Paulista, Daniel, Ricciardo, Daniel, Sarafian, Daniel, Serra, Daniele, Hypolito, Daniil, Kvyat, Danilinho, Danilo, Danilo, Danilo, Sacramento, Danilo, Dankler, Danny, Garcia, Danny, Morais, Dante, Dante, Darlan, Romani, Darren, Elkins, Darren, Uyenoyama, Dátolo, Dave, Herman, Davi, Davi, Albino, David, David, Braz, David, Dener, David, Ferrer, David, Luiz, David, Moura, David, Muffato, David, Nalbandian, David, Silva, David, Villa, Daynara, de, Paula, De, Gea, De, Rossi, Deco, Dedé, Deivid, Deivid, Del, Piero, Délson, Pé, de, Chumbo, Demerson, Demetrious, Johnson, Demian, Maia, Denilson, Denis, Denis, Marques, Dennis, Bermudez, Dennis, Rodman, Dennis, Siver, Denny, Hulme, Dentinho, Deola, Derick, Souza, Derley, Derrick, Rose, Di, María, Di, Natale, Dida, Diego, Diego, Alves, Diego, Arias, Diego, Belém, Diego, Brandão, Diego, Cavalieri, Diego, Costa, Diego, Hypolito, Diego, Jussani, Diego, Maurício, Diego, Milito, Diego, Renan, Diego, Sacoman, Diego, Sanchez, Diego, Souza, Diego, Tardelli, Digão, Diguinho, Dimba, Dinei, Diogo, Diogo, Campos, Diogo, Orlando, Diogo, Silva, Diones, Djalminha, Djony, Doda, Miranda, Dodô, Domingos, Dominic, Thiem, Dominick, Cruz, Dominika, Cibulkova, Donald, Cerrone, Dong, Hyun, Kim, Doni, Douglas, Douglas, Costa, Douglas, Grolli, Douglas, Packer, Drogba, Duda, Lisboa, -, vôlei, de, praia, Dudu, Cearense, Dudu, Dantas, Dudu, Dudu, Durval, Dustin, Ortiz, Dwight, Howard, Dwyane, Wade, Dylan, Andrews, Dzeko, E, Eduarda, Amorim, Edcarlos, Eddie, Alvarez, Eddie, Wineland, Edênia, Garcia, Edenílson, Éder, Jofre, Eder, Luis, Eder, Antonio, Souza, Éder, Citadin, Martins, Ederson, Edigar, Junio, Edílson, Edinho, Edmílson, Edmundo, Edno, Edson, Barboza, Edson, Bastos, Edson, Borges, Edson, Silva, Edu, Dracena, Eduardo, da, Silva, Eduardo, Costa, Eduardo, Ramos, Egídio, Elano, Élber, Eliane, Martins, Elias, Elias, Elias, Silvério, Elias, Elicarlos, Elionar, Bombinha, Elisandro, Elivelton, Elize, Maia, Elkeson, Eltinho, Elton, Elton, Emanuel, Emerson, Silva, Emerson, Fittipaldi, Emerson, Enrico, Epke, Zonderland, Eric, Granado, Eric, Takabatake, Erica, Sena, Erick, Silva, Erik, Koch, Érika, Coimbra, Erlon, de, Souza, Ernandes, Ernando, Eron, Escudero, Esquiva, Falcão, Esteban, Gutiérrez, Etiene, Medeiros, Eto'o, Eugenie, Bouchard, Euller, Evander, Holyfield, Evando, Evandro, Evelyn, dos, Santos, Everton, Everton, Costa, Everton, Garroni, Everton, Lopes, Everton, Luis, Éverton, Ribeiro, Everton, Sena, Evra, Ewerton, Páscoa, Ernesto, Farías, F, Fernando, Ferretti, Fabão, Fabi, do, vôlei, Fabiana, Beltrame, Fabiana, Claudino, Fabiana, Moraes, Fabiana, Murer, Fabiana, Silva, Fabiano, Fabiano, de, Paula, Fabinho, Fábio, Fábio, Gomes, da, Silva, Fábio, Aurélio, Fábio, Bahia, Fábio, Braga, Fábio, Coentrão, Fábio, Costa, Fábio, Ferreira, Fábio, Júnior, Fábio, Lopes, Fábio, Maldonado, Fábio, Fábio, Rochemback, Fábio, Santos, Fábio, Santos, Fábio, Simplício, Fabiola, Molina, Fàbregas, Fabrício, Fabrício, Carvalho, Fabrício, Ceará, Fabrício, Fabricio, Werdum, Fagner, Fahel, Falcão, Falcao, García, Fedor, Emelianenko, Feliciano, López, Felipe, Felipe, Amorim, Felipe, Anderson, Felipe, Azevedo, Felipe, Fraga, Felipe, Franca, Felipe, Kitadai, Felipe, Massa, Felipe, Melo, Felipe, Menezes, Felipe, Nasr, Felipe, Sertanejo, Felipe, Felipe, Almeida, Wu, Fellipe, Bastos, Fellype, Gabriel, Fernanda, Berti, Fernanda, Borges, Fernandão, Fernandes, Fernandinho, Fernandinho, Fernandinho, Fernando, Fernando, Alonso, Fernando, Aranha, Fernando, Bob, Fernando, Fernandes, Fernando, Henrique, Fernando, Prass, Fernando, Torres, Fernando, Verdasco, Fierro, Filipe, Toledo, Fillipe, Soutto, Flavia, Saraiva, Flávia, de, Lima, Flávio, Flávio, Caça-Rato, Flávio, Canto, Flávio, Florent, Manaudou, Fofão, Forlán, Forrest, Griffin, Francesca, Schiavone, Franciela, Krasucki, Francimar, Bodão, Francis, Carmont, Francisco, Massaranduba, Franco, Ferreiro, Frank, Mir, Frankie, Edgar, Franklin, Fransérgio, Fred, Fucile, Fumagalli, Feijão, Floyd, Mayweather, Ferdinand, G, Gisele, de, Oliveira, Graciele, Herrmann, Guarín, Gabriel, Gabriel, Marques, Gabriel, Medina, Gabriel, Milito, Gabriel, Napão, Gabriel, Santos, Gabriel, Santos, Gabriel, Silva, Gabrielle, Roncatto, Gael, Monfils, Gago, Garbiñe, Muguruza, Gareth, Bale, Garett, Whiteley, Gattuso, Gaúcho, Gegard, Mousasi, Geílson, Geisa, Arcanjo, Geisa, Coutinho, Georges, St-Pierre, Geovanni, Geraldo, Gerley, Germaine, De, Randamie, Gerrard, Gerson, Magrão, Gervinho, Giancarlo, Giba, Gideão, Giedo, van, der, Garde, Gil, Gilbert, Melendez, Gilberto, Gilberto, Silva, Gilda, Maria, Gilles, Simon, Gilson, Giovani, dos, Santos, Giovanni, Giovanni, Augusto, Giuliano, Giuliano, Losacco, Giullia, Penalber, Glauber, Glaydson, Gledson, Gleison, Tibau, Glover, Teixeira, Godofredo, Pepey, Gomes, Graciete, Moreira, Grafite, Graham, Hill, Gray, Maynard, Guerrón, Guilherme, Guilherme, Clezar, Guilherme, Felix, Guilherme, Giovannoni, Guilherme, Santos, Guilherme, Tâmega, Guiñazu, Guitta, Gum, Gunnar, Nelson, Gustavo, Gustavo, Gustavo, Borges, Gustavo, Kuerten, Guto, Inocente, Ganso, Giggs, H, Hacran, Dias, Hamilton, Hamsik, Harlei, Harrison, Hazard, Héber, Hector, Lombard, Hederson, Estefani, Heikki, Kovalainen, Heitor, Alves, Hélder, Heleno, Hélio, Castroneves, Hélton, Henrique, Henrique, Barbosa, Henrique, Henrique, Martins, Henrique, Miranda, Henrique, Rodrigues, Henry, Henry, Cejudo, Heracles, Hernane, Hernanes, Herrera, Hevaldo, Héverton, Higor, Alves, Higuaín, Holly, Holm, Hortência, Hugo, Hugo, Cunha, Hugo, Balduíno, Hugo, Pessanha, Hugo, Wolverine, Hulk, Huntelaar, Hart, I, Ian, McCall, Ian, Thorpe, Iarley, Ibrahimovic, Ibson, Igor, Araújo, Iliarde, Santos, Ilir, Latifi, Ilsinho, Índio, Iniesta, Inzaghi, Isabel, Clark, Isadora, Williams, Isaquias, Queiroz, Italo, Ferreira, Italo, Duarte, Itamar, Iuri, Marajó, Ivan, Ivan, Batman, Iván, Piris, Iziane, Marques, J, Jackson, James, Harden, Juan, Bittencourt, Jack, Brabham, Jackie, Stewart, Jackson, Jacqueline, Silva, Jacques, Villeneuve, Jade, Barbosa, Jadel, Gregório, Jadson, Jadson, André, Jael, Jailma, Sales, Jaime, Alguersuari, Jajá, Jake, Ellenberger, Jake, Shields, James, Hunt, James, Krause, James, Magnussen, James, Te, Huna, Jancarlos, Janko, Tipsarevic, Jaqueline, Endres, Jaqueline, Mourão, Jarno, Trulli, Javi, Martínez, Javier, Zanetti, Jé, Carpes, Jean, Jean, Chera, Jean-Eric, Vergne, Jean, Rolt, Jéci, Jéferson, Jefferson, Jefferson, Sabino, Jefinho, Jelena, Jankovic, Jennifer, Suhr, Jenson, Button, Jeremy, Flores, Jeremy, Lin, Jeremy, Stephens, Jesse, Ronson, Jessica, Andrade, Jessica, Cavalheiro, Jessica, Eye, Jessica, Penne, Jheimy, Jhonatan, Longhi, Jim, Clark, Jim, Miller, Jimi, Manuwa, Jimmy, Quinlan, Jô, Jo-Wilfried, Tsonga, Joana, Ribeiro, Costa, Joaninha, Joanna, Jedrzejczyk, Joanna, Maranhao, Joao, de, Lucca, João, Filipe, João, Gomes, Jr, João, Marcos, João, Moutinho, João, Paulo, João, Paulo, João, Vitor, João, Vitor, de, Oliveira, Jobson, Jochen, Rindt, Jody, Scheckter, Joe, Soto, Joel, Parkinson, Joelma, das, Neves, John, Dodson, John, Hathaway, John, Isner, John, John, Florence, John, Lineker, John, Macapá, John, Moraga, John, Surtees, Johnny, Eduardo, Johny, Hendricks, Joice, Silva, Joilson, Jolyon, Palmer, Jon, Fitch, Jon, Jones, Jonas, Jonas, Jônatas, Jônatas, Obina, Jonathan, Jonathan, Jonathan, Riekmann, Jones, Carioca, Jordã, Jordan, Mein, Jordi, Alba, Jorge, Jorge, Henrique, Jorge, Lorenzo, Jorge, Masvidal, Jorge, Wagner, José, Aldo, José, Alessandro, Bagio, José, Maria, No-Chance, José, Rojas, Joseph, Benavidez, Joseph, Duffy, Josh, Barnett, Josh, Koscheck, Josh, Thomson, Josiel, Josimar, Jovane, Guissone, Juan, Juan, Carlos, Ferrero, Juan, Jesus, Juan, Juan, Manuel, Fangio, Juan, Martín, del, Potro, Juan, Martínez, Juan, Mata, Juan, Mónaco, Jules, Bianchi, Julia, Mancuso, Juliana, Juliana, Veloso, Julianna, Peña, Julinho, Júlio, Baptista, Julio, César, Júlio, César, de, Oliveira, Julio, Cesar, Júlio, César, Jumar, Juninho, Juninho, Pernambucano, Junior, Junior, Cesar, Junior, Cigano, Júnior, Urso, Júnior, Viçosa, Jussier, Formiga, Justin, Gatlin, Justin, Lawrence, Junior, Hernandez, Javier, Reina, K, Kahena, Kunze, Kolohe, Andino, Kun, Agüero, Kaio, Wilker, Kaio, Marcio, Kaká, Kamila, Barbosa, Kamui, Kobayashi, Karolina, Kowalkiewicz, Katie, Ledecky, Kauiza, Venâncio, Kei, Nishikori, Keila, Costa, Keirrison, Keké, Keke, Rosberg, Kelly, Slater, Kelvin, Gastelum, Kempes, Kenny, Florian, Kerlon, Kerron, Stewart, Kevin, Casey, Kevin, Durant, Kevin, Magnussen, Kevin, Souza, Keylor, Navas, Khabib, Nurmagomedov, Khedira, Kieza, Kim, Kim, Clijsters, Kimi, Raikkonen, Kleber, Kleber, Kleberson, Kleberson, Davide, Kleiton, Domingues, Klose, Kobe, Bryant, Kohei, Uchimura, Kompany, Kuyt, Kyoji, Horiguchi, Kevin-Prince, Boateng, Kagawa, L, Leandro, Lino, Lahm, Lais, Souza, Lampard, Lance, Armstrong, Lanzini, Larissa, Larissa, Iordache, Larissa, Oliveira, Larry, Bird, Larry, Taylor, Lass, Diarra, Laure, Manaudou, Lauro, Lavezzi, Leandrão, Leandro, Barbosa, Leandro, Leandro, Amaro, Leandro, Castán, Leandro, Cunha, Leandro, Damião, Leandro, Domingues, Leandro, Donizete, Leandro, Euzébio, Leandro, Ferreira, Leandro, Guerreiro, Leandro, Guilheiro, Leandro, Issa, Leandro, Oliveira, Leandro, Ribela, Leandro, Silva, Leandro, Vissotto, LeBron, James, Lenine, Lennon, Lenny, Lenon, Léo, Léo, Gago, Léo, Léo, Moura, Léo, Rocha, Léo, Santos, Léo, Silva, Leonardo, Leonardo, de, Deus, Leonardo, Macarrão, Leonardo, Silva, Leryn, Franco, Letícia, Bufoni, Letícia, de, Souza, Lewis, Hamilton, Liedson, Lili, Lima, Lincoln, Lindsey, Vonn, Luiz, Felipe, Marques, Fonteles, Lisa, Liu, Xiang, Liz, Carmouche, Lleyton, Hewitt, Llorente, Loco, Abreu, Lodeiro, Lohaynny, Vicente, Lorena, Lorena, Molinos, Lorenz, Larkin, Luan, Luan, Oliveira, Luana, Vicente, Luca, Toni, Lucas, Saatkamp, Lucas, Lucas, Barrios, Lucas, Bebê, Lucas, di, Grassi, Lucas, Leiva, Lucas, Lucas, Mendes, Lucas, Piazon, Lucas, Silveira, Lucas, Vianna, Lucas, Zen, Luccas, Claro, Lucho, González, Luciane, Escouto, Luciano, Luciano, Corrêa, Luciano, Henrique, Lúcio, Lúcio, Lúcio, Flávio, Lúcio, Maranhão, Lugano, Luis, Fabiano, Luis, Gutiérrez, Luis, Ramírez, Luis, Ricardo, Luis, Suárez, Luisa, Borges, Luis, Carlos, Cardoso, Luisão, Luiz, Adriano, Luiz, Alberto, Luiz, Alberto, de, Araújo, Luiz, Altamir, Luiz, Antonio, Luiz, Besouro, Luiz, Eduardo, Luiz, Fernando, Luiz, Gustavo, Luiz, Manella, Luiz, Razia, Luizinho, Lukaian, Luke, Barnatt, Luke, Rockhold, Lulinha, Lutimar, Paes, Lyoto, Machida, M, Manoel, Tobias, Manu, Ginobili, Mauro, Vinícius, da, Silva, Mineirinho, Maria, Eduarda, Miccuci, Mario, Götze, Madson, Magal, Magic, Johnson, Magno, Cruz, Magno, Alves, Magrão, Mahau, Suguimati, Maicon, Maicon, Maicosuel, Maikon, Leite, Maíla, Paula, Maldonado, Mancini, Manoel, Manuella, Lyrio, Maranhão, Marc, Márquez, Marcão, Marcel, Marcelinho, Marcelinho, Huertas, Marcelinho, Machado, Marcelinho, Paraíba, Marcelinho, Marcelo, Marcelo, Cordeiro, Marcelo, Costa, Marcelo, Grohe, Marcelo, Guimarães, Marcelo, Lomba, Marcelo, Mattos, Marcelo, Melo, Marcelo, Moreno, Marcelo, Nicácio, Marcelo, Oliveira, Marcelo, Zormann, Márcia, Menezes, Marcinho, Marcinho, Guerreiro, Márcio, Márcio, Araújo, Márcio, Azevedo, Márcio, Careca, Marcio, Lyoto, Márcio, Rosário, Márcio, Teles, Marco, Antônio, Marcos, Macedo, Marcone, Marcos, Marcos, Assunção, Marcos, Aurélio, Marcos, Baghdatis, Marcos, Batista, Marcos, Gomes, Marcos, González, Marcos, Junior, Marcos, Galvão, Marcos, Paulo, Marcos, Rocha, Marcos, Senna, Marcus, Ericsson, Marcus, Túlio, Tanaka, Marcos, Vinícius, Vina, Mardy, Fish, Mari, Mari, Paraíba, Maria, Clara, Maria, Elisa, Maria, Kirilenko, Maria, Hoefel-Riesch, Maria, Sharapova, Maria, Suelen, Altheman, Mariano, Marilson, Gomes, Dos, Santos, Marin, Cilic, Marinho, Marino, Mario, Andretti, Mário, Fernandes, Mario, Gómez, Mário, José, dos, Santos, Junior, Mário, Junior, Mandzukic, Marion, Bartoli, Mark, Hunt, Mark, Muñoz, Mark, Webber, Marllon, Marlon, Marlos, Marquinho, Marquinhos, Marquinhos, Cambalhota, Marquinho, Marquinhos, Gabriel, Marquinhos, Marquinhos, Paraná, Marta, Martin, Kampmann, Martín, Liguera, Martina, Hingis, Martinez, Martinuccio, Maryna, Moroz, Mascherano, Materazzi, Mateus, Alves, Matheus, Carvalho, Matheus, Santana, Matt, Brown, Mattheus, Maurício, Maurício, Ramos, Maurício, Shogun, Maurides, Maurren, Maggi, Max, Chilton, Max, Holloway, Max, Verstappen, Max, Wilson, Maxi, López, Maximo, Blanco, Maxwell, Maya, Gabeira, Maya, Harisson, Maylson, Mayra, Aguiar, Mazinho, Medina, Memo, Messi, Micaelly, Micão, Michael, Bisping, Michael, Johnson, Michael, Jordan, Michael, McDonald, Michael, Phelps, Michael, Schumacher, Michel, Michel, Bourez, Michel, Bastos, Michelle, Michelle, Waterson, Mick, Fanning, Miesha, Tate, Miguel, Pupo, Miguel, Valente, Mika, Hakkinen, Mike, Hawthorn, Mike, Tyson, Mikhail, Youzhny, Milos, Raonic, Mineirinho, Miralles, Miranda, Mirko, Cro, Cop, Mirlene, Picin, Missy, Franklin, Mo, Farah, Moacir, Moacir, Zimmermann, Modric, Moisés, Montillo, Moradei, Morais, Morgan, Beck, Morro, García, Mota, Muamba, Muhammad, Ali, Muralha, Muriel, Murilo, Muriqui, Myles, Jury, Manny, Pacquiao, M'Vila, N, Nicolas, Nilo, Nilson, André, Na, Li, Naldo, Nandor, Guelmino, Nani, Narain, Karthikeyan, Natalia, Pereira, Natalia, Azevedo, Gaudio, Natália, Falavigna, Natan, Nate, Diaz, Nate, Marquardt, Nathália, Brígida, Nego, Negueba, Nei, Neil, Magny, Nelsinho, Piquet, Nelson, Piquet, Nenê, Nene, Hilario, Neneca, Nesta, Netinho, Neto, Neto, Baiano, Neto, Berola, Neto, Coruja, Neto, Neuer, Neuton, Ney, Pereira, Neymar, Nicholas, dos, Santos, Nick, Diaz, Nick, Heidfeld, Nico, Hulkenberg, Nico, Rosberg, Nicolás, Almagro, Nieto, Nigel, Mansell, Nik, Lentz, Nikão, Niki, Lauda, Nikita, Krylov, Nikolay, Davydenko, Nilmar, Nilton, Nivalter, Santos, Nino, Paraíba, Nino, Farina, Novak, Djokovic, Núbia, Soares, Nunes, Nasri, O, Obina, Oitomeia, Omar, Omari, Akhmedov, Orlando, Luz, Ortigoza, Oscar, Oscar, Pistorius, Oscar, Schmidt, Osvaldo, Otávio, Ovince, St-Preux, Owen, Owen, Wright, Oziel, Özil, P, Paulinho, Japonês, Pablo, Pablo, Aimar, Paige, VanZant, Palermo, Pamella, Oliveira, Paolo, Guerrero, Pará, Pascal, Wehrlein, Pastor, Maldonado, Pastore, Pat, Healy, Patric, Pato, Rodríguez, Patric, Patrik, Silva, Patricia, Freitas, Pau, Gasol, Paul, di, Resta, Paul, Scholes, Paulinho, Paulo, André, Paulo, André, Camilo, Paulo, Assunção, Paulo, Baier, Paulo, Henrique, Paulo, Miranda, Paulo, Roberto, Paulo, Sérgio, Paulo, Thiago, Paulo, Victor, Pedrinho, Pedro, Pedro, Rocha, Pedro, Barros, Pedro, Burmann, Pedro, Calado, Pedro, Carmona, Pedro, Júnior, Pedro, Ken, Pedro, Piquet, Pedro, Scooby, Pedro, Solberg, Pelé, Pepe, Pepita, Pereira, Peter, Peterson, dos, Santos, Petkovic, Petr, Cech, Petra, Kvitova, Petrúcio, Ferreira, Peyton, Manning, Phelipe, Rodrigues, Phil, Davis, Phil, Hill, Philippe, Coutinho, Pierre, Pietro, Fittipaldi, Piotr, Hallmann, Piqué, Pirlo, Pituca, Platini, Podolski, Poliana, Okimoto, Popó, Preto, Puyol, R, Rafael, Luz, Robert, Scheidt, Radek, Stepanek, Rafa, Márquez, Rafael, Rafael, Buzacarini, Rafael, Rafael, Coelho, Rafael, Cruz, Rafael, Donato, Rafael, dos, Anjos, Rafael, Feijão, Rafael, Galhardo, Rafinha, Rafael, Marques, Rafael, Rafael, Moura, Rafael, Nadal, Rafael, Natal, Rafael, Santos, Rafael, Silva, Rafael, Sobis, Rafael, Toloi, Rafael, Vaz, Rafaela, Silva, Rafinha, Rafinha, Alcântara, Rafinha, Ralf, Ramires, Ramon, Rampage, Jackson, Ramsey, Nijem, Randy, Couture, Raoni, Monteiro, Rapha, Raphael, Assunção, Rashad, Evans, Raúl, González, Raul, Meireles, Rebeca, Andrade, Rebecca, Reinaldo, Reis, Renan, Renan, Barão, Renan, Lemos, Renan, Oliveira, Renan, Ribeiro, Renan, Rocha, Renan, Renan, Teixeira, Renatinho, Renato, Renato, Renato, Augusto, Renato, Cajá, Renato, Santos, Renato, Silva, Renaud, Lavillenie, Renée, Forte, Reniê, Réver, Rhayner, Rhodolfo, Riad, Ribéry, Ricardinho, Ricardinho, Ricardo, Ricardo, Ricardo, Berna, Ricardo, Bueno, Ricardo, Carvalho, Ricardo, Goulart, Ricardo, Jesus, Ricardo, Lamas, Ricardo, Lucarelli, Ricardo, Mário, de, Souza, Ricardo, Maurício, Ricardo, Mello, Ricardo, Santos, Richard, Gasquet, Richarlyson, Rick, Story, Rio, Haryanto, Riquelme, Rivaldo, Robben, Robbie, Lawler, Robert, Drysdale, Robert, Forstemann, Robert, Kubica, Robert, Whittaker, Roberto, Roberto, Carlos, Roberto, Merhi, Robin, Soderling, Robinho, Robston, Rochele, Nunes, Rodolfo, Rodrigo, Rodrigo, Alvim, Rodrigo, Arroz, Rodrigo, Caio, Rodrigo, Damm, Rodrigo, Heffner, Rodrigo, Mancha, Rodrigo, Minotauro, Rodrigo, Moledo, Rodrigo, Pessoa, Rodrigo, Pimpão, Rodrigo, Souto, Rodrigo, Tiuí, Rodrigo, Hardy, Rodriguinho, Roger, Roger, Bowling, Roger, Carvalho, Roger, Federer, Roger, Gracie, Rogerinho, Rogério, Rogério, Ceni, Rogerio, Dutra, Rogério, Minotouro, Romain, Grosjean, Romano, Romarinho, Romário, Romulo, Ronaldinho, Gaúcho, Ronaldo, Ronaldo, Alves, Ronaldo, Angelim, Ronaldo, Jacaré, Ronda, Rousey, Rondinelly, Roni, Ronilson, de, Oliveira, Ronny, Rony, Gomes, Rony, Jason, Rooney, Roque, Santa, Cruz, Rory, MacDonald, Rosangela, Santos, Rose, Namajunas, Rosinha, Rossi, Rousimar, Toquinho, Roy, Nelson, Rudnei, Rustam, Khabilov, Ruta, Meilutyte, Ryan, Bader, Ryan, Lochte, Rentería, S, Simi, Sinoê, Saimon, Sam, Sicilia, Samantha, Stosur, Samuel, de, Bona, Samuel, Sandro, Sandro, Silva, Santiago, Ponzinibbio, Sara, Errani, Sara, McMann, Sarah, Menezes, Sassá, Saúl, Canelo, Alvarez, Saviola, Schweinsteiger, Schwenck, Scott, Jorgensen, Scott, Machado, Sebastian, Vettel, Sebastien, Buemi, Seedorf, Serena, Williams, Serginho, Serginho, Paulista, Serginho, Sérgio, Manoel, Sergio, Moraes, Sergio, Pérez, Sergio, Pettis, Sergio, Ramos, Seydou, Keita, Shane, Carwin, Shaun, White, Sheilla, Castro, Shelda, Shelly-Ann, Fraser-Pryce, Shevchenko, Sidão, Siloé, Silvana, Lima, Simona, Halep, Simone, Biles, Sneijder, Sócrates, Soelito, Gohr, Soldado, Solonei, Rocha, Da, Silva, Somália, Sorondo, Souza, Stacy, Stan, Wawrinka, Stefan, Struve, Stekelenburg, Stephan, Bonnar, Stephanie, Gilmore, Stephen, Curry, Stephen, Thompson, Stipe, Miocic, Stoffel, Vandoorne, Suelen, Susana, Schnarndorf, T, Thiaguinho, Tiago, Camilo, Tabata, Vitorino, Taiana, Taj, Burrow, Takeya, Mizugaki, Talisson, Glock, Talita, Talles, Silva, Tande, Tarec, Saffiedine, Tartá, Tatiana, Weston-Webb, Tatiele, de, Carvalho, Tcheco, Tecia, Torres, Teddy, Riner, Teliana, Pereira, Terezinha, Guilhermina, Terry, Tévez, Thaisa, Menezes, Thales, Leites, Theo, Thiago, Braz, Thiago, Alcântara, Thiago, Alves, Thiago, Alves, Thiago, Silva, Thiago, André, Thiago, Bodão, Thiago, Camilo, Thiago, Carleto, Thiago, Carvalho, Thiago, Feltri, Thiago, Galhardo, Thiago, Heleno, Thiago, Humberto, Thiago, Marreta, Thiago, Matias, Thiago, Medeiros, Thiago, Monteiro, Thiago, Neves, Thiago, Pereira, Thiago, Ribeiro, Thiago, Thiago, Silva, Thiago, Simon, Thiago, Tavares, Thiaguinho, Thiego, Thomás, Thomas, Almeida, Thomaz, Bellucci, Tiago, Tiago, Cardoso, Tiago, Luis, Tiago, Splitter, Tiago, Marinho, Tiger, Woods, Tim, Boetsch, Tim, Kennedy, Tim, Means, Timo, Glock, Tina, Maze, Tinga, Titi, Tito, Ortiz, TJ, Dillashaw, TJ, Grant, Tobi, Tom, Brady, Thomas, Daley, Tomas, Berdych, Tommy, Haas, Tony, Tony, Ferguson, Tony, Kanaan, Torben, Grael, Toró, Totti, Travis, Browne, Trevor, Smith, Triguinho, Túlio, Túlio, Maravilha, Túlio, Souza, Tuta, Tyron, Woodley, Tyson, Gay, U, Uelliton, Uendel, Uriah, Hall, Urijah, Faber, Usain, Bolt, V, Victoria, Azarenka, Vargas, Vagner, Love, Valdeno, Brito, Valdin, Valdivia, Valencia, Valentina, Shevchenko, Valentino, Rossi, Valerie, Adams, Valerie, Letourneau, Valmir, Lucas, Valtteri, Bottas, Van, Nistelrooy, Van, Persie, Vander, Vander, Carioca, Vanderlei, Van, der, Sar, Van, der, Vaart, Vanessa, Spínola, Venus, Williams, Vera, Zvonareva, Verón, Veronica, Campbell-Brown, Verônica, Hipólito, Viáfara, Vicente, Vicente, Luque, Victor, Victor, Andrade, Víctor, Cáceres, Victor, Luis, Victor, Penalber, Victor, Ramos, Victorino, Víctor, Valdés, Vidic, Viktor, Troicki, Vilson, Vinicius, Vinicius, Teixeira, Vinny, Magalhães, Viscardi, Andrade, Vitali, Klitschko, Vitaly, Petrov, Vitinho, Vítor, Vitor, Belfort, Vitor, Faverani, Vitor, Felipe, Vitor, Hugo, Mourão, Vitor, Júnior, Vitor, Miranda, Vitória, Rosa, W, Walcott, Wagner, Wagner, Caldeirão, Wagner, Diniz, Wagner, Domingos, Wagner, Galeto, Wallace, Reis, Wallace, Wallyson, Walter, Wanderlei, Silva, Wanderley, Warley, Warlley, Alves, Washington, Welinton, Wellington, Wellington, Monteiro, Wellington, Nem, Wellington, Paulista, Wellington, Saci, Welton, Felipe, Wendel, Wendel, Werley, Wescley, Wesley, Weslley, Weverton, Wiggolly, Dantas, Will, Stevens, William, William, Alves, William, Wiliam, Barbio, William, Matheus, William, Patolino, Willian, Willian, Willian, Farias, Willian, José, Willian, Magrão, Willian, Rocha, Willians, Willie, Gates, Wilson, Wilson, Matias, Wilson, Pittoni, Wilson, Reis, Wladimir, Klitschko, X, Xabi, Alonso, Xandão, Xavi, Xuxa, Y, Yamaguchi, Falcão, Yan, Cabral, Yan, Gomes, Yane, Marcia, Marques, Yarisley, Silva, Yaya, Touré, Yelena, Isinbayeva, Ygor, Yoel, Romero, Yohan, Blake, Yohansson, Nascimento, Yushin, Okami, Z, Zizao, Zach, Makovsky, Zak, Cummings, Zé, Carlos, Zé, Eduardo, Zé, Luís, Zé, Roberto, Zezinho, Zico, Zidane, globo.com, g1, globoesporte, gshow, famosos, &, etc, vídeos, todos, os, sites, ©, Copyright, 2000-2017, Globo, Comunicação, e, Participações, S.A.Política, de, Privacidade, central, globo.com, assine, a, globo.com, anuncie, conosco]
