[Venda, sua, arte, /, Login, do, Artista, Login, /, Cadastre-se, Urban, Arts, Lista, de, Desejos, (Nenhum, item), {{item.name}}, {{item.internalCode}}, Quantidade:, {{item.quantity}}, {{item.labelTotal}}, {{item.total}}, {{basket.totalQuantity}}, item, no, carrinho, {{basket.totalQuantity}}, itens, no, carrinho, Total:, {{formatMoney(basket.totalValue)}}, Concluir, Compra, Seu, carrinho, de, compras, está, vazio., Comprar, produtos, Carregando..., Comprar, produtos, Busca, Busque, produtos,, artes,, prints,, tendência..., Buscar, Login, /, Cadastre-se, Nossas, Artes, Categoria, Nossas, Artes, Abstratos, Animais, Caveiras, Colagem, Comics, Esportes, Fashion, Figurativos, Filmes, Florais, Folclórico, Geométricos, Graffiti, Infantil, Minimalista, Monalisas, Mulheres, Música, Natureza, Oriental, Pop, art, Retrô, Romantico, Sketch, Teatro, Tipografia, Street, art, Vetores, Surrealista, Urbano, Mônica, toy, Cor, Amarelo, Azul, Bege, Branco, Cinza, Laranja, Marrom, Preto, Rosa, Roxo, Verde, Vermelho, Formato, Paisagem, Panorâmico, Quadrado, Retrato, Composições, Veja, todas, Acessórios, Almofadas, Veja, todas, Lambe, Lambe, Veja, todos, hey,, tem, muito, mais, aqui, ;), Acessórios, Camisetas, Femininas, Camisetas, Masculinas, Phone, Posters, Sketchbooks, Lambe, Lambe, Almofadas, Todos, os, objetos, com, arte, Coleções, If, I, Was, an, Art, Veja, a, coleção, completa, Mais, coleções, bacanas, Cool, e, Elegante, Cores, de, Frida, Kahlo, Black, and, White, Rock, and, Roll, Pop, e, clássicos, Frases, Valentina, de, Korolkovas, Poesia, &, Caligrafia, Tributo, Charlie, Brown, Jr, The, Fantastic, Reality, If, I, Was, an, Art, COMPOSIÇÕES, Blog, Urban, Arts, Decor, Endereços, Seja, um, franqueado, Venda, sua, arte, Prints, Categorias, Prints, (39147), Abstratos, (4008), Animais, (2370), Caveiras, (870), Colagem, (654), Comics, (548), Esportes, (508), Fashion, (434), Figurativos, (1435), Filmes, (1106), Florais, (1043), Folclórico, (202), Geométricos, (4462), Graffiti, (176), Infantil, (698), Minimalista, (1323), Monalisas, (61), Mônica, toy, (39), Mulheres, (2059), Música, (1999), Natureza, (3005), Oriental, (190), Pop, art, (1306), Retrô, (884), Romantico, (560), Sketch, (306), Street, art, (372), Surrealista, (760), Teatro, (37), Tipografia, (2133), Urbano, (5001), Vetores, (597), Compre, por, Cor, Predominante, Amarelo, (2769), Azul, (7206), Bege, (2892), Branco, (4977), Cinza, (4867), Laranja, (1592), Marron, (1569), Preto, (4353), Rosa, (2206), Roxo, (1504), Verde, (3143), Vermelho, (2061), Formato, Fotografia, (16), Paisagem, (6537), Panorâmico, (1655), Quadrado, (14263), Retrato, (16671), Fabricantes, @flzvia, (1), @vixtorp, (3), 0, (1), 2, Escovas, (6), 28px, (1), 4b, (2), 89, Fm, a, Rádio, Rock, (10), a, Cúpula, (12), A!£x, Studio, (1), A.Pandolfi, (7), A.Y., (7), A5c, Design, (1), Abel, Marcelino, (1), Abras, (23), Ac, (231), Ac, Piantino, (36), Acácio, Pereira, (9), Acauã, Novais, (1), Adalberto, "miagi", (3), Adan, (12), Adelino, Alves, (2), Ademir, Ferreira, (13), Aderson, Aderson, Santos, (2), Adf, (2), Adilmar, Santos, (2), Adilson, Adl, (2), Adilson, Farias, (4), Adri, Boeck, (3), Adri, Selva, (5), Adriana, Barra, (12), Adriana, D'angieri, (4), Adriana, Ferraz, (5), Adriana, Fornereto, (8), Adriana, Granado, (7), Adriana, Lucas, (1), Adriana, Mancini, (1), Adriana, Nascimento, (1), Adriana, Scartaris, (1), Adriano, Geraldo, (1), Adriano, Oliveira, (1), Adriano, Pereira, de, Araújo, (4), Adz72, (78), Aeon, (5), Afonso, Farias, (1), Afrânio, Lemos, (2), Aguinaldo, Gonçalves, (7), Aidime, (48), Aila, (2), Aimée, Sasaki, (6), Ainho, Alves, (1), Akio, (2), Akio, Nomuro, (1), Akn, Art, Design, (32), Alan, Fendrich, (7), Alan, Gomes, (1), Alan, Lourenço, (7), Alberto, Alves, (2), Alberto, Belarmino, (1), Alberto, Caram, (23), Alberto, Ferreira, (1), Alberto, Mancini, (4), Alberto, Pereira, (3), Alchaar, (3), Aldo, Fabrini, (1), Aldo, Fabrini, (5), Ale, Baggio, (5), Ale, Ibáñez, (89), Ale, Kalko, (5), Alebasi, (3), Alef, Pianelli, (1), Alejandro, Rosas, (18), Alessandra, (5), Alessandra, Comini, (36), Alethea, Varella, (6), Alex, Hagas, (2), Alex, Heidrich, (1), Alex, Korolkovas, (17), Alex, Miller, (5), Alex, Reis, (1), Alex, Rodrigues, (4), Alex, Souto, (4), Alex, Torres, (14), Alex, Zzini, (9), Alexandre, Fauza, (1), Alexandre, B, A, (1), Alexandre, de, Morais, (1), Alexandre, Deco, (20), Alexandre, Lima, (1), Alexandre, Marin, (1), Alexandre, Mauro, (11), Alexandre, Miranda, P, Dos, Anjos, (4), Alexandre, Oliveira, (10), Alexandre, Otranto, Esquitini, (5), Alexandre, P., Macedo, (2), Alexandre, Perotto, (152), Alexandre, Pimenta, (32), Alexandre, Reis, (356), Alexandre, Vidal, (1), Alexandre, Yumoto, Graziani, (10), Alexandrerosa, (17), Alexandrino, (11), Alexis, Rebula, (7), Alexrp.Rs, (102), Alexsander, Souza, (16), Alf, Ribeiro, (2), Alfaya, M., (2), Ali, Gulec, (60), Alien, Sapiens, Sapiens, (14), Aline, Biz, (3), Aline, Chaves, (10), Aline, Chiappetta, (9), Aline, Christal, (17), Aline, Denise, (3), Aline, Esteves, (1), Aline, Fraenkel, (2), Aline, Hernandes, (5), Aline, Lopes, Peres, (1), Aline, Niederauer, (2), Aline, Paes, (6), Aline, Vieira, (5), Alisson, Prazeres, (2), All, Type, (157), Allan, Gregorio, (2), Allan, Lopes, Sant'ana, (1), Allan, Prado, (1), Allan, Ramos, (2), Allan, Rodrigo, (4), Allan, S.Ribeiro, (4), Ally, Coxon, (15), Alopra, Estúdio, (8), Altovolta, (5), Alves, (4), Alvim, (2), Alyne, Favoretti, (1), Alyne, Spitti, (2), Amadeo, Gc, (3), Amanda, Duarte, (1), Amanda, Merlin, (14), Amanda, Mol, (1), Amanda, Paschoal, (2), Amanda, Siqueira, Braide, (13), Amandalas, (5), Amarante,, R., (7), Amarelices, (14), Amarelo, Limão, (11), Amir, Faysal, (7), Amy, Katherine, (1), Ana, Andreiolo, (27), Ana, Azeveddo, (2), Ana, Baccaro, (2), Ana, Banana, (1), Ana, Barbara, (1), Ana, Barrios, (16), Ana, Carla, Batista, Corrêa, (1), Ana, Carolina, Souza, Fernandes, (1), Ana, Casatti, (48), Ana, Cristina, Maciel, (1), Ana, Gato, (3), Ana, Greco, (6), Ana, Jorge, (6), Ana, Lu, Grosso, (5), Ana, Luiza, Albuquerque, (5), Ana, Maran, (1), Ana, Marcela, (34), Ana, Maria, Marchi, (9), Ana, Maria, Noé, (8), Ana, Mei, (7), Ana, Naves, (2), Ana, Novis, (2), Ana, Paula, Barros, (2), Ana, Paula, Barros, (1), Ana, Paula, Castro, (1), Ana, Paula, Hoppe, (285), Ana, Paula, Munaretto, (1), Ana, Pilhaz, (26), Ana, Rovina, (1), Ana, Schad, (73), Anafreckles, (2), Anai, Greog, (1), Analu, Louise, (1), Anandices, (5), Anaromera, (5), Anastassia, Graf, (4), Anderson, Inocência, (1), Anderson, Mathias, (1), Anderson, Peron, (6), Anderson, Tavares, (3), Andre, Art, (2), André, Azambuja, (8), André, Brik, (1), André, Bucci, (58), André, Calazans, (24), André, Chaves, (4), André, Damásio, (35), André, Diniz, (13), André, Ferraz, (1), Andre, Havro, (24), Andre, Joaquim, (232), Andre, Jones, (2), André, Magri, (1), André, Oliveira, (1), André, Pereira, (1), André, Persechini, (9), André, Pires, (19), André, Piza, (3), André, Pizzolo, (35), André, Ribeiro, de, Araujo, (11), Andre, Robusti, (3), André, Schebba, (3), André, Stefano, (29), André, Trigueiro, (25), Andrea, Brazil, Mugnaini, (19), Andrea, Cajuhi, (24), Andréa, Carvalho, de, Freitas, (28), Andrea, Jibrine, (2), Andrea, Loyola, (9), Andrea, Mello, (11), Andreas, Campos, (6), Andredpx, (3), Andreh, Santos, (127), Andremartinst, (12), Andressa, Matos, (1), Andressa, Passuello, (3), Andrew, Philip, Saldanha, de, França, (7), Andreza, Silviano, Francisco, (2), Andrezza, Gois, (4), Andso, (3), Andy, Alves, (11), Ane, Amaral, (1), Angel, (1), Angela, Takagui, (1), Angélica, Cassiri, (2), Angelo, Cerantola, (40), Angra, Terezan, (1), Anna, Brandão, (1), Anna, Fernandes, (4), Anna, Palma, Bodra, (2), Anna, Solimene, (5), Annike, Limborço, (46), Anny, Carvalho, (1), Anomic, (1), Antonia, Danyella, Xavier, de, Oliveira, (6), Antonio, Carlos, (31), Antonio, Carlos, Gama, (1), Antonio, Pimenta, (1), Antonio, Salaverry, (2), Antonio, Sandes, (6), Antor, Beltrame, (21), Apachennov, (59), Aqi, Luciano, (5), Ara, (2), Arcalmatico, (2), Are, Design, (1), Ariane, Souza, (1), Ariella, Oliveira, (9), Arielly, Roberta, (5), Armando, Santos, (3), Ars, Moriendee, (3), Art7decor, (36), Artdobrito, (2), Arte, de, Bolso, (13), Arteline, (10), Arthur, Lee, (1), Arthuro, (9), Artjuck, (2), Artur, Arias, Dutra, (3), Artur, Garcia, (1), Artur, Kjá, (17), Ataraxiaowl, (4), Augusto, Amaral, (1), Augusto, Figliaggi, (12), Augusto, Goes, (2), Augusto, Lima, (47), Augusto, Venerando, (1), Aurélio, Moraes, (2), Auzani, (3), Ayodê, França, (10), Az, (1), Azo, (9), B.Miguelk, (15), Babi, Bertoldi, (1), Babi, Tubelo, (5), Baconphilia, (31), Bada, Bada, (7), Bakudas, (4), Balazs, Solti, (104), Bárbara, Bacan, (6), Barbara, D'avila, (4), Barbara, Gomes, (18), Barbara, Kramer, (38), Bárbara, Kramer, 0., (3), Barletta, (29), Barquinho, No, Mar, (2), Barth, (2), Basia, Illustration, (8), Batatus, (8), Bc.Lucena, (2), Beatriz, (1), Beatriz, Batisteli, (11), Beatriz, Batisteli, (1), Beatriz, Lamanna, (4), Beatriz, Lima, (1), Beatriz, Meneses, (11), Beatriz, Sampaio, (1), Beatriz, Sanches, (5), Becailustra, (5), Bel, Sipahi, (1), Belarmino, (1), Belas, Artes, (19), Bella, Cabral, (3), Benedicto, Junior, (1), Bentinho, (1), Bergoli, (4), Berlemes, (1), Bernardo, (2), Bernardo, Assis, Brasil, (4), Bernardo, Aurélio, (5), Bernardo, Bittencourt, (14), Bernardo, Prata, (29), Bernardo, Tavares, (8), Bert, Reis, (1), Beta, Egypto, (1), Bete, Marques, (9), Bete, Nobrega, (2), Beth, Klock, (8), Betinho, Paciullo, (5), Beto, Noval, (11), Beto, Nunes, (1), Beto, Reis, (3), Bfrema, (1), Bhromatto, (40), Bia, Paulo, (1), Bia, Prado, (1), Bianca, (1), Bianca, Antonon, (1), Bianca, Morassutti, (3), Bianca, Piros, (23), Bibi, Picon, (19), Bibiana, Lima, (4), Bichicleta, (4), Bicubico, (18), Bieh, (1), Bihh, Alves, (3), Billy, The, Kid, (16), Billy, Victor, (18), Bina, (1), Binho, Borges, (21), Birita, Illustration, (6), Bit, (3), Bits, (2), Black, (5), Blanco, (3), Blythecon, Sp, (16), Bmrqx, (219), Bô, Brega, (1), Bonfa, (6), Boni, (1), Boni, Barbosa, (45), Borges, (18), Bormaister, (1), Bosco,, Ricardo, (2), Braga, Comics, (4), Brancalion, (1), Brandinoce, (12), Bräo, (1), Brebottes, (2), Brendo, Trolesi, (18), Breno, Antunes, (230), Breno, Bevilaqua, (9), Breno, Branches, (2), Breno, Luz, Morais, (15), Breno, Matias, (6), Breno, Rocha, (6), Brevvi, (13), Brique, (1), Brito78, (13), Britto, (16), Bronks, (5), Bronkz, (31), Bru, Aliperti, (3), Bruna, (4), Bruna, Canavezi, (9), Bruna, Del, Sarto, (3), Bruna, Dias, (1), Bruna, Dias, Neves, (10), Bruna, Issa, (20), Bruna, Lago, (20), Bruna, Lourenço, (1), Bruna, Medeiros, (1), Bruna, Miranda, (1), Bruna, Raniero, (69), Bruna, Sousa, (1), Bruna, Von, Glück, (2), Bruna, Zanardo, (24), Bruna, Zanella, (10), Brunelli, (4), Bruno, Amorim, Fernandes, (3), Bruno, Barnabé, (2), Bruno, Breda, Dos, Santos, (2), Bruno, Camargo, (9), Bruno, Carachesti, (1), Bruno, Corra, (8), Bruno, Dellani, (6), Bruno, Eid, (2), Bruno, Franco, (4), Bruno, Gobb, (2), Bruno, Gonçales, -, Cr, (19), Bruno, Jerônimo, (1), Bruno, Kulczynski, (1), Bruno, Le, Grazie, (2), Bruno, Lima, (34), Bruno, Lopes, (2), Bruno, Marafigo, (8), Bruno, Marçal, (5), Bruno, Marques, (14), Bruno, Marsiglio, Soares, (1), Bruno, Massao, (6), Brüno, Melo, (1), Bruno, Momezzo, (14), Bruno, Monteiro, (4), Bruno, Novaes, (70), Bruno, Oliveira, (7), Bruno, Oro, (1), Bruno, Pego, (1), Bruno, Prosaiko, (1), Bruno, Reis, (3), Bruno, Rodrigues, (15), Bruno, Rosa, (1), Bruno, Sacenti, Fossatti, (16), Bruno, Scramgnon, (2), Bruno, Silva, (3), Bruno, Souza, (1), Bruno, Zório, (7), Bueno, Amaral, (10), Burcukorkmazyurek, (9), By, Aline, Albino, (10), C., Coelho, (5), C., Rosa, (6), C_ra, (17), Caca, Borges, (1), Cacá, França, (3), Cachemaille, (2), Cachorros, Insólitos, (18), Cadu, Cavalcanti, (3), Caetano, Rocha, (6), Caio, Barreira, (3), Caio, Camarinha, (1), Caio, da, Silva, (1), Caio, Labueno, (9), Caio, Quintino, (18), Caio, Santos, Siqueira, (11), Caio, Souza, (19), Caito, Junqueira, (2), Cajila, Caã, (1), Calixto, (6), Callazs, (6), Cami, Bernardino, (1), Camila, Aringhieri, (6), Camila, Arruda, (1), Camila, Bernardo, (1), Camila, Boff, (3), Camila, Cardenaz, (4), Camila, de, Ávila, (2), Camila, Demian, (3), Camila, do, Rosário, (23), Camila, Fontenele, (23), Camila, Ghendov, (35), Camila, Gondo, (14), Camila, Goulart, (43), Camila, Guidelli, Arte, (2), Camila, Junqueira, (3), Camila, Matos, (13), Camila, Meulam, (6), Camila, Miki, (5), Camila, Monteiro, de, Lima, (19), Camila, Nagy, (2), Camila, Oliveira, (38), Camila, Pasinato, (7), Camila, Pedrozo, (3), Camila, Peres, (2), Camila, Picheco, (9), Camila, Pontes, (5), Camila, Prates, (7), Camila, Sentinelli, (2), Camila, Thiers, (1), Camila, Véras, (24), Camilla, &, Gabriel, (9), Camilla, Cheade, (1), Camille, (1), Camilo, Alves, (1), Camilo, Carvalho, (1), Camilo, Mello, (128), Camis, Feitosa, (9), Capuano, Ilustra, (4), Carbine, (2), Carina, Cogo, (5), Carine, Sant'anna, (1), Carla, Pedraça, (9), Carlitos, (20), Carlos, Andrei, Cunha, (1), Carlos, Araujo, (11), Carlos, Caminha, (18), Carlos, Carvalho, (1), Carlos, Donaduzzi, (15), Carlos, Fernandes, (24), Carlos, Henrique, Dos, Santos, (2), Carlos, Magno, (6), Carlos, Mamede, (15), Carlos, Peder, (1), Carlos, Siqueira, (3), Carlos, Verdini, Clare, (2), Carmatt, (1), Carmela, Caldart, (10), Carn, (3), Carol, Pinho, (7), Carol, Pizetta, (3), Carol, Pontvianne, (5), Carol, Prado, (3), Carol, Vianna, (18), Carol, Wang, (8), Carolina, Bottacin, (1), Carolina, Carneiro, (3), Carolina, Mesquita, (5), Carolina, Pitanga, (1), Carolina, Vargas, |, Cvargas, Photo.Graph, (8), Caroline, Feijó, (10), Caroline, Lima, (27), Caroline, Tavares, (4), Carolminhola, (3), Cartoposters, (2), Carvalhostuff, (3), Caryor, Design, (1), Casa, da, Olga, (38), Casada, Justina, (2), Casarin, (1), Cássio, Toshiyoka, (4), Catarina, (2), Catarina, Quiozini, (3), Catenzaro, (17), Catherine, (4), Cau, Snevlan, (28), Cb, (3), Cecilia, Abeid, (4), Cecília, Isabel, (1), Cecilia, Murgel, Drawings, (4), Cecílio, Mendes, (1), Cela, Lm, (2), Celie, (1), Celina, Fávero, (7), Célio, Claudino, (3), Celito, Medeiros, (116), Cely, Ferreira, (8), Cerqueira, Aguiar, (1), César, Cartum, (10), Cesar, Escher, (1), Cesar, Gnm, (1), César, Ovalle, (72), Cesar, Paes, Barreto, (3), Cesar, Reynaux, (4), Cesar, S, (1), Cesar, Terranova, (3), C'est, Pas, L'art, (3), Chagas, (2), Chão, Que, Eu, Piso, (5), Chaps, Melo, (1), Charadabrasileiro, Vetor, (21), Charles, Chaplin, (4), Cheo, (2), Chico, Baldini, (2), Cho, (2), Chris,, The, Red, (13), Christine, Nightingale, (40), Chuviscoderisco, (1), Cibele, Gomes, (17), Cicero, Villas-Boas, (1), Ciro, (41), Clara, Mcallister, (18), Clara, Pierrotti, (2), Clara, Ungaretti, (19), Clarissa, Motta, Nunes, (1), Clarissa, Paiva, (2), Clarots, (2), Claudia, Araujo, (138), Claudia, Bartoly, (1), Claudia, Derviche, (36), Claudia, Hein, (14), Claudia, Lamberti, (6), Claudia, Souza, (6), Cláudia, Tostes, (8), Claudio, Boczon, (12), Claudio, de, Marco, (9), Claudio, Donato, (3), Claudio, Pepper, (141), Claudio, Vaz, (2), Claurosa, (6), Cleber, Rafael, de, Campos, (3), Cleiby, Trevisan, (1), Cléo, Neri, (9), Cleudon, Jr, (6), Colecionador, de, Imagens, (5), Coletivo, Tipo, Assim, (8), Comercial, Mabru, Produtos, de, Limpeza, Ltda, -, Me, (1), Connect, 26, (1), Conrado, Revolver, Kustom, (4), Consolee, (1), Constantino, (6), Cordel, Pelo, Mundafora, (5), Cort9, (3), Côrtes, (3), Cosmopolitan, Design, (3), Costa, (47), Cox, (1), Cpcs, (2), Creaty, (1), Crespo, Aka, Bouclé, (1), Crioteca, (3), Cris, Conde, (15), Cris, Coutinho, (28), Cris, Gommes, -, Stencil, Multilayer, (23), Cris, Motta, (4), Cris, Ramos, (1), Cristian, Santos, (10), Cristiano, Silva, (2), Cristina, B., (20), Cristina, Jacó, (1), Cristina, Pereira, (5), Cristo, Emilio, (8), Crisvector, (20), Cunha, (1), Cynthia, Godoy, (1), D., Silva, (2), D.A., (7), da, Hora, (1), Dado, Aidar, (7), Dafne, Cristhinne, Pellizzaro, (5), Dago, Lenhart, (5), Dagoberto, Nogueira, (3), Dalle, (9), Dalton, Carvalho, (9), Dani, Libardi, (3), Dani, Mota, (7), Dani, Pires, (42), Dani, Purper, (366), Daniel, Alves, (3), Daniel, Andres, (2), Daniel, Araujo, (2), Daniel, Arruda, (18), Daniel, Bisonti, Taira, (144), Daniel, Bonavita, (15), Daniel, Borba, Lefevre, (20), Daniel, Collina, (2), Daniel, Dallago, (1), Daniel, de, Carvalho, (5), Daniel, Ekizian, (4), Daniel, Faria, (2), Daniel, Figueiredo, (1), Daniel, Gom, (13), Daniel, Griza, (3), Daniel, Hercolin, (1), Daniel, Malta, (84), Daniel, Nardes, (1), Daniel, Normal, (1), Daniel, Oliveira, (7), Daniel, Outeiro, (3), Daniel, Perfeito, (351), Daniel, Petersen, (2), Daniel, Tavares, (21), Daniel, Vincent, (4), Daniela, Albuquerque, Barbosa, (1), Daniela, Cabral, Bandeira, (1), Daniela, Espírito, Santo, (1), Daniela, Freitas, (2), Daniela, Trindade, (1), Daniela, Velazquez, (1), Daniele, Larri, (16), Danielle, Dantas, (3), Danielle, Raupp, Borba, (1), Danillo, (1), Danilo, Batista, (22), Danilo, Bear, (1), Danilo, Costa, (4), Danilo, de, Alexandria, (13), Danilo, Fiocco, (7), Danilo, Freitas, Ignacio, (2), Danilo, Gonçalves, (84), Danilo, Pavani, (9), Danilo, Rebello, (30), Danilo, Seabra, (1), Danilo, Toledo, (1), Danny, Ivan, (27), Danny, Zappa, (13), Danylo, Vasconcelos, (9), Dapart, (4), Dato, Didishvili, (4), Davi, Bonvini, (1), Davi, Menezes, (3), Davi, Okamura, Jaenick, (1), Davi, Rezende, (1), David, Bertoli, (95), David, Fernandes, (28), David, Jung, (13), David, Melo, (1), David, Melo, Mourao, (2), David, Motta, (5), Dayane, Ricci, (6), Daysa, Darcin, (1), Dayse, Sousa, (1), Dca, (9), de, Duas,, Uma, (28), de, Felice, (11), de, Lima, (1), de, Orte, (9), Debbie, (3), Debora, Cesana, (6), Débora, de, Marilac, Friaça, (2), Debora, Gerbas, (29), Débora, Viana, (79), Decimal, (10), Decio, Ramires, (6), Dedé, Dobler, (9), Deia, Menezes, (1), Deisa, Einsfeld, (17), Dejair, Gonçalves, (3), Delianne, Lima, (9), Della, Rocca, (6), Dengú, (19), Denianlopes, (1), Denis, Fonseca, (1), Denise, Bruno, (11), Denise, Homsi, (1), Denise, Mendy's, (7), Denise, Sicari, (4), Desidério, (1), Desirée, Dos, Santos, (8), Desirée, Feldmann, (73), Desposyni, (2), Devaneios, Urbanos, (163), Dhiogo, Augusto, (1), Di, Fogaça, (1), Di, Salvo, (1), Di/, (2), Dias, (3), Didier, (2), Diego, Alves, Correa, (1), Diego, Bonadiman, (2), Diego, Brutal, (5), Diego, Carneiro, (2), Diego, Correia, (15), Diego, da, Silva, Andrade, (3), Diego, Fagundes, (9), Diego, Farias, (1), Diego, Fonseca, (49), Diego, Gouvea, (3), Diego, Ilustra, (10), Diego, Machuca, (7), Diego, Maricato, (1), Diego, Moscardini, (6), Diego, Pincerati, (2), Diego, Prudencio, (4), Diego, Rb, (10), Diego, Rodrigues, S., Gurgel, (3), Diego, Rohling, (4), Diego, Rosa, (1), Diego, Santo, (4), Diego, Tomé, da, Silva, (1), Diego, Viana, Gomes, (3), Diet, Munhoz, (9), Di-Lua, Criativa, (8), Dimaz, Restivo, (13), Dinho, Faber, (19), Diogo, Lean, Veiga, (1), Diogo, Machado, (17), Diogo, Salles, (2), Diogo, Suzzato, (2), Dircelan, Souza, (2), Diretório, do, Design, (73), Dnepwu, (5), Dog, Models, (32), Dois79, (333), Dom, Dip, (17), Don, Chuck, Carvalho, (52), Don, Gelato, (5), Donatangelo, (5), Donatto, (1), Doodle, Life, (1), Doppio, Studio, (4), Dorival, Maggioni, Finotto, (41), Dornellaz, (15), Douglas, Belle, (1), Douglas, Borba, (83), Douglas, Recall, (1), Douglas, Rossi, (1), Dpepper, (2), Dr., Lukas, Brezak, (23), Dreadarte, (3), Dream, 87, (2), Drica, Samoura, (59), Drika, Barsante, (4), Drika, Goulart, (4), Drika, Prates, (5), Drikaski, (5), Drikotah, (1), Du, Amaral, (6), Duar, Gaia, (42), Duardo, Costa, de, Oliveira, (3), Duayer, (2), Ducca, (3), Duda, Lanna, (43), Dudu, Ramírez, (9), Dujr, (2), Dulclerci, Sternadt, (8), Dusreis, (2), E.Landim, (7), Eangeli, (1), Ebbëto, (4), Ed, -, Hand, &, Ink, (23), Ed_magalhães, (1), Edde, Wagner, Jr, (5), Eddie, Gomez, (32), Eddu, Ferraccioli, (100), Edgar, Petriccione, (14), Edgard, Mello, (9), Ediago, Quincó, (1), Ednaldo, Baraka, (22), Edson, Lima, (4), Edson, Ramos, (8), Edson, Vidal, (1), Edú, Marron, (22), Edu, Natario, (23), Eduardo, Aló, (1), Eduardo, Benetti, (3), Eduardo, Borsero, (1), Eduardo, Caldeira, (3), Eduardo, Dias, (1), Eduardo, Flores, (1), Eduardo, Franco, (28), Eduardo, Lanzoni, (1), Eduardo, Lucchesi, (2), Eduardo, Maluf, de, Campos, (1), Eduardo, Myr, (6), Eduardo, Paviani, (2), Eduardo, Ribeiro, (1), Eduardo, Schaal, (10), Eduardo, Sousa, e, Silva, (3), Edugontijo, (3), Edumegale, (2), Edurdo, Babadopulos, (10), Edusilva, (2), Eduzal, (18), Égon, Camargo, (1), Ehoewell, (2), Eizots, (3), El, Giba, (1), Eládio, Ferreira, (26), Eldon, Oliveira, (16), Elemento, (2), Eliman, Amaral, (1), Elisa, Carreno, (7), Elisa, Sassi, (45), Elisabeth, Fredriksson, (140), Elisriba, (2), Elizeulopes, (1), Elo, (49), Elton, Fernandes, (32), Élton, Pereira, (2), Eluxtration, (2), em, Cada, Quadro, (1), Emanuela, (18), Eme, Nascimento, (3), Emerson, Coe, (2), Emersondias, (1), Emi, Takahashi, (3), Emilia, (1), Emoraes, (92), Eneida, Figueiredo, (1), Eric, Licen, (8), Eric, Lovric, (2), Eric, Mello, (4), Erica, Abiko, (37), Erica, Mizutani, (3), Erich, Sacco, (8), Erick, Ferraz, (7), Erick, Gianezzi, (28), Érico, Collyer, (1), Ervilha, (2), Esos, (1), Éssipê, (4), Estefanoss, (1), Estúdio, Area, (12), Estúdio, Cam, (1), Estúdio, Icertain, (42), Eti, Pellizzari, (6), Eu, Me, Chamo, Antônio, (34), Eumauro, (1), Eva, Mansk, (7), Eva, Uviedo, (2), Evandro, Prado, (18), Eveline, Pezzini, (3), Everton, Caetano, (11), Everton, Iansen, (1), Evertt, de, Sousa, (3), Everythinsta, (22), F.Micha, (6), Fabi, Mainier, (17), Fabiana, Amaral, (3), Fabiana, de, Moraes, Eggert, (1), Fabiana, Duque, (4), Fabiana, Queiroga, (9), Fabiana, Silveira, (4), Fabiane, Lima, (1), Fabiano, Ignacio, (11), Fabiano, Sanromã, (6), Fábio, (1), Fábio, Albuquerque, (6), Fábio, Andrade, (3), Fabio, Bellan, (1), Fabio, Carvalho, (42), Fabio, Condutta, (119), Fabio, Couceiro, (9), Fábio, Dos, Santos, Teixeira, (23), Fabio, Fernandez, (2), Fábio, Florentino, (4), Fabio, Gomes, (6), Fabio, Guerreiro, (1), Fabio, Lisi, (11), Fabio, Liu, (2), Fabio, Lopes, (6), Fábio, Luna, (4), Fabio, Maca, (8), Fabio, Mesquita, (5), Fabio, Parente, (1), Fabio, Penna, (10), Fabio, Pereira, (7), Fábio, Plothow, (20), Fabio, Rex, (5), Fábio, Reynol, (14), Fabio, Ribeiro, (1), Fabio, Rocha, (6), Fábio, Santos, (1), Fabio, Torres, (5), Fabio, Vitali, (4), Fabrice, Bonmartin, (1), Fabricio, Biroy, (2), Fabricio, Goes, (12), Fabricio, Klug, (65), Fabricio, Macedo, (4), Fabricio, Montezuma, (19), Faeldorneles, (1), Fagner, Alves, (1), Fagner, Martins, (56), Fagundera, (3), Fagundes, (1), Falcao, Lucas, (3), Fany, (9), Farofa, (1), Farofar, (3), Fashionislinear, (4), Fausto, Junior, (21), Fausto, Soares, Capellari, (4), Fbianchi, (10), Fc, Photography, (52), Fe, Lobo, (3), Fe, Pastuchen, (3), Fel, Gonçales, (2), Feliciano, Sampaio, (1), Felipe, Alves, (10), Felipe, André, (1), Felipe, Bizzi, (1), Felipe, Blanco, (2), Felipe, Campos, (1), Felipe, Cardoso, (2), Felipe, Carvalho, (8), Felipe, Chavez, (448), Felipe, Coleti, (1), Felipe, Ferreira, (1), Felipe, Ferreira, (4), Felipe, Galvão, (9), Felipe, Gvam, (2), Felipe, Kayatt, (1), Felipe, Khill, (9), Felipe, Lenon, (11), Felipe, Lessa, (23), Felipe, Luigi, (8), Felipe, Maciel, (2), Felipe, Minas, (12), Felipe, Navega, (20), Felipe, Pires, (1), Felipe, Soares, (72), Felipe, Sucasas, (8), Felipe, Vaz, (11), Felipe, Villamarin, Garcia, Zamana, (2), Felipemnds, (2), Fellipe, Pacheco, (4), Fellipe, Shake, (2), Femaida, (1), Fernanda, Altenfelder, (5), Fernanda, Campos, (2), Fernanda, Cobra, (8), Fernanda, de, Angelo, (3), Fernanda, de, Biaggi, (20), Fernanda, Faggioni, (3), Fernanda, Fukelman, (2), Fernanda, Giannini, (1), Fernanda, Jacobsen, (7), Fernanda, Justen, (4), Fernanda, Matos, (1), Fernanda, Millani, (10), Fernanda, Ottoni, (53), Fernanda, Peltier, (20), Fernanda, Ramos, (1), Fernanda, Veras, (2), Fernando, Abreu, (1), Fernando, Alonso, (1), Fernando, B., (1), Fernando, Barros, (29), Fernando, Bernardo, Prandi, (1), Fernando, Degrossi, (21), Fernando, Dos, Anjos, Lacerda, (3), Fernando, Feldberg, (1), Fernando, Fernandes, (3), Fernando, Fragoso,, F.F., (1), Fernando, Garroux, (1), Fernando, Jr., (3), Fernando, Lacerda, (5), Fernando, Lima, (1), Fernando, Medeiros, (10), Fernando, Moraes, (1), Fernando, Passos, (2), Fernando, Rocks, (112), Fernando, Rodrigues, (2), Fernando, Siniscalchi, (8), Fernando, Takashi, (8), Fernando, Vieira, (279), Ferracioli, (4), Ferreristico, (17), Fhero, (13), Fhypolito, (5), Fiaarita, (36), Filhodopadeiro, (4), Filipe, Alvarenga, (44), Filipe, Azevedo, (9), Filipe, Costa, (6), Filipe, Morgado, (1), Filipe, Pacheco, (18), Filipe, Ramos, (3), Filipe, Rossetti, (6), Filypi, Bastos, (6), Firsoff, (1), Flav, (1), Flavia, Andrioli, (5), Flavia, Carvalho, Pinto, (5), Flávia, Ferraz, (12), Flávia, Garcia, Borges, (9), Flávia, Giorgetti, (2), Flavia, Glei, (11), Flávia, Lag, (6), Flavia, Norte, (2), Flavia, Possani, (14), Flávia, Soufer, (1), Flavinha, Mello, (1), Flavio, Alexandrino, (2), Flavio, Catão, (2), Flávio, Deslandes, (2), Flávio, Edreira, (3), Flavio, Fonseca, (1), Flavio, Veloso, (5), Flávio, Wetten, (1), Flpires, (28), Fly, Work, (12), Fnunes, (4), Fortex, (5), Frakills, (4), Fran6, (10), Francesca, Trubbianelli, (3), Franciel, Braga, (15), Francine, (2), Francis, Farago, (104), Francisco, Freitas, (14), Francisco, de, Sousa, Vieira, Filho, (17), Francisco, Emanuel, de, Souza, (1), Francisco, Luiz, Fernando, Silva, (1), Francisco, Tavares, (1), Francisco, Valle, (243), Franco, Mathson, (57), Franklin, Johansen, Costa, Lima, (3), Franklin, Maimone, (18), Franklin, Silvério, (1), Frederico, Amoz, (2), Frederico, Birchal, (144), Frederico, de, Melo, (7), Frederico, Mascarenhas, (32), Frederico, Salvo, (5), Fried, Santana, (1), Fuentes, (2), G.Bucci, (1), G2aw, (11), Gaah, (13), Gabee, Brandão, (1), Gabi, Aoyagi, (1), Gabi, Bessa, (3), Gabi, Doernte, (2), Gabi, Scheffler, (1), Gabi, Vianna, (6), Gabi, Von, Gal, (14), Gabi_carrato, (16), Gabisoueu, (1), Gabriel, Araújo, (21), Gabriel, Brindo, (2), Gabriel, Brito, (1), Gabriel, Cabral, (1), Gabriel, Carvalho, (3), Gabriel, de, Lemos, (3), Gabriel, de, Moura, (3), Gabriel, Fragoso, (9), Gabriel, Gallina, (31), Gabriel, H, (4), Gabriel, Hardt, (1), Gabriel, Hislla, (10), Gabriel, Leonardo, (2), Gabriel, Marques, (12), Gabriel, Martins, (39), Gabriel, Morais, (3), Gabriel, Pardal, (4), Gabriel, Queiroz, Vellani, (1), Gabriel, Quintão, (5), Gabriel, Russo, (1), Gabriel, Weiss, (1), Gabriela, Dantur, (4), Gabriela, David, (5), Gabriela, Marchioro, (1), Gabriela, Z, (7), Gaby, Firmo, (5), Gaforina, (19), Galaxy, Eyes, (86), Gallo, Art, (8), Gambôa, (1), Gavaphotodesign, (14), Geison, Araujo, (7), Geo, Dias, (5), George, Schall, (2), George, Vasconcelos, (2), Georgia, Leopoldi, (2), Gepere, (2), Geraldo, Magela, Dos, Santos, (1), Gerhard, (6), Gerson, Neves, (6), Géssica, Sena, (8), Gfreire, (1), Ggaeissame, (47), Gi, Archanjo, (14), Giba, Gomes, (4), Gigi, Azevedo, (58), Giimazzali, (5), Gil, B, (7), Gil, Lima, (4), Gilberto, Galdino, (7), Gilberto, Queiroz, (4), Gim, (4), Ginger, Pigg, (1), Giovanna, Trombini, (4), Giovanni, Cattani, (2), Girundi, (1), Gisela, Pizzatto, (37), Gisele, Ambrósio, (32), Giselle, Galvão, (1), Giu, Ramaglia, (1), Giuliana, Fernandes, (1), Glauberovsky, (10), Glaucia, (2), Gláucio, Henrique, Moro, (8), Glauco, Tavares, (1), Glauco, Vilas, Boas, (1), Gleiton, Silva, Bastos, Filho, (1), Glued, Heads, (10), Gm.Bermêo, (1), Go, Peter, (3), Golo, Design, (27), Gomesvix, (29), Gonçalo, Pavanello, (1), Gorayeb, (4), Gordinn, (1), Gotts, (3), Gra, Pereira, (4), Grace, Oda, (4), Gracie, Costa, (2), Grazie, Granata, (39), Graziela, Aparecida, da, Silva, (1), Greg, (1), Greyci, Lima, (1), Gu, König, (3), Gualter, Naves, (15), Gudino, Miranda, (2), Gui, Monteiro, (6), Gui, Moraes, (1), Gui, Pinheiro, (6), Guibi, (3), Guilão, (3), Guilherme, Alberto, Weiler, Gomes, (2), Guilherme, Almeida, (1), Guilherme, Dias, (1), Guilherme, Eugenio, (6), Guilherme, Ferreira, Craveiro, (1), Guilherme, Ganc, (4), Guilherme, Gug, (2), Guilherme, Malaquias, (37), Guilherme, Marconi, (43), Guilherme, Pinto, Borges, (3), Guilherme, Pires, (2), Guilherme, Pontes, (11), Guilherme, Rodrigues, (35), Guilherme, Rosa, (18), Guilherme, Senhorine, (1), Guilherme, Telles, (1), Guilherme, Vaz, (2), Guilherme, Vitor, (2), Guilhermina, Guinle, (17), Guimchi, (1), Guitarras, (11), Gustavo, Athayde, (1), Gustavo, Cavalheiro, (3), Gustavo, Costa, (2), Gustavo, de, Oliveira, Valente, (4), Gustavo, Elias, Borges, Dos, Santos, (6), Gustavo, Ernandes, (1), Gustavo, Filipe, Ribeiro, (3), Gustavo, Heringer, (6), Gustavo, Kondo, (1), Gustavo, Lira, (4), Gustavo, Lovalho, (10), Gustavo, Mateus, Gontijo, (13), Gustavo, Matins, Mendes, (1), Gustavo, Maximiliano, Klein, (2), Gustavo, Nardini, (21), Gustavo, Roque, (3), Gustavo, Saldanha, Santana, (19), Gustavo, Schlittler, (7), Gustavo, Sturion, (2), Guto, Bernardo, (1), Guto, Reiiz, (75), Guz, Eri, (18), Gvsto, (1), Hamilton, Antunes, (1), Handerson, Apelfeler, (1), Hannah, Tatagiba, (9), Hard, Party, (1), Haron, Alves, (16), Hayley, Cross, (1), Hbjerson, (6), Hector, Gomez, (19), Hector, Lourenço, (2), Heidy, Wein, (21), Heitor, Pontes, (13), Helder, Serralva, (1), Helô, Pavan, (6), Heloisa, Castro, (2), Hendrelchosen, (98), Henrico, Cobianchi, (27), Henrique, Froes, de, Oliveira, (3), Henrique, Johansson, Tramontina, (1), Henrique, L, Nunes, (2), Henrique, Nobrega, (88), Henrique, Santini, (1), Henrique, Siqueira, (1), Henrique, Vaz, (3), Henry, Fila, (2), Henry, Rivers, (12), Herbert, Mitraud, Silva, (1), Hércules, Breno, F., da, Silva, (1), Hermelindo, (6), Hideki, Mendes, Kozuma, (4), Hidesign, (5), Higor, Magno, (23), Hiperbolizando, Letras, (15), Hjoilustra, (3), Hnr, (108), Hobson, Mao, (1), Homor, (38), Honorio, (1), Horsehead, (1), Hosana, Gomes, (3), Hoton, Ventura, (6), Hraun, (22), Hudson, Melo, (6), Hugo, César, (8), Hugo, Chinaglia, (24), Humba, (1), Humberto, Cunha, (16), Hvs, (6), Hydra, (1), Iamada, (6), Ian, (4), Ian, Raposo, (1), Ianah, Maia, (11), Iany, Trisuzzi, (4), Icaro, (12), Icarus, (3), Igana, (3), Iggy, Albez, (1), Igor, Alvim, da, Silveira, (2), Igor, Martins, (23), Igor, Morais, (1), Igor, Moura, (1), Igor, Rogi, (2), Igorpelai, (1), Igres, (5), Ike, Levy, (4), Ile, Machado, (21), Ilustracafé, (7), Ilustraph, (2), Ilustrassom, (174), Image(!)m(ne), (23), Imp, (7), In, Sumi, Tattoo, (1), Ing, (1), Ingrid, Bon, Bilmayer, (3), Ingrid, Borba, (2), Inrenas, (4), Inspirationpage, (8), Instagram, Ua, (15), Ioio, (1), Irailson, Rocha, (4), Ireninha, Ruiz, (1), Iri, (7), Irion, (53), Isa, (1), Isa, Pitanga, (6), Isaac, Zanacci, (59), Isabel, Castro, (3), Isabel, Matarazzo, (7), Isabel, Sachs, (3), Isabela, Cadete, (7), Isabela, Chan, (3), Isabela, Kempinas, (1), Isabele, Ramos, (1), Isabella, Fowler, (15), Isabella, Sá, (8), Isadora, Fabian, (3), Isis, Reis, (4), Ismael, Augusto, (6), Ismael, Noerenberg, (3), Iso400, Digital, Art, (1), Israel, Maccari, Dionisio, (1), Israel, Maia, (55), Israel, Severo, (1), Ita, Pritsch, (41), Ítalo, Gaspar, Alves, (79), Italo, Teixeira, (3), Itamar, Tobias, Casarin, (2), Ito, (19), Itsvinao, (1), Iury, Granja, (4), Iva, Cafe, (2), Ivan, da, Costa, Alecrim, Neto, (1), Ivan, Kisil, Miskalo, (9), Ivan, Romain, (2), Ivanise, Borges, (1), Ivo, Tunchel, (7), Izabel, Pompermayer, (1), Izabella, Amorim, (1), Izm, (6), J, Conho, (16), J, Procopio, (4), J., D'allambert, (23), J., Higuera, (2), J.Batista, (20), J.Belo, Jr, (1), J.F.Dimitri, (11), J.Gitti, (32), J.R., Lagazzi, (1), J2a, (9), J3ferson, (1), Ja, (1), Jaaaiiro, Souza, (15), Jabour, (15), Jack, Design, (70), Jack, Duarte, (12), Jack, Godoi, (1), Jack, Kaminski, (1), Jackson, Brum, (6), Jackson, Tadeu, Costa, Amaral, (17), Jacque, Lopez, (11), Jady, Salvatico, (1), Jaime, Scatena, (1), Jairo, Moreno, (5), Jairojunior, (1), James, Passos, (646), Jan, M., O., (3), Jan, Ribeiro, (15), Jana, Costa, (37), Janaina, Faertes, (2), Jane, Greiber, (1), Januário, (4), Jaque, Higa, (19), Jaraujo, (telas), e, Jalvesaraujo, (fotos), (3), Jardel, Carpes, (4), Jas, (1), Jay, Niski, (2), Jayme, Matarazzo, (12), Jdelduque, (3), Jean-Michel, Trauscht, (3), Jeef, (1), Jeff, (7), Jeff, Alan, (2), Jeff, Bona, (1), Jeff, Lippy, (2), Jeff, Santos, (1), Jefferson, de, Souza, (1), Jeniffer, Heemann, (8), Jessica, Aquino, (11), Jéssica, Borges, (2), Jessica, Street, (3), Jessica, Zendron, (19), Jessvinchi, (3), Jesús, (7), Jhenyfer, Diogo, (2), Jhonny, (1), Jko, (5), Jo, Cruz, (27), Jo, Paiva, (9), Joana, Faria, (5), Joana, Medeiros, (7), Joana, Miranda, (3), Joana, Moreira, (2), João, André, Ozório, (4), João, Arruda, (6), João, Bönecker, (1), João, Daniel, Duarte, (2), João, Feitosa, (3), João, Gisolfi, (1), João, Marcelo, Bandeira, (2), João, Marcus, Erre, Felix, (7), João, Paulo, Guimarães, (7), João, Paulo, Rocetti, (3), João, Pedro, (3), João, Pedro, Vidal, (3), João, Picoli, (1), João, Rabêlo, (4), Joao, Ribeiro, (4), João, Rodrigues, (6), João, Siqueira, (4), João, Solon, (2), João, Victor, Franco, (52), Joarez, Filho, (7), Jodson, Mota, (1), John, Dois, (1), John, Pretorius, (2), Jonas, Luiz, (3), Jonathan, Brito, (5), Jonathan, Dourado, (1), Jonathan, Holdorf, (12), Jonathan, Jcp, (2), Jorge, Barbosa, (7), Jorge, Batista, (1), Jorge, de, Castro, Novaes, (4), Jorge, Padilha, (6), Jorge, Pessoa, (4), José, (1), José, Amarílio, Jr., (2), José, do, Carmo, Souza, Filho, (6), José, Furlan, (2), José, Gaspar, (1), Jose, Luiz, Nunes, (6), José, Maurício, da, Costa, (32), Jose, Salgueiro, (7), Joseph, Paiva, (4), Josrick, (12), Jota, Junior, (3), Jp, Oliveira, (2), Jppossos, (4), Jr, Santana, (1), Jsscrms, (1), Ju, Martins, (8), Ju, Rossi, (20), Ju, Vieira, (1), Juan, León, (29), Judith, Chateaubriand, (9), Juhh, Allves, (9), Juhlio10, (2), Jujuice, (31), Juli, Andrade, (5), Juli, Contri, (2), Julia, (1), Julia, Assis, (9), Júlia, Brancaglione, Cristofi, (1), Julia, Constantino, (1), Julia, Di, Sano, (384), Julia, Leite, (3), Julia, Malta, (13), Julia, Rodrigues, (40), Júlia, Sales, (3), Julia, Valencia, (5), Julia, Zettel, (3), Juliana, Bezerra, (9), Juliana, Bonzi, (5), Juliana, Casalle, (2), Juliana, Cestaro, Garcia, (11), Juliana, Cogo, (1), Juliana, Corina, (2), Juliana, Corrêa, (9), Juliana, de, Faria, (10), Juliana, Fiorese, (12), Juliana, Frug, (7), Juliana, Fusco, (24), Juliana, Hosken, (1), Juliana, Miranda, (1), Juliana, Misumi, (4), Juliana, Mokrejs, (62), Juliana, Oléa, (4), Juliana, Paixão, (1), Juliana, Pontê, (9), Juliana, Porfirio, (12), Juliana, Porto, (3), Juliana, Rumple, (1), Juliana, Scheid, (2), Juliana, Serejo, Galeotti, (2), Juliana, Veiga, (7), Juliana, Zimmermann, (102), Juliano, A., Guedes, (25), Juliano, Vieira, (11), Julianosousa, (2), Julio, Benedito, (2), Julio, O., Herrmann, (12), Julio, Oni, (1), Julio, Probo, (5), Júlio, Toledo, (6), Julio, Winck, (7), Julz, (1), Júnior, Ahzura, (22), Junior, Amojr, (83), Júnior, Caramez, (1), Junior, Franch, (10), Junior, Gehring, (4), Junior, Rodriguez, (1), Junior, Senna, (4), Junior, Silva, (4), Júokuda, (3), Jussara, Lage, (1), Kadu, Mackvaryu, (3), Kaju, (27), Kaju+maja, (22), Kaká, Lobo, (6), Kakau, Fonseca, (14), Kako_porto, (1), Kaleb, de, Carvalho, (2), Kalissa, Pequito, (28), Kar3k4, (2), Karakoles, (15), Karbage, (4), Karen, Melo, (15), Karen, Z, Scaliaris, (8), Karenrulez, (6), Karin, Schmitt, (6), Karina, Faria, (16), Karina, Gonsalves, (1), Karina, Lócio, (2), Karina, Lopes, (3), Karina, Matulevicius, (29), Karina, Rodrigues, (2), Karislp, (5), Karla, Bratfisch, (2), Karla, Magueta, (5), Karla, Maria, (1), Karla, Ruas, (1), Karla, Schwarz, (6), Karline, Sterk, (4), Kata, (13), Katkiller, (42), Katryn, Beaty, (22), Kavu, (1), Kawaii, Oliveira, (1), Kemel, Addas, Neto, (2), Ken, Boaretto, (3), Keti, Stefanini, (14), Ketlindafne, (1), Khafofo, Fotografia, e, Design, (1), Kiddo, (2), Kiev, (29), Kika, Viana, (7), Kike, (5), Kil, (24), Kim, Kurosawa, (5), Kim, Orsi, Geraissate, (4), Kiolo, (3), Kita, Telles, (1), Kizahy, (3), Kleber, Nakamura, (29), Kleber, Reis, (2), Kongo, (1), Korb, (1), Kranium, (1), Kris, Efe, (14), Kru, (2), La, Baratija, (9), Lacabezaenlasnubes, (21), Lael, Previtali, (37), Lagartones, (3), Laís, Bicudo, (5), Lais, de, Luna, (29), Laís, Dias, (69), Laís, Hatoum, (2), Laís, Schulz, (2), Lala, Santana, (2), Lanó, (21), Lapa, (7), Lara, Soares, (3), Lard, (20), Laredo, (9), Laressa, Quaglia, (4), Larissa, Aguiar, (3), Larissa, Barreto, (1), Larissa, Câmara, (4), Larissa, Grace, (31), Larissa, Negrão, (2), Larissa, Sugahara, (1), Lariza, Daré, (2), Laura, Barrichello, (4), Laura, Chaves, (1), Laura, Pezzana, (2), Laura, Rio, (1), Laura, Scachetti, (2), Lauraes, (1), Layanne, (4), Layse, Almada, de, Toledo, (38), Lb, Studios, (10), Lea, (7), Leah, Flores, (102), Leandro, Asai, (21), Leandro, Belchior, (2), Leandro, Brandão, Guimarães, (2), Leandro, Caram, (9), Leandro, Cavalcante, Dexter, (6), Leandro, Correia, (18), Leandro, Jahel, (1), Leandro, Jorge, (103), Leandro, Lima, de, Almeida, (78), Leandro, Melo, (4), Leandro, Moura, (1), Leandro, Souza, (1), Leandro9000, (4), Leasap, (11), Lednard, Led, (1), Lefreschi, (1), Leila, Duarte, (18), Leite, (2), Lela, Corradini, (6), Lena, Casas, Novas, (6), Lennart, Maschmezer, (20), Lenny, Lima, (18), Léo, Arantes, (3), Léo, Carvalho, (5), Léo, Davi, (1), Leo, Marino, (31), Leo, Pereira, (3), Leo, Prandina, (16), Leo, Ramires, (4), Leo, Rodrigues, (4), Leo, Romeu, (162), Léo, Rossatti, (5), Leo, Rossini, (13), Leo, Salvo, (4), Leo, Sanchez, (6), Leo.Do.Art, (2), Leon, (1), Leonardo, Amaro, (40), Leonardo, Gerodetti, (7), Leonardo, Gobbi, (2), Leonardo, Gonçalves, (2), Leonardo, Heros, (1), Leonardo, Leite, (2), Leonardo, Malburg, (5), Leonardo, Marino, (2), Leonardo, Matos, (1), Leonardo, Rodrigues, (8), Leonardo, Trovó, (1), Leotx, (1), Lesz, (43), Leticia, Auler, (1), Letícia, Barbato, Missurini, (4), Leticia, Brandão, (1), Leticia, Faddul, (2), Leticia, Kamada, (2), Leticia, Simoes, (1), Leticia, Volpi, (13), Letras, Garrafais, (53), Lflp, (1), Lh, (1), Lia, Berbert, (39), Lia, Bernini, Vieira, (18), Liader, (2), Liader_, (2), Lib, (5), Lidia, Madeira, (13), Lidiane, Soares, de, Moura, (2), Ligia, Bugay, (23), Ligia, Moraes, (6), Like, a, Monkey, Art, (5), Lila, Madera, (4), Lili, Batista, (2), Lilian, Higa, (10), Lílian, Lucas, (3), Lílian, Muniz, (3), Lilita, Figueiredo, (1), Lilivic, (1), Limetown, Studios, (11), Linco7n., (4), Lindner, (23), Lindomar, Antonio, (2), Lipsticknotes, (7), Lisandro, de, Almeida, (1), Lisergia, (19), Lita, Rebello, (7), Litho, (12), Lito, (52), Liv, (28), Liv, Badiani, (1), Livia, Anzai, (2), Livia, Badur, (9), Lívia, Freire, (7), Livia, Lisboa, Fotodesign, (10), Liza, Orekova, (8), Lizandra, Caon, Bittencourt, (1), Lnr, (2), Locomotipo, (6), Lôla, (48), Lopes, (1), Lorem, William, (1), Lorena, de, Paula, (6), Lorena, Gillispie, (3), Lorena, Rudes, (1), Lou, (13), Lou, Damints, (3), Lou, Kfouri, (1), Louise, Heine, Thomaz, (1), Louise, Soares, (8), Louisy, Cardoso, (3), Louize, (15), Lourdes, Valle, (16), Lstanich, (1), Lu, (4), Lu, Barros, (1), Lu, Mattiello, (2), Lu, Rivas, (1), Lu.Otto, (12), Luã, Nóvoa, (3), Luan, Carvalho, (3), Luas, (2), Luca, Oliva, (3), Lucão, (15), Lucas, Alves-Braga, (3), Lucas, Braga, (4), Lucas, Cardozo, (3), Lucas, de, Oliveira, Vieira, (7), Lucas, Devitte, (1), Lucas, Dias, (1), Lucas, Elias, Cancela, (3), Lucas, Emanuel, (1), Lucas, Florentino, (9), Lucas, Fonseca, (6), Lucas, Leite, (9), Lucas, Martinichen, (4), Lucas, Neres, (1), Lucas, Paulucci, (4), Lucas, Pimenta, (1), Lucas, Pinduca, (3), Lucas, Rampazzo, (7), Lucas, Ribeiro, (1), Lucas, Santana, (7), Lucas, Santi, (2), Lucas, Sasaki, (10), Lucas, Sylos, (2), Lucas, Takano, (6), Lucas, Vaz, (2), Lucasfranckbro, (8), Luci, Figueiredo, (4), Lúcia, Carvalho, (4), Lucian, Rafael, do, Prado, (1), Luciana, Abrão, (21), Luciana, Arantes, (1), Luciana, Bortolozo, (7), Luciana, Cordeiro, Dias, (1), Luciana, Nascimento, (1), Luciana, Pupo, (81), Luciano, Ferreira, (1), Luciano, Pina, (1), Lucila, Oliveira, (1), Lud, (1), Ludmila, Machado, Meira, (1), Ludmila, Nascy, (1), Ludmila, Vilarinhos, (31), Luh, (10), Luhly, Souza, (9), Luis, Belisario, (5), Luís, Felipe, Oliveira, da, Silva, (2), Luís, Fernando, (1), Luis, Henrique, Lunardelli, (8), Luís, Meira, (1), Luis, Santos, (15), Luis, Sevilio, (4), Luís, Terci, (1), Luis, Vinhão, (3), Luisa, Almeida, (2), Luísa, Vaz, (1), Luiz, Amorim, (1), Luiz, Felipe, Nunes, de, Morais, Ribeiro, (1), Luiz, Felipe, Rosa, (3), Luiz, Gustavo, (3), Luiz, Leão, (11), Luiz, Menegate, (3), Luiz, Michelini, (3), Luiz, Nunes, (128), Luiz, Pagano, (2), Luiz, Paulo, Aguilar, (15), Luiz, Paulo, Brandão, Silva, (3), Luiz, Pinto, Ferreira, (108), Luiz, Venancio, (11), Luiz, Viana, (18), Luiza, Dimitrova, (3), Luiza, Macedo, (1), Luíza, Marinho, (1), Luiza, Sá, (5), Luli, Crespin, (1), Luli, Tozzi, (2), Lum, Photography, (4), Lumina, Pirilampus, (3), Luna, (1), Lune, Carvas, (1), Luraj, (13), Luu, Löhder, (21), Luvs, (7), Luyse, Costa, (1), Luz, (1), Lys, (9), Lysmark, Lial, (21), M2, -, Muñoz, (1), Maabê, (4), Mab, (6), Macaroni, (5), Machado, Lopes, de, Oliveira, (1), Magda, Martins, (8), Magdy, (34), Magno, Júnior, (4), Mai, (1), Maia, (22), Maia, Marinho, (1), Maiki, Danger, (9), Mailine, Alencar, (4), Maíra, Paiva, (2), Maíra, Rodrigues, (25), Majajuz, (16), Mak, Comas, (5), Malu, Villelia, (12), Maneco, Araújo, (5), Mangaba, (35), Manoel, Ferreira, (5), Manoel, Lopes, de, Siqueira, Jr., (1), Manoel, Magalhães, (9), Manoela, Alves, (1), Manoela, Trava, Dutra, (2), Mantova, (8), Mantra, (2), Manuela, Gastal, (5), Manuela, Lopes, (1), Manzi, (8), Mapestana, (1), Maragataba, (8), Marcel, Bruzadin, (1), Marcel, Caram, (28), Marcel, Lisboa, (31), Marcel, Santos, (14), Marcel, Serrano, (9), Marcel, Spuldaro, (3), Marcela, Cimino, (6), Marcela, Ghirardelli, (53), Marcela, Gomes, Ataíde, (29), Marcela, Staub, (1), Marcelahb, (1), Marcelino, (6), Marcell, Num, (5), Marcella, Rufino, (2), Marcelle, Cerutti, (20), Marcello, Berriel, (1), Marcello, Cavalcanti, (19), Marcelo, Bombarda, (8), Marcelo, Cabral, (4), Marcelo, Calil, (13), Marcelo, Camargo, (7), Marcelo, Coelho, Studios, (18), Marcelo, Dargains, (4), Marcelo, Ladeiro, (3), Marcelo, Lamarca, (3), Marcelo, Mandelli, (2), Marcelo, Mantovani, (23), Marcelo, Massis, (7), Marcelo, Mesquiatti, (1), Marcelo, Minka, (5), Marcelo, Piotrowsky, (1), Marcelo, Rufato, (19), Marcelo, Valente, (8), Marcelo, Viana, (7), Marcia, Borlenghi, (3), Márcia, Harumi, (3), Marcia, Kohatsu, (29), Marcio, Alek, (63), Marcio, Barasnevícius, (1), Márcio, Borsoi, (12), Marcio, Levyman, (7), Márcio, Pannunzio, (18), Marco, Angeli, (24), Marco, Paulo, Bahia, (2), Marcondes, (3), Marcos, (8), Marcos, Antonelli, (5), Marcos, Antonio, Berteloni, (112), Marcos, Campos, (7), Marcos, Cassimiro, (1), Marcos, Ferreira, de, Carvalho, (1), Marcos, Guimarães, (1), Marcos, Guinoza, (5), Marcos, Pina, (8), Marcos, Rodrigues, (34), Marcos, Semola, (336), Marcos, Serafim, (5), Marcos, Vinícius, Feijó, (1), Marcosrodrigues, (7), Marcus, Almeida, (18), Marcus, Costa, (1), Marcus, Ribeiro, "bobby", (5), Margarete, Bom, (3), Mari, Caraciolo, (14), Mari, Casalecchi, (6), Mari, Espirito, Santo, (7), Mari, Farnesi, (2), Mari, Hortolani, (2), Maria, Baderna, (15), Maria, Clara, (2), Maria, Clara, Cheib, (1), Maria, Eugênia, Coral, Brito, /mary, Girl, (1), Maria, José, Boaventura, (11), Maria, Luziano, (33), Maria, Rahal, (1), Maria, Rosa, (5), Maria, Rosa, Nunes, (12), Maria, Ruth, Jobim, (1), Maria, Tarrafa, (3), Mariana, Belem, (1), Mariana, Cabral, (9), Mariana, Cagnin, (8), Mariana, Campos, (1), Mariana, Etiel, (8), Mariana, Fernandes, (3), Mariana, Kanbara, (3), Mariana, Lara, (11), Mariana, Lavrado, (3), Mariana, Maia, (68), Mariana, Martins, (1), Mariana, Orsi, (11), Mariana, Ponce, de, León, (8), Mariana, Ribeiro, (1), Mariana, S., Khalil, (1), Mariana, Stefani, (2), Mariane, Niedhardt, (36), Marie, Uechi, (12), Mariel, Toigo, (16), Marilia, Almeida, (1), Marília, Cichini, (5), Marilustra, (146), Marina, Barriga, (3), Marina, Cervi, (3), Marina, Foppa, (1), Marina, Klink, (2), Marina, Koenigkan, (6), Marina, Luna, (1), Marina, Maria, Dias, (1), Marina, Monteiro, (1), Marina, Nacamuli, (23), Marina, Rodrigues, (1), Marina, Rodrigues, Designer, (13), Marina, Scotelaro, (5), Marina, Spineli, (6), Marine, Loup, (1), Marini, (17), Mario, Amaral, (14), Mário, André, (3), Mario, Braune, (12), Mario, Koller, (16), Mário, Sérgio, (7), Mario, Vitor, Gouveia, Cau, (14), Mariogogh, (23), Marisa, Franco, (1), Marisa, Terashima, (1), Maristela, Acquaviva, (20), Mark, Greiner, (1), Mark, Lisher, (2), Marks, (3), Marla, (1), Marla, Cruz, (12), Marlon, Candido, (8), Marlon, Hammes, (1), Marlon, Tenório, (1), Marlon, Vieira, (1), Marta, Canteiro, (21), Martiniano, Ferraz, (139), Mary, Gray, (2), Massapeart, Adeildo, Eugenio, Dos, Santos, (7), Mateus, Bonini, (5), Matheus, Almeida, (10), Matheus, Ávila, (1), Matheus, Brito, (1), Matheus, Costa, (8), Matheus, Fernandes, (2), Matheus, Foppa, (52), Matheus, Fritz, (3), Matheus, Furtado, (93), Matheus, Schmitz, de, Sá, (10), Mathias, Townsend, (9), Matt, Camona, (1), Mattheus, Augusto, Silveira, (7), Maués, (1), Mauri, Granado, (30), Mauricio, (maufield), (10), Maurício, Bastos, (10), Mauricio, Bueno, (21), Maurício, Cardoso, (5), Maurício, Checchia, (94), Mauricio, Costa, (4), Mauricio, Hilgert, (5), Mauricio, Landini, (4), Mauricio, Mallet, (25), Mauricio, Marcondes, (24), Maurício, Moreno, (1), Mauricio, Petri, (25), Mauricio, Pokemon, (5), Maurilio, Dna, (7), Mauro, Mac, (39), Mauro, Nakata, (3), Mauro, Pucci, (18), Mauro, Vila, Real, (19), Max, Demiam, (2), Max, Henrique, (1), Max, Lin, (8), Max, Yan, (16), Mayara, Domiciano, (1), Maybrumm, (12), Mayer, Obadia, (1), Mayra, Ianelli, (1), Mayra, Nolasco, (10), Mbv, (4), Mcapocci, (1), Meg, Graphics, (8), Meiacor, (1), Meira, (1), Meissner, (2), Mek*, (15), Mel, Vieira, (15), Melis, (2), Melka, Letícia, (5), Mendeso, (57), Menedico, (58), Meneses, (1), Merli, (12), Meteora, (3), Meteora93, (3), Metron, (60), Mgbdesign, (1), Mi, Matsui, (5), Micefufe, (5), Michel, (1), Michel, Scarano, (49), Michele, Bravos, (12), Michelle, Martins, (16), Michelle, Gueiros, (3), Michelle, Santos, (2), Michelli, Fitz, Rinaldo, (3), Michelogan, (6), Mício, (2), Miguel, Rodrigues, (1), Mikhaela, Martin, (7), Miki, (4), Milamizu, (2), Milena, Monforte, (4), Milla, Scramignon, (17), Mineiramente, (1), Minimakitsch, (1), Miro, Martins, (40), Molina, Lima, (6), Moloko, (5), Momo, (1), Mona, Carvalho, (8), Mondo_brubs, (1), Mondogagliardi, (8), Monica, Amorim, (1), Mônica, Crema, (9), Monica, Flavia, Cardoso, Carvalho, (1), Mônica, Souza, (1), Mônica, Toy, (57), Moniecf, (1), Monsters, Of, Rock, (5), Montanha, (3), Morita, (3), Motif, (2), Mozart, Remigio, (4), Mpdajuz, (68), Mr., Man, (1), Mr., Yellow, (1), Msimões011, (1), Mtie, (44), Muca, Tavares, (3), Muchenberger, (13), Müller, Sopelsa, (2), Muniz, Filho, (20), Muriel, Hoelz, (9), Murilo, André, (4), Murilo, Braga, (1), Murilo, Rm, (3), Musga, (4), Musgurbanu, (109), Music, Motion, (20), My.S, (3), Mzelle, Marcelle, (19), Nádia, Lopes, (1), Nadialopes@superagency.Com.Br, (1), Naelton, Campos, Chaves, (3), Nagaito, (14), Nagasima, (3), Naia, Ceschin, (9), Naiara, Santos, de, Lima, (2), Naka, Ilustrador, (29), Nana, Godoi, (8), Nando, Losano, (6), Nando, Zevê, (3), Nanuka, (1), Nara, Brum, (2), Nara, Rosetto, (13), Nara, Viana, (1), Narowe, (2), Nat, Loyola, (1), Natacha, Nelz, (1), Natalia, Billa, (13), Natalia, Blauth, (14), Natalia, Dalbem, (5), Natália, Damião, (9), Natália, Estevez, (50), Natália, Fanchini, (1), Natalia, Felippe, (1), Natália, Gabrich, (3), Natalia, Lino, (8), Natália, Maas, (2), Natália, Ribeiro, (16), Natália, Takekoshi, (1), Natália, Tucci, (1), Nath, Araújo, (6), Nath, Carneiro, (15), Nathália, Amaro, (2), Nathalia, Machado, (1), Nathalia, Navarro, (7), Nathalia, Tritapepe, (1), Nathalie, Edenburg, (4), Nathan, Francisco, (5), Nathana, Rebouças, (378), Nathie, Buho, (2), Natividade, Lucas, (2), Nato, (1), Nato, Gomes, (53), Natsuo, Oki, (104), Naty, Medeiros, (3), Nayara, Oliveira, (16), Nebula, (2), Negritoo, (3), Nelson, D, (3), Nelson, Lessa, (1), Nereu, Jacob, (1), Neri, Molinero, (1), Nessa, Adri, (3), Neto, Artigiani, (6), Neto, Barboza, (47), Neto, Torin, (4), Neto78, (10), Neverland, Boy, (2), Newton, Scheufler, (10), Ney, Ferraz, Paiva, (1), Nice, Lopes, (39), Nicholas, Teodoro, (1), Nick, (4), Nick, Schukkel, (3), Nicklas, Gustafsson, (15), Níckollas, Furtado, (3), Nicolas, de, Camaret, (11), Nicolás, Sica, (16), Nicolas, Viotto, (4), Nicole, Schraiber, (22), Nika, Martinez, (5), Niki, (2), Niko, Drade, (9), Nilo, (2), Nilo, Filipe, (2), Nilson, Venâncio, de, Oliveira, (3), Nina, Mazeo, (2), Nina, Millen, (6), Ninho, Criativo, (2), Ninhol, (13), Ninoca, (1), Niob, (1), Njp999, (2), Nogueira, Saltori, (8), Nose, (1), Npso, (1), Nubius, Pendragon, /, Fabiano, Henrique, (3), Nypes, (8), o, Espírito, da, Arte, (7), o, Mundo, de, Maria, (5), Oca, (1), Ocarlus, (1), Occenstein, (2), Odair, D., Faléco, Junior, (9), Odenir, José, de, Paula, (6), Odirlei, Dias, (3), Ogid, (1), Ohzemesmo, (60), Okko, (4), Olho.Torto, (7), Olimpio, Cruz, (1), Oliver, Benicio, (8), Olivia, Alencar, (1), Olivia, Malino, (4), Olivier, Lutaud, (9), Onemorous, (3), Ongarelli, (26), Opala, Rosa, Choque, (13), Ori, (1), Origami, (4), Orivaldo, Junior, Araujo, Ribeiro, (3), Oroam, (17), Ortega, (2), Os, Três, Pontinhos, (1), Osdoiss, (1), Osmário, Pitangueira, (1), Otto, Neres, (6), Out, Loud, (12), P.a, Morais, (3), P.A., (1), P.Parente, (8), Pablo, Alfredo, de, Luca, (67), Pablo, Ferreira, (6), Pablo, Gomes, (9), Pablo, Lobo, (21), Pablo, Lopes, (35), Pablo, Malafaia, (1), Pablo, Parra, (5), Pabs, (1), Padilha, (19), Pagama, Design, (4), Pajaritonegro, (18), Palestino, (4), Palmitcha, (12), Paloma, Ribeiro, Guimarães, (10), Palula, Brasil, (9), Panhoca, (8), Papty, (6), Passos, (1), Pati, Moura, (4), Pati, Peccin, (1), Patricia, Abòrisá, (20), Patrícia, Castilho, (1), Patricia, Loch, (1), Patricia, Manzi, (8), Patrícia, N., (4), Patricia, Perez, (4), Patricia, Sodré, (22), Patrick, Vaghetti, (6), Patty, Peppe, (2), Paty, Denny, (6), Paul, Fuentes, (71), Paula, (1), Paula, Amin, (4), Paula, Biddy, (1), Paula, Francis, (2), Paula, Giordano, (1), Paula, Jardim, (2), Paula, Magnago, (2), Paula, Martinez, (3), Paula, Peres, (3), Paula, Pittia, (2), Paula, Putz, (12), Paula, Rodrigues, (1), Paula, Scarabelot, (4), Paulina, Bas, (2), Paulinha, Cartoon, (3), Paulo, Altafin, (7), Paulo, Andrade, (14), Paulo, Batti, (1), Paulo, Bert, (3), Paulo, Bonci, (2), Paulo, Bruno, (1), Paulo, Eugênio, (1), Paulo, Freire, (3), Paulo, Gomes, (2), Paulo, Jeca, (12), Paulo, Maccagnan, (14), Paulo, Rocker, (12), Paulo, Stocco, (5), Paulo, Victor, Ramire, Torres, (2), Pauloz, (7), Pcmf, (9), Pdjm, (1), Pedro, (1), Pedro, Chein, (2), Pedro, Correia, de, Araújo, (2), Pedro, de, Abreu, Libanio, (863), Pedro, Felipe, (2), Pedro, Henrique, Cardoso, Lima, Cavalcante, Silva, (1), Pedro, Henrique, Freitas, Andrade, (1), Pedro, Ladeira, (1), Pedro, Lobo, Neto, (2), Pedro, Luis, Figueiredo, Soares, (7), Pedro, Mendes, (1), Pedro, Nekoi, (6), Pedro, Panetto, (2), Pedro, Pina, (157), Pedro, Ratis, (1), Pedro, Vasconcellos, (2), Pedro, Vidotto, (37), Pedro, Vieira, (4), Pedro, Vilas, Boas, (7), Pedroea, (2), Pedroka, (3), Pedrooliveira111, (2), Pedrovidal, (4), Peixe, (6), Pendular, (15), Pepa, (1), Pericles, Júnior, (12), Perky, Shoes, (9), Pete, Edmunds, (42), Peterson, (3), Peterson, Queiroz, (12), Petine, (10), Petit, (4), Ph, Moraes, (17), Phaelnogueira, (19), Phelipe, Santos, (11), Phellipe, W., (14), Phellippe, Samarone, (10), Philipe, Coutinho, (4), Philipe, Malafaia, (4), Photobds, (4), Piantino, Lucio, (18), Piero, (28), Pilar, Moura, (2), Pina, (1), Pingu, (4), Pink, Lollipop, (6), Pint, (1), Pissardini, (9), Pochoclo, (5), Pom, Graphic, Design, (1), Pom, Graphic, Design, (143), Pompeu, Vicente, (2), Pont, (7), Pontorezende, (1), Ports, (2), Pperes, (16), Praniski, (123), Prates, (9), Prematurizado, (1), Pri, Bellafronte, (60), Pri, Farias, (5), Pri, Marinho, (31), Pri, Trevisan, (1), Priscila, Azul, (4), Priscila, Ferrari, Rezny, (4), Priscila, M., Andrade, Lisboa, (27), Priscila, Perassi, (3), Priscila, Salles, (4), Priscilla, Milagres, (3), Priscilla, Novaes, (4), Priscylla, Cabral, (12), Psantos, (4), Pumpkin, (2), Pupillas, (31), Pyetra, Salles, (3), Quadrin, (5), Que, Desenho, Legal, (3), Quemi, (3), R, Teixeira, (13), Rachel, Sakzenian, (3), Radharani, Lenine, (8), Raf, (3), Rafa, Gaspar, (4), Rafa, Gomes, (250), Rafa, Messias, (5), Rafa, Pires, (50), Rafa, Silvério, (1), Rafacampez, (1), Rafael, (miqueleto), Muller, (11), Rafael, Almeida, (1), Rafael, Amorim, Abraão, (50), Rafael, Antunes, Hernandez, (9), Rafael, Augusto, Homor, (3), Rafael, Ayres, (29), Rafael, Benjamin, (4), Rafael, Bosco, (4), Rafael, Cândido, (2), Rafael, Cordeiro, Fleury, (11), Rafael, Correa, (1), Rafael, da, Costa, Barros, (9), Rafael, Faustino, Junior, (3), Rafael, Gallo, (5), Rafael, Grillo, (30), Rafael, Jordão, Trabasso, (1), Rafael, Lescher, (12), Rafael, Lisboa, (32), Rafael, Lucchesi, (4), Rafael, M., Lima, (1), Rafael, Machado, (7), Rafael, Mantesso, (7), Rafael, Martins, (2), Rafael, Matos, da, Silva, (11), Rafael, Miranda, (17), Rafael, Moreno, (2), Rafael, Pizza, (1), Rafael, Placco, (5), Rafael, Quito, (1), Rafael, Raf21, (7), Rafael, Ré, (9), Rafael, Santos, Câmara, (3), Rafael, Sato, (2), Rafael, Scheibe, Coutinho, (1), Rafael, Snak, (2), Rafael, Tomazi, (7), Rafael, Yoose, (2), Rafaela, Figueredo, (1), Rafaela, Souza, (32), Rafaella, Pioto, (4), Rafaella, Tuma, (1), Rahma, Projekt, (157), Raissa, (1), Raíssa, Caldas, (28), Raíssa, Ribeiro, (3), Raissa, Tinoco, Gabrielli, (1), Ral, I-Mage, (2), Ramacciotti, (1), Ramon, Arzerra, (12), Ramon, Chiara, (2)]
