[DMOZ, About, Become, an, Editor, Suggest, a, Site, Help, Login, Share, via, Facebook, Share, via, Twitter, Share, via, LinkedIn, Share, via, e-Mail, Visit, DMOZ, on, Facebook, Visit, DMOZ, on, Twitter, the, entire, directory,  , Arts,  ,  , People,  ,  ,  , D, Help, with, Search, Arts, People, D, 296, This, category, is, for, people, from, the, various, arts, genres, whose, last, name, begins, with, the, letter, D., A, B, C, DE, F, G, H, I, J, K, L, M, N, O, P, Q, R, S, T, U, V, W, X, Y, Z, Subcategories, 371, d'Abo,, Maryam, 1, d'Abo,, Olivia, 3, D'Ambrosio­,, Franc, 2, D'Angelo, 2, D'Aquino,, John, 1, D'arby,, Terence, Trent, 3, D'Errico,, Donna, 1, D'Ingeo,, David, 1, D'Onofrio,, Vincent, 7, D'Urso,, Joe, 3, Dacascos,, Mark, 1, Daddo,, Cameron, 1, Dafoe,, Willem, 5, Dahlström,, Alexandra, 0, Daily,, Bill, 2, Daily,, E., G., 6, Dairo,, Isaiah, Kehinde, 4, Dalbello,, Lisa, 2, Dale,, Dick, 2, Dalle,, Béatrice, 4, Dallesandro,, Joe, 1, Dalton,, Timothy, 1, Daltrey,, Roger, 2, Daly,, Carson, 0, Daly,, Tyne, 2, Dam,, Jose, van, 0, Damian,, Michael, 1, Damon,, Cathryn, 2, Damon,, Gabriel, 1, Damon,, Matt, 12, Damon,, Stuart, 1, Dampf,, Ethan, 3, Damus,, Mike, 1, Dana, International, 0, Dance,, Charles, 2, Dancy,, Hugh, 0, Dando,, Jill, 57, Dandridge,, Dorothy, 3, Dane,, Shelton, 1, Danes,, Claire, 8, Dangerfiel­d,, Rodney, 2, Daniel,, Brittany, 1, Daniels,, Anthony, 2, Daniels,, Charlie, 2, Daniels,, Jeff, 2, Daniels,, Paul, 2, Danko,, Rick, 3, Dante,, Ron, 3, Danza,, Tony, 3, Darabont,, Frank, 1, Darbo,, Patrika, 1, Darin,, Bobby, 11, Darling, Nikkie, 1, Darling,, Julia, 0, Darro,, Frankie, 1, Darrow,, Henry, 2, Darrow,, Paul, 2, Darvish,, Amir, 2, Das,, Nandita, 1, Dash,, Stacey, 0, Dassanowsky,, Elfi, von, 2, Dattilo,, Bryan, 1, Davi,, Robert, 2, David, J, 2, David,, Craig, 4, David,, Mark, 2, Davidson,, Jaye, 2, Davidson,, Jim, 2, Davidson,, John, 1, Davidson,, Tommy, 1, Davidtz,, Embeth, 3, Davies,, Alan, 5, Davies,, Dave, 4, Davies,, Geraint, Wyn, 3, Davies,, Jeremy, 1, Davies,, Marion, 1, Davies,, Ray, 1, Davis,, Alana, 2, Davis,, Arthur, 1, Davis,, Bette, 5, Davis,, Geena, 9, Davis,, Hope, 3, Davis,, Jeff, 0, Davis,, Judy, 0, Davis,, Kimberly, 0, Davis,, Kristin, 4, Davis,, Linda, 2, Davis,, Lucy, 3, Davis,, Mac, 1, Davis,, Matthew, 2, Davis,, Miles, 18, Davis,, Paige, 5, Davis,, Sammi, 2, Davis,, Sammy,, Jr., 4, Davis,, Stuart, 2, Davis,, Viola, 1, Davis,, Warwick, 15, Davis,, William, 0, Davison,, Bruce, 1, Davison,, Peter, 4, Dawber,, Paul, 1, Dawson,, Lynne, 1, Dawson,, Richard, 4, Dawson,, Rosario, 4, Dawson,, Roxann, 2, Day,, Doris, 3, Day,, Felicia, 5, Day,, Howie, 1, Day,, Morris, 4, Day-Lewis,, Daniel, 4, Dayne,, Taylor, 2, de, Almeida,, Joaquim, 0, De, Burgh,, Chris, 12, De, Carlo,, Yvonne, 1, De, Crecy,, Etienne, 0, de, Falco,, Rubens, 1, De, Havilland,, Olivia, 3, de, la, Huerta,, Paz, 1, de, Lancie,, John, 0, de, Leon,, Kathleen, 1, De, Lint,, Derek, 3, de, los, Reyes,, Kamar, 1, De, Lucia,, Paco, 1, De, Mornay,, Rebecca, 4, De, Niro,, Robert, 4, De, Palma,, Brian, 2, de, Ravin,, Emilie, 2, De, Rossi,, Portia, 3, De, Toth,, André, 3, De, Wilde,, Brandon, 1, Deacon,, John, 1, Deakins,, Lucy, 1, Dean,, Erin, J., 0, Dean,, Hazell, 0, Dean,, James, 7, Dean,, Kiley, 0, Dean,, Larry, O., 1, Dean,, Loren, 4, DeÃnne,, Barbria, 0, Deayton,, Angus, 15, deBoer,, Nicole, 3, Dee,, Kiki, 3, Deeley,, Catherine, 1, Dees,, Rick, 2, DeFranco, Family,, The, 2, DeGarmo,, Chris, 0, DeGeneres,, Ellen, 2, Deitch,, Gene, 1, DeJohnette,, Jack, 2, del, Arco,, Jonathan, 0, Del, Boca,, Andrea, 2, Del, Rio,, Dolores, 2, Del, Toro,, Benicio, 2, Delafose,, Geno, 2, Delaney,, Kim, 5, DeLange,, Ilse, 2, Delany,, Dana, 3, Delfino,, Majandra, 2, DeLisle,, Grey, 1, Dell'Abate­,, Gary, 2, Delon,, Alain, 0, DeLorenzo,, Michael, 1, Delpy,, Julie, 1, DeLuise,, Dom, 2, DeLuise,, Michael, 1, DeLuise,, Peter, 1, DeMarchi,, Suze, 0, Demetral,, Chris, 3, DeMille,, Cecil, B., 4, Demme,, Jonathan, 2, Denby-Ashe,, Daniela, 1, Dench,, Judi, 4, Deneuve,, Catherine, 2, Denis,, Claire, 3, Denisof,, Alexis, 2, Dennehy,, Brian, 2, Dennings,, Katherine, 4, Dennis,, Cathy, 2, Denny,, Sandy, 0, Denson,, Karl, 0, Denton,, Jamie, 2, Denton-Francis,, Julia, 0, Denver,, Bob, 1, Denver,, John, 9, Deol,, Bobby, 0, Deol,, Esha, 0, Deol,, Sunny, 1, DePaiva,, Kassie, 2, Depardieu,, Gérard, 2, Depp,, Johnny, 23, Derek,, Bo, 2, Dern,, Bruce, 1, Dern,, Laura, 8, Des'ree, 1, DeShannon,, Jackie, 3, Desmond,, Meighan, 1, Detmer,, Amanda, 1, Detroit,, Marcella, 1, Detten,, Erik, von, 3, DeVestern,, Halley, 1, Devgan,, Ajay, 2, Devine,, Loretta, 2, DeVito,, Danny, 4, DeVoe,, Jennie, 1, Dewhurst,, Colleen, 6, DeWitt,, Andy, 0, Dey,, Susan, 2, DeYoung,, Dennis, 8, Dhaliwal,, Daljit, 1, Dhillon,, Poonam, 1, Dhue,, Laurie, 1, Di, Meola,, Al, 1, Diab,, Amr, 1, Diamond,, Bobby, 0, Diamond,, Neil, 36, Diamond,, Reed, 4, Diaz,, Cameron, 23, Diaz,, Sully, 1, Dibala,, Diblo, 2, DiCaprio,, Leonardo, 15, Dick,, Andy, 1, Dickens,, Kim, 1, Dickey,, Eric, Jerome, 1, Dickinson,, Angie, 1, Dickinson,, Bruce, 2, Dickson,, Brenda, 0, DiCristino,, Dia, 0, Diddley,, Bo, 7, Dido, 13, Diesel,, Vin, 44, Dietrich,, Marlene, 2, Diffie,, Joe, 2, DiFranco,, Ani, 5, Diggs,, Taye, 0, Dillane,, Stephen, 1, Dillinger,, Troy, 1, Dillon,, Cara, 5, Dillon,, Kevin, 1, Dillon,, Matt, 2, Dimmock,, Charlie, 1, DiMucci,, Dion, 8, Dio,, Ronnie, James, 6, Dion,, Céline, 22, Dionisi,, Stefano, 0, Disney,, Walt, 5, Divine, 0, Divoff,, Andrew, 2, Dix,, Richard, 1, Dixit,, Madhuri, 2, Dixon,, Bill, 0, Dixon,, Jerry, 1, Doane,, Melanie, 2, Dobie,, J., Frank, 3, Dobro,, Carrie, 1, Dobson,, Peter, 1, Dodd,, Deryl, 0, Dodes,, Josh, 1, Doherty,, Shannen, 6, Dohring,, Jason, 2, Doig,, Lexa, 1, Doiron,, Julie, 5, Dolan,, Joe, 1, Dolby,, Thomas, 4, Dolenz,, Ami, 1, Dolenz,, Micky, 7, Dolphy,, Eric, 1, Domingo,, Cogie, 0, Domingo,, Placido, 2, Domino,, Fats, 2, Donahue,, Elinor, 1, Donahue,, Heather, 1, Donald,, Howard, 1, Donat,, Robert, 2, Donegan,, Lonnie, 3, Donella,, Chad, 1, Donelly,, Tanya, 6, Donlevy,, Brian, 1, Donnelly,, Tim, 1, Donohoe,, Amanda, 1, Donovan,, Elisa, 1, Donovan,, Jason, 1, Donovan,, Jeffrey, 2, Donovan,, Kelly, 1, Doohan,, James, 1, Doran,, Matt, 2, Dore,, Charlie, 3, Dorff,, Stephen, 4, Dorn,, Michael, 1, Doroff,, Sarah, Rowland, 0, Dorough,, Bob, 5, Dorough,, Howie, 9, Dorough,, Pollyanna, 5, Dors,, Diana, 1, Dorsey,, Tommy, 1, Dotrice,, Roy, 1, Doucet,, Michael, 2, Douglas,, Donna, 4, Douglas,, Illeana, 3, Douglas,, Kirk, 5, Douglas,, Kyan, 2, Douglas,, Michael, 4, Douglas,, Sarah, 2, Dourdan,, Gary, 3, Dourif,, Brad, 1, Dover,, Connie, 1, Dovima, 1, Down,, Alisen, 1, Downes,, Kyle, 0, Downey,, Brian, 2, Downey,, Robert,, Jr., 6, Downey,, Roma, 3, Downie,, Gordon, 3, Doyle,, Jerry, 1, Dr., Demento, 3, Dr., Dre, 8, Dr., Drew, 1, Drake,, Nick, 6, Draper,, Courtnee, 3, Drayson,, Zac, 1, Drescher,, Fran, 1, Dreyfuss,, Richard, 1, Driver,, Minnie, 4, Droge,, Pete, 3, Dryer,, Fred, 1, Ducey,, John, 1, Duchene,, Deborah, 1, Duchovny,, David, 12, Dudikoff,, Michael, 1, Dudynsky,, Ivan, 2, Duff,, Anne-Marie, 1, Duff,, Haylie, 1, Duff,, Hilary, 11, Duffy,, Karen, 1, Duhamel,, Josh, 1, Duk, Kim,, Randall, 2, Dukakis,, Olympia, 0, Duke,, Patty, 2, Dulfer,, Candy, 3, Dunaway,, Faye, 1, Dunbar,, Rockmond, 1, Duncan,, Bryan, 5, Duncan,, Lindsay, 1, Duncan,, Michael, Clarke, 5, Dungey,, Merrin, 1, Dunham,, Jeff, 4, Dunham,, Stephen, 1, Dunigan,, Tim, 1, Dunn,, James, 0, Dunn,, Michael, 1, Dunn,, Michael, Thomas, 2, Dunne,, Dominique, 2, Dunne,, Griffin, 1, Dunne,, Irene, 3, Dunnery,, Francis, 4, Dunning,, Debbe, 1, Dunst,, Kirsten, 10, Dupuis,, Roy, 1, Durante,, Jimmy, 4, Durbin,, Deanna, 0, Dury,, Ian, 6, Dusay,, Marj, 1, Dushku,, Eliza, 4, Dutt,, Geeta, 3, Dutt,, Sanjay, 0, Duvall,, Clea, 1, Duvall,, Robert, 1, Duvall,, Shelley, 1, Dwyer,, Karyn, 1, Dye,, John, 3, Dyer,, Wayne, 2, Dylan,, Bob, 51, Related, categories, 5, Arts, Comics, Creators, D, 18, Arts, Literature, Authors, D, 250, Arts, Music, Bands, and, Artists, D, 1,045, Arts, Performing, Arts, Acting, Actors, and, Actresses, D, 374, Reference, Biography, D, 0, Other, languages, 3, Français, 2, Italiano, 0, Nederlands, 1, Last, update:, February, 5,, 2017, at, 23:41:07, UTC, Arts, Business, Computers, Games, Health, Home, News, Recreation, Reference, Regional, Science, Shopping, Society, Sports, All, Languages, "Arts, People", search on:, AOL, -, Ask, -, Bing, -, DuckDuckGo, -, Gigablast, -, Google, -, ixquick, -, Yahoo, -, Yandex, -, Yippy, Copyright, ©, 1998-2017, AOL, Inc., Terms, of, Use, Built, by, CMBuild]
