[DMOZ, About, Become, an, Editor, Suggest, a, Site, Help, Login, Share, via, Facebook, Share, via, Twitter, Share, via, LinkedIn, Share, via, e-Mail, Visit, DMOZ, on, Facebook, Visit, DMOZ, on, Twitter, the, entire, directory,  , Arts,  ,  , People,  ,  ,  , W, Help, with, Search, Arts, People, W, 79, This, category, is, for, celebrities, from, the, various, arts, genres, whose, last, name, begins, with, the, letter, W., Celebrities, are, defined, as, famous, people, having, at, least, one, fan, site., A, B, C, D, E, F, G, H, I, J, K, L, M, N, O, P, Q, R, S, T, U, V, WX, Y, Z, Subcategories, 208, Waddell,, Justine, 2, Waddington,, Steven, 2, Wagner,, Jack, 1, Wagner,, Kristina, 1, Wagner,, Lindsay, 1, Wagner,, Robert, 4, Wahlberg,, Mark, 11, Waits,, Tom, 19, Walken,, Christopher, 5, Walker,, Ally, 3, Walker,, Eric, 3, Walker,, Nicola, 2, Walker,, Paul, 4, Walker,, Polly, 1, Wallace,, Jessie, 1, Wallace,, Leighanne, 3, Wallace,, Rowena, 1, Wallace-Stone,, Dee, 2, Walsh,, Amanda, 2, Walsh,, Gwynyth, 2, Walsh,, J.T., 2, Walsh,, M., Emmet, 1, Walsh,, Raoul, 2, Walston,, Ray, 2, Walters,, Jamie, 2, Walters,, Julie, 4, Wamsley,, Hal, 1, Wanamaker,, Zoe, 3, Wang,, Garrett, 1, Wang,, Linda, 3, Warburton,, Patrick, 5, Ward,, Fred, 2, Ward,, Megan, 2, Ward,, Rachel, 3, Ward,, Sela, 6, Ward,, Susan, 1, Ward-Leland,, Jennifer, 2, Warlock,, Billy, 1, Warlow,, Anthony, 1, Warner,, David, 3, Warren,, Estella, 4, Warren,, Leslie, Ann, 1, Warrick,, Ruth, 1, Washington,, Denzel, 7, Waterman,, Pete, 3, Waters,, Ethel, 3, Waters,, John, 4, Waters,, Roger, 6, Waterston,, Sam, 2, Watkins,, Tuc, 1, Watros,, Cynthia, 1, Watson,, Alberta, 1, Watson,, Barry, 1, Watson,, Emily, 2, Watson,, Emma, 5, Watson,, Muse, 2, Watts,, Naomi, 7, Wayans,, Keenen, Ivory, 1, Wayans,, Marlon, 1, Wayans,, Shawn, 1, Wayne,, John, 8, Weatherly,, Michael, 2, Weaver,, Jason, 1, Weaver,, Sigourney, 7, Weaving,, Hugo, 17, Webb,, Walter, Prescott, 3, Weber,, Jake, 2, Weber,, Steven, 1, Webster,, Victor, 2, Wechsler,, Nick, 1, Weeks,, Rollo, 1, Weinger,, Scott, 1, Weiss,, Michael, T., 4, Weisz,, Rachel, 4, Welch,, Raquel, 2, Welk,, Lawrence, 1, Welker,, Frank, 3, Welland,, Colin, 1, Weller,, Lara, 0, Welles,, Orson, 6, Welling,, Tom, 5, Wellman,, William, 1, Wells,, Dawn, 1, Wen, Tzui, Pin, 0, Wen,, Ming-Na, 9, Wenham,, David, 6, Werner,, Oscar, 1, West,, Adam, 2, West,, Chandra, 1, West,, Dominic, 2, West,, Eric, 8, West,, Mae, 2, West,, Shane, 2, Westmore,, McKenzie, 2, Westmorela­nd,, Micko, 2, Weston,, Diana, 1, Whaley,, Frank, 1, Whalley,, Joanne, 3, Whately,, Kevin, 2, Wheaton,, Wil, 23, Whedon,, Joss, 4, Whelchel,, Lisa, 2, Whirry,, Shannon, 2, Whitaker,, Forest, 3, White,, Betty, 2, White,, Marco, Pierre, 8, White,, Vanna, 1, Whitfield,, June, 4, Whitford,, Bradley, 1, Whitney,, Grace, Lee, 0, Whitworth,, Johnny, 2, Whyte,, Scott, 1, Widmark,, Richard, 5, Wiest,, Dianne, 4, Wigdor,, Geoffrey, 1, Wilcox,, Paula, 1, Wild,, Jack, 2, Wilde,, Lyn, and, Lee, 3, Wilder,, Billy, 8, Wilder,, Gene, 1, Wiles,, Jason, 1, Wilkinson,, Colm, 2, Wilkinson,, Tom, 7, Willcox,, Toyah, 5, Willey,, Walt, 2, Williams,, Barry, 1, Williams,, Billy, Dee, 1, Williams,, Guy, 4, Williams,, Harland, 4, Williams,, Kelli, 1, Williams,, Kellie, Shanygne, 2, Williams,, Kenneth, 2, Williams,, Kimberly, 4, Williams,, Michelle, 0, Williams,, Peter, 0, Williams,, Robbie, 8, Williams,, Robin, 8, Williams,, Vanessa, 3, Williamson­,, Kevin, 3, Williamson,, Nicol, 1, Willis,, Bruce, 11, Willis,, Katherine, 2, Wilson,, Alexandra, 1, Wilson,, Bridgette, 1, Wilson,, Carnie, 1, Wilson,, Douglas, 3, Wilson,, Luke, 1, Wilson,, Mara, 1, Wilson,, Owen, 5, Wilson,, Peta, 5, Wilson,, Richard, 2, Wilson,, Rita, 1, Winchester,, Putu, 0, Wincott,, Michael, 2, Windom,, William, 0, Winfrey,, Oprah, 9, Winger,, Debra, 3, Winget,, Drew, 1, Wingfield,, Peter, 4, Winkler,, Henry, 2, Winningham,, Mare, 1, Winslet,, Kate, 7, Winston,, John, 1, Winstone,, Ray, 3, Wint,, Maurice, Dean, 1, Winters,, Dean, 3, Winters,, Jonathan, 5, Winters,, Shelley, 1, Wintersole,, William, 1, Wirth,, Billy, 2, Witherspoon,, Reese, 5, Witt,, Alicia, 3, Wolf,, Dick, 3, Wolf,, Scott, 3, Wolfman, Jack, 2, Wong, Hei, 1, Wong, Ka-Kui, 1, Wong,, Anthony, 2, Wong,, B.D., 1, Wong,, Faye, 3, Wong,, Kar, Wai, 12, Wong,, Russell, 3, Woo,, John, 4, Wood,, Annamarie, 0, Wood,, Elijah, 10, Wood,, Evan, Rachel, 3, Wood,, Natalie, 2, Wood,, Victoria, 1, Woodburne,, Jackie, 0, Woods,, James, 2, Woodward,, Edward, 4, Woodward,, Joanne, 2, Woof,, Emily, 1, Woolvett,, Gordon, Michael, 1, Wopat,, Tom, 1, Woronov,, Mary, 3, Worth,, Michael, 1, Worthingto­n,, Sam, 1, Wray,, Fay, 4, Wright, Penn,, Robin, 2, Wright,, Deanna, 1, Wright,, Steven, 3, Wuhrer,, Kari, 3, Wyle,, Noah, 2, Wyler,, William, 3, Wyman,, Jane, 2, Wyndham,, Victoria, 1, Wyngarde,, Peter, 1, Related, categories, 2, Arts, Performing, Arts, Acting, Actors, and, Actresses, W, 471, Reference, Biography, W, 0, Other, languages, 3, Français, 0, Italiano, 0, Nederlands, 1, Category, editor:, jennyhorm, Last, update:, February, 25,, 2017, at, 19:42:53, UTC, Arts, Business, Computers, Games, Health, Home, News, Recreation, Reference, Regional, Science, Shopping, Society, Sports, All, Languages, "Arts, People", search on:, AOL, -, Ask, -, Bing, -, DuckDuckGo, -, Gigablast, -, Google, -, ixquick, -, Yahoo, -, Yandex, -, Yippy, Copyright, ©, 1998-2017, AOL, Inc., Terms, of, Use, Built, by, CMBuild]
