[DMOZ, About, Become, an, Editor, Suggest, a, Site, Help, Login, Share, via, Facebook, Share, via, Twitter, Share, via, LinkedIn, Share, via, e-Mail, Visit, DMOZ, on, Facebook, Visit, DMOZ, on, Twitter, the, entire, directory,  , Arts,  ,  , People,  ,  ,  , H, Help, with, Search, Arts, People, H, 504, This, category, is, for, people, from, the, various, arts, genres, whose, last, name, begins, with, the, letter, H., A, B, C, D, E, F, G, HI, J, K, L, M, N, O, P, Q, R, S, T, U, V, W, X, Y, Z, Subcategories, 251, Habermann,, Eva, 2, Hack,, Shelley, 2, Hackett,, Buddy, 2, Hackett,, Martha, 1, Hackett,, Steve, 5, Hackman,, Gene, 6, Haglund,, Dean, 2, Hagman,, Larry, 2, Haim,, Corey, 2, Haines,, William, 1, Haji, 1, Haley,, Jackie, Earle, 2, Haliburton,, Thomas, Chandler, 0, Hall,, Anthony, Michael, 2, Hall,, Arsenio, 3, Hall,, Bruce, Michael, 1, Hall,, Deidre, 3, Hall,, Jerry, 3, Hallet,, Andy, 1, Hally,, Janice, 1, Halpin,, Luke, 2, Hamill,, Mark, 14, Hamilton,, Linda, 3, Hamilton,, Patrick, 1, Hamilton,, Suzanna, 1, Hancock,, Sheila, 9, Hancock,, Tony, 3, Handley,, Taylor, 2, Hanks,, Tom, 13, Hanley,, Bridget, 1, Hannah,, Daryl, 2, Hannah,, John, 2, Hannigan,, Alyson, 7, Hannon,, Neil, 7, Hanson,, Lars, 1, Hanwei,, Chen, 1, Harding,, Tim, 1, Hardy,, Robert, 2, Hardy,, Tom, 1, Hargitay,, Mariska, 4, Harjo,, Joy, 2, Harlow,, Jean, 3, Harmon,, Angie, 2, Harmon,, Mark, 1, Harold,, Gale, 4, Harper,, Ben, 13, Harper,, Valerie, 0, Harrelson,, Woody, 3, Harris,, Ed, 4, Harris,, Laura, 2, Harris,, Neil, Patrick, 6, Harris,, Richard, 3, Harris,, Rolf, 0, Harris,, Rosemary, 1, Harrison,, George, 39, Harrison,, Gregory, 1, Harrison,, Jenilee, 1, Harrison,, Mya, 6, Harrison,, Randy, 1, Harrison,, Rex, 3, Harry,, Deborah, 3, Hart,, Lorenz, 5, Hart,, Melissa, Joan, 8, Harth,, C., Ernst, 1, Hartley,, Clabe, 0, Hartman,, Phil, 6, Hartnell,, William, 2, Hartnett,, Josh, 9, Harvey,, Laurence, 1, Harvey,, P.J., 16, Haskell,, Susan, 3, Haslam,, Annie, 1, Hasselhoff­,, David, 1, Hatcher,, Teri, 5, Hathaway,, Noah, 1, Hatosy,, Shawn, 3, Hauer,, Rutger, 4, Haun,, Lindsey, 1, Hawke,, Ethan, 0, Hawkes,, John, 2, Hawkins,, Jack, 1, Hawkins,, Sophie, B., 5, Hawks,, Howard, 4, Hawn,, Goldie, 4, Hawthorne,, Nigel, 7, Hay,, Will, 1, Hayden,, Sterling, 1, Hayek,, Salma, 6, Hayes,, Geoffrey, 3, Hayes,, Helen, 1, Hayes,, Sean, 1, Hayman,, Demaris, 1, Haymes,, Dick, 1, Haynes,, Todd, 1, Hayward,, Susan, 1, Haywood,, Pippa, 1, Hayworth,, Rita, 1, Head,, Anthony, Stewart, 6, Head,, Edith, 3, Head,, Murray, 0, Headey,, Lena, 3, Headly,, Glenne, 2, Heald,, Anthony, 1, Heap,, Mark, 1, Heard,, John, 1, Heath,, Angela, 0, Heathcote,, Sophie, 2, Heaton,, Patricia, 2, Heche,, Anne, 3, Hedberg,, Mitch, 6, Hedison,, David, 1, Hedren,, Tippi, 3, Hefner,, Hugh, 1, Heigl,, Katherine, 4, Helfer,, Tricia, 2, Helgenberg­er,, Marg, 3, Hemblen,, David, 0, Hemmings,, David, 3, Henderson,, Biff, 0, Hendrix,, Elaine, 0, Henie,, Sonja, 1, Hennessy,, Jill, 0, Hennings,, Sam, 1, Henriksen,, Lance, 1, Henry,, Lenny, 3, Henson,, Brian, 2, Henson,, Darrin, 1, Henson,, Jim, 5, Henson,, John, 0, Henstridge­,, Natasha, 3, Hepburn,, Audrey, 9, Hepburn,, Katharine, 8, Herbst,, Rebecca, 0, Herman,, David, 2, Hermosa,, Kristine, 1, Herrmann,, Edward, 2, Hershey,, Barbara, 1, Hershey,, Erin, 0, Herzigova,, Eva, 1, Heskin,, Kam, 1, Hess,, Sandra, 0, Hester,, Benny, 2, Heston,, Charlton, 4, Hewitt,, Jennifer, Love, 22, Hewitt,, Tom, 2, Hey,, Virginia, 0, Hickland,, Catherine, 1, Hickman,, Dwayne, 2, Hildebrand­,, Madison, 1, Hill,, Bernard, 5, Hill,, Erica, 0, Hill,, Faith, 8, Hill,, Steven, 1, Hill,, Terence, 4, Hill,, Walter, 4, Hilton,, Paris, 5, Hinds,, Ciarán, 2, Hines,, Gregory, 4, Hird,, Thora, 5, Hirosue,, Ryoko, 1, Hirsch,, Lou, 3, Hitchcock,, Alfred, 18, Ho, Po, Sang,, Timmy, 0, Ho,, Kenny, 1, Hoffman,, Dustin, 4, Hoffman,, Philip, Seymour, 3, Hoffmann, von, Fallersleb­en,, August, Heinrich, 3, Hoffmann,, E., T., A., 3, Hogan,, Paul, 0, Hogestyn,, Drake, 1, Hoggart,, Kellie, 1, Holden,, Amanda, 1, Holden,, Laurie, 2, Holden,, Peter, 1, Holden,, William, 1, Holliday,, Charlie, 1, Holliday,, Judy, 1, Hollister,, Lindsay, 1, Holly,, Lauren, 2, Holm,, Ian, 3, Holmes,, Katie, 16, Holmes,, Rupert, 1, Hooper,, Tobe, 2, Hope,, Barclay, 3, Hope,, Bob, 13, Hope,, Leslie, 2, Hope,, Neil, 1, Hopkin,, Mary, 2, Hopkins,, Anthony, 7, Hopkins,, Bruce, 1, Hopkins,, Josh, 1, Hopper,, Dennis, 1, Horan,, James, 2, Horn,, Roy, 12, Horne,, Lena, 3, Horrocks,, Jane, 4, Horton,, Robert, 3, Hosea,, Bobby, 1, Hoskins,, Bob, 2, Houdini,, Harry, 10, Hovis,, Larry, 1, Howard,, Clint, 2, Howard,, Ken, 1, Howard,, Robert, E., 6, Howard,, Ron, 4, Howard,, Traylor, 1, Howard,, Trevor, 1, Howarth,, Roger, 3, Howe,, James, Wong, 3, Howell,, C., Thomas, 3, Howerd,, Frankie, 8, Hsu,, Chi, 2, Hsu,, Vivian, 1, Hu,, Kelly, 3, Hudson,, Ernie, 1, Hudson,, Kate, 5, Hudson,, Peter, 1, Hudson,, Rock, 3, Hues,, Matthias, 1, Huffman,, Felicity, 1, Hughes,, Finola, 2, Hughes,, Glenn, 5, Hughes,, John, 37, Huison,, Steve, 1, Hulce,, Tom, 0, Humphrey,, Nick, 0, Humphries,, Barry, 2, Hung,, Sammo, 1, Hunnam,, Charlie, 1, Hunt,, Bonnie, 4, Hunt,, Helen, 5, Hunt,, Scott, 1, Hunter,, Holly, 4, Hunter,, Jeffrey, 3, Hunter,, Kim, 1, Huntington­,, Sam, 1, Hurley,, Elizabeth, 4, Hurry,, Sherry, 1, Hurst,, Michael, 3, Hurt,, John, 2, Hurt,, William, 1, Hussey,, Olivia, 1, Huston,, Anjelica, 1, Huston,, John, 5, Hutch,, Jesse, 3, Hutcheon,, Linda, 2, Hutchison,, Doug, 1, Hutton,, Lauren, 3, Hyde,, James, 1, Hyde,, Tracy, 2, Hyde-White,, Alex, 1, Related, categories, 2, Arts, Performing, Arts, Acting, Actors, and, Actresses, H, 87, Reference, Biography, H, 0, Sites, 1, Hoptman,, Ari, Includes, his, profile,, schedule,, a, CD, for, sale,, and, contact, details., Other, languages, 3, Français, 1, Italiano, 0, Nederlands, 1, Last, update:, February, 7,, 2017, at, 5:38:18, UTC, Arts, Business, Computers, Games, Health, Home, News, Recreation, Reference, Regional, Science, Shopping, Society, Sports, All, Languages, "Arts, People", search on:, AOL, -, Ask, -, Bing, -, DuckDuckGo, -, Gigablast, -, Google, -, ixquick, -, Yahoo, -, Yandex, -, Yippy, Copyright, ©, 1998-2017, AOL, Inc., Terms, of, Use, Built, by, CMBuild]
