[[Skip, to, Content], We, cannot, verify, your, location, (Log, In), About, Contact, Help, Tools, Order, Saved, Citations, (0), for, Librarians, for, Publishers, Advanced, Search, OR, Content, Title, Author, Publisher, Browse, >, Literature, Free, Sample, Issue, Philosophy, and, Literature, Vol., 1, (1976), through, current, issue, For, more, than, thirty, years,, Philosophy, and, Literature, has, explored, the, dialogue, between, literary, and, philosophical, studies., The, journal, offers, fresh,, stimulating, ideas, in, the, aesthetics, of, literature,, theory, of, criticism,, philosophical, interpretation, of, literature,, and, literary, treatment, of, philosophy., Philosophy, and, Literature, challenges, the, cant, and, pretensions, of, academic, priesthoods, through, its, assortment, of, lively,, wide-ranging, essays,, notes,, and, reviews, that, are, written, in, clear,, jargon-free, prose., Published, by:, The, Johns, Hopkins, University, Press, Current, Issue:, Volume, 40,, Number, 2,, October, 2016, Available, Issues, Search, Journal, Journal, Information, Volume, 40,, 2016, Volume, 40,, Number, 2,, October, 2016, Volume, 40,, Number, 1,, April, 2016, Volume, 39,, 2015, Volume, 39,, Number, 2,, October, 2015, Volume, 39,, Number, 1A,, September, 2015, Volume, 39,, Number, 1,, April, 2015, Volume, 38,, 2014, Volume, 38,, Number, 2,, October, 2014, Volume, 38,, Number, 1A,, October, 2014, Volume, 38,, Number, 1,, April, 2014, Volume, 37,, 2013, Volume, 37,, Number, 2,, October, 2013, Volume, 37,, Number, 1,, April, 2013, Volume, 36,, 2012, Volume, 36,, Number, 2,, October, 2012, Volume, 36,, Number, 1,, April, 2012, Volume, 35,, 2011, Volume, 35,, Number, 2,, October, 2011, Volume, 35,, Number, 1,, April, 2011, Volume, 34,, 2010, Volume, 34,, Number, 2,, October, 2010, Volume, 34,, Number, 1,, April, 2010, Volume, 33,, 2009, Volume, 33,, Number, 2,, October, 2009, Volume, 33,, Number, 1,, April, 2009, Volume, 32,, 2008, Volume, 32,, Number, 2,, October, 2008, Volume, 32,, Number, 1,, April, 2008, Volume, 31,, 2007, Volume, 31,, Number, 2,, October, 2007, Volume, 31,, Number, 1,, April, 2007, Volume, 30,, 2006, Volume, 30,, Number, 2,, October, 2006, Volume, 30,, Number, 1,, April, 2006, Volume, 29,, 2005, Volume, 29,, Number, 2,, October, 2005, Volume, 29,, Number, 1,, April, 2005, Volume, 28,, 2004, Volume, 28,, Number, 2,, October, 2004, Volume, 28,, Number, 1,, April, 2004, Volume, 27,, 2003, Volume, 27,, Number, 2,, October, 2003, Volume, 27,, Number, 1,, April, 2003, Volume, 26,, 2002, Volume, 26,, Number, 2,, October, 2002, Volume, 26,, Number, 1,, April, 2002, Volume, 25,, 2001, Volume, 25,, Number, 2,, October, 2001, Volume, 25,, Number, 1,, April, 2001, Volume, 24,, 2000, Volume, 24,, Number, 2,, October, 2000, Volume, 24,, Number, 1,, April, 2000, Volume, 23,, 1999, Volume, 23,, Number, 2,, October, 1999, Volume, 23,, Number, 1,, April, 1999, Volume, 22,, 1998, Volume, 22,, Number, 2,, October, 1998, Volume, 22,, Number, 1,, April, 1998, Volume, 21,, 1997, Volume, 21,, Number, 2,, October, 1997, Volume, 21,, Number, 1,, April, 1997, Volume, 20,, 1996, Volume, 20,, Number, 2,, October, 1996, Volume, 20,, Number, 1,, April, 1996, Volume, 19,, 1995, Volume, 19,, Number, 2,, October, 1995, Volume, 19,, Number, 1,, April, 1995, Volume, 18,, 1994, Volume, 18,, Number, 2,, October, 1994, Volume, 18,, Number, 1,, April, 1994, Volume, 17,, 1993, Volume, 17,, Number, 2,, October, 1993, Volume, 17,, Number, 1,, April, 1993, Volume, 16,, 1992, Volume, 16,, Number, 2,, October, 1992, Volume, 16,, Number, 1,, April, 1992, Volume, 15,, 1991, Volume, 15,, Number, 2,, October, 1991, Volume, 15,, Number, 1,, April, 1991, Volume, 14,, 1990, Volume, 14,, Number, 2,, October, 1990, Volume, 14,, Number, 1,, April, 1990, Volume, 13,, 1989, Volume, 13,, Number, 2,, October, 1989, Volume, 13,, Number, 1,, April, 1989, Volume, 12,, 1988, Volume, 12,, Number, 2,, October, 1988, Volume, 12,, Number, 1,, April, 1988, Volume, 11,, 1987, Volume, 11,, Number, 2,, October, 1987, Volume, 11,, Number, 1,, April, 1987, Volume, 10,, 1986, Volume, 10,, Number, 2,, October, 1986, Volume, 10,, Number, 1,, April, 1986, Volume, 9,, 1985, Volume, 9,, Number, 2,, October, 1985, Volume, 9,, Number, 1,, April, 1985, Volume, 8,, 1984, Volume, 8,, Number, 2,, October, 1984, Volume, 8,, Number, 1,, April, 1984, Volume, 7,, 1983, Volume, 7,, Number, 2,, October, 1983, Volume, 7,, Number, 1,, April, 1983, Volume, 6,, 1982, Volume, 6,, Numbers, 1, and, 2,, Fall, 1982, Volume, 5,, 1981, Volume, 5,, Number, 2,, Fall, 1981, Volume, 5,, Number, 1,, Spring, 1981, Volume, 4,, 1980, Volume, 4,, Number, 2,, Fall, 1980, Volume, 4,, Number, 1,, Spring, 1980, Volume, 3,, 1979, Volume, 3,, Number, 2,, Fall, 1979, Volume, 3,, Number, 1,, Spring, 1979, Volume, 2,, 1978, Volume, 2,, Number, 2,, Fall, 1978, Volume, 2,, Number, 1,, Spring, 1978, Volume, 1,, 1977, Volume, 1,, Number, 3,, Fall, 1977, Volume, 1,, Number, 2,, Spring, 1977, Volume, 1,, Number, 1,, Fall, 1976, E-ISSN:, 1086-329X, Print, ISSN:, 0190-0013, Philosophy, and, Literature, Subscription, Information, Indexing/Abstracting, Advertising, Information, Submission, Guidelines, Related, Sites, Index, (2014-2015), Index, (2012-2013), Index, (2010-2011), Index, (2008-2009), Index, (2006-2007), Index, (2004-2005), Editorial, Boards, Volume, 40,, Number, 2,, October, 2016, Founding, Editor, (1944-2010), Denis, Dutton, Editor, Garry, L., Hagberg,, Bard, College, Copy, Editor, Cynthia, Werthamer,, Bard, College, Editor, Emeritus, Patrick, Henry,, Whitman, College, Editorial, Assistant, Jeanette, McDonald,, Bard, College, Editorial, Advisory, Board, Robert, Alter, University, of, California,, Berkeley, Eva, T., H., Brann, St., John’s, College,, Annapolis, Anthony, J., Cascardi, University, of, California,, Berkeley, Nancy, Easterlin, University, of, New, Orleans, Richard, Eldridge, Swarthmore, College, Kathleen, M., Higgins, University, of, Texas, Walter, Jost, University, of, Virginia, Deborah, Knight, Queen's, University,, Canada, Ray, Monk, University, of, Southampton, Alexander, Nehamas, Princeton, University, Alex, Neill, University, of, Southampton, Martha, Nussbaum, University, of, Chicago, Marjorie, Perloff, Stanford, University, Steven, Pinker, Harvard, University, Gerald, Prince, University, of, Pennsylvania, Martin, Puchner, Harvard, University, Volume, 40,, Number, 1,, April, 2016, Founding, Editor, (1944-2010), Denis, Dutton, Editor, Garry, L., Hagberg,, Bard, College, Copy, Editor, Cynthia, Werthamer,, Bard, College, Editor, Emeritus, Patrick, Henry,, Whitman, College, Editorial, Assistant, Jeanette, McDonald,, Bard, College, Editorial, Advisory, Board, Robert, Alter, University, of, California,, Berkeley, Hazel, E., Barnes, University, of, Colorado, Eva, T., H., Brann, St., John’s, College,, Annapolis, Anthony, J., Cascardi, University, of, California,, Berkeley, Nancy, Easterlin, University, of, New, Orleans, Richard, Eldridge, Swarthmore, College, Kathleen, M., Higgins, University, of, Texas, Walter, Jost, University, of, Virginia, Deborah, Knight, Queen's, University,, Canada, Ray, Monk, University, of, Southampton, David, Gershom, Myers, Texas, A&M, University, Alexander, Nehamas, Princeton, University, Alex, Neill, University, of, Southampton, Martha, Nussbaum, University, of, Chicago, Marjorie, Perloff, Stanford, University, Steven, Pinker, Harvard, University, Gerald, Prince, University, of, Pennsylvania, Martin, Puchner, Harvard, University, Volume, 39,, Number, 2,, October, 2015, Founding, Editor, Denis, Dutton, (1944–2010), Editor, Garry, L., Hagberg,, Bard, College, Copy, Editor, Cynthia, Werthamer,, Bard, College, Editor, Emeritus, Patrick, Henry,, Whitman, College, Editorial, Assistant, Jeanette, McDonald,, Bard, College, Editorial, Advisory, Board, Robert, Alter, University, of, California,, Berkeley, Hazel, E., Barnes, University, of, Colorado, Eva, T., H., Brann, St., John’s, College,, Annapolis, Anthony, J., Cascardi, University, of, California,, Berkeley, Nancy, Easterlin, University, of, New, Orleans, Richard, Eldridge, Swarthmore, College, Kathleen, M., Higgins, University, of, Texas, Walter, Jost, University, of, Virginia, Deborah, Knight, Queen's, University,, Canada, Ray, Monk, University, of, Southampton, David, Gershom, Myers, Texas, A&M, University, Alexander, Nehamas, Princeton, University, Alex, Neill, University, of, Southampton, Martha, Nussbaum, University, of, Chicago, Marjorie, Perloff, Stanford, University, Steven, Pinker, Harvard, University, Gerald, Prince, University, of, Pennsylvania, Martin, Puchner, Harvard, University, Volume, 39,, Number, 1A,, September, 2015, Founding, Editor, Denis, Dutton, (1944–2010), Editor, Garry, L., Hagberg,, Bard, College, Copy, Editor, Cynthia, Werthamer,, Bard, College, Editor, Emeritus, Patrick, Henry,, Whitman, College, Editorial, Assistant, Jeanette, McDonald,, Bard, College, Editorial, Advisory, Board, Robert, Alter, University, of, California,, Berkeley, Hazel, E., Barnes, University, of, Colorado, Eva, T., H., Brann, St., John’s, College,, Annapolis, Anthony, J., Cascardi, University, of, California,, Berkeley, Nancy, Easterlin, University, of, New, Orleans, Richard, Eldridge, Swarthmore, College, Kathleen, M., Higgins, University, of, Texas, Walter, Jost, University, of, Virginia, Deborah, Knight, Queen's, University,, Canada, Ray, Monk, University, of, Southampton, David, Gershom, Myers, Texas, A&M, University, Alexander, Nehamas, Princeton, University, Alex, Neill, University, of, Southampton, Martha, Nussbaum, University, of, Chicago, Marjorie, Perloff, Stanford, University, Steven, Pinker, Harvard, University, Gerald, Prince, University, of, Pennsylvania, Martin, Puchner, Harvard, University, Volume, 39,, Number, 1,, April, 2015, Founding, Editor, Denis, Dutton, (1944–2010), Editor, Garry, L., Hagberg,, Bard, College, Copy, Editor, Cynthia, Werthamer,, Bard, College, Editor, Emeritus, Patrick, Henry,, Whitman, College, Editorial, Assistant, Jeanette, McDonald,, Bard, College, Editorial, Advisory, Board, Robert, Alter, University, of, California,, Berkeley, Hazel, E., Barnes, University, of, Colorado, Eva, T., H., Brann, St., John’s, College,, Annapolis, Anthony, J., Cascardi, University, of, California,, Berkeley, Nancy, Easterlin, University, of, New, Orleans, Richard, Eldridge, Swarthmore, College, Kathleen, M., Higgins, University, of, Texas, Walter, Jost, University, of, Virginia, Deborah, Knight, Queen's, University,, Canada, Ray, Monk, University, of, Southampton, David, Gershom, Myers, Texas, A&M, University, Alexander, Nehamas, Princeton, University, Alex, Neill, University, of, Southampton, Martha, Nussbaum, University, of, Chicago, Marjorie, Perloff, Stanford, University, Steven, Pinker, Harvard, University, Gerald, Prince, University, of, Pennsylvania, Martin, Puchner, Harvard, University, Volume, 38,, Number, 2,, October, 2014, Founding, Editor, Denis, Dutton, (1944–2010), Editor, Garry, L., Hagberg,, Bard, College, Copy, Editor, Cynthia, Werthamer,, Bard, College, Editor, Emeritus, Patrick, Henry,, Whitman, College, Editorial, Assistant, Jeanette, McDonald,, Bard, College, Editorial, Advisory, Board, Robert, Alter, University, of, California,, Berkeley, Hazel, E., Barnes, University, of, Colorado, Eva, T., H., Brann, St., John’s, College,, Annapolis, Anthony, J., Cascardi, University, of, California,, Berkeley, Nancy, Easterlin, University, of, New, Orleans, Kathleen, M., Higgins, University, of, Texas, Deborah, Knight, Queen's, University,, Canada, Ray, Monk, University, of, Southampton, David, Gershom, Myers, Texas, A&M, University, Alexander, Nehamas, Princeton, University, Alex, Neill, University, of, Southampton, Martha, Nussbaum, University, of, Chicago, Marjorie, Perloff, Stanford, University, Steven, Pinker, Harvard, University, Gerald, Prince, University, of, Pennsylvania, Volume, 38,, Number, 1A,, October, 2014, Founding, Editor, Denis, Dutton, (1944–2010), Editor, Garry, L., Hagberg, Bard, College, Copy, Editor, Cynthia, Werthamer, Bard, College, Editor, Emeritus, Patrick, Henry, Whitman, College, Editorial, Assistant, Jeanette, McDonald, Bard, College, Editorial, Advisory, Board, Robert, Alter, University, of, California,, Berkeley, Hazel, E., Barnes, University, of, Colorado, Eva, T., H., Brann, St., John’s, College,, Annapolis, Anthony, J., Cascardi, University, of, California,, Berkeley, Nancy, Easterlin, University, of, New, Orleans, Kathleen, M., Higgins, University, of, Texas, Deborah, Knight, Queen's, University,, Canada, Ray, Monk, University, of, Southampton, David, Gershom, Myers, Texas, A&M, University, Alexander, Nehamas, Princeton, University, Alex, Neill, University, of, Southampton, Martha, Nussbaum, University, of, Chicago, Marjorie, Perloff, Stanford, University, Steven, Pinker, Harvard, University, Gerald, Prince, University, of, Pennsylvania, Volume, 38,, Number, 1,, April, 2014, Founding, Editor, Denis, Dutton, (1944–2010), Editor, Garry, L., Hagberg,, Bard, College, Copy, Editor, Cynthia, Werthamer,, Bard, College, Editor, Emeritus, Patrick, Henry,, Whitman, College, Editorial, Assistant, Jeanette, McDonald,, Bard, College, Editorial, Advisory, Board, Robert, Alter, University, of, California,, Berkeley, Hazel, E., Barnes, University, of, Colorado, Eva, T., H., Brann, St., John’s, College,, Annapolis, Anthony, J., Cascardi, University, of, California,, Berkeley, Nancy, Easterlin, University, of, New, Orleans, Kathleen, M., Higgins, University, of, Texas, Deborah, Knight, Queen's, University,, Canada, Ray, Monk, University, of, Southampton, David, Gershom, Myers, Texas, A&M, University, Alexander, Nehamas, Princeton, University, Alex, Neill, University, of, Southampton, Martha, Nussbaum, University, of, Chicago, Marjorie, Perloff, Stanford, University, Steven, Pinker, Harvard, University, Gerald, Prince, University, of, Pennsylvania, Volume, 27,, Number, 2,, October, 2003, Editors, Denis, Dutton, University, of, Canterbury,, New, Zealand, Garry, Hagberg, Bard, University, Associate, Editor, Nancy, Easterlin, University, of, New, Orleans, Editorial, Assistant, Carol, Brener, Bard, College, Editor, Emeritus, Patrick, Henry, Whitman, College, Editorial, Advisory, Board, Robert, Alter,, University, of, California,, Berkeley, Hazel, E., Barnes,, University, of, Colorado, Eva, T., H., Brann,, St., John's, College,, Annapolis, Anthony, J., Cascardi,, University, of, California,, Berkeley, Frederick, C., Crews,, University, of, California,, Berkeley, Carol, S., Gould,, Florida, Atlantic, University, Kathleen, M., Higgins,, University, of, Texas, Deborah, Knight,, Queen's, University,, Canada, Ray, Monk,, University, of, Southhampton, David, Gershom, Meyers,, Texas, A&M, University, Alexander, Nehamas,, Princeton, University, Alex, Neill,, University, of, Southhampton, Martha, Nussbaum,, University, of, Chicago, Marjorie, Perloff,, Standford, University, Steven, Pinker,, Massachusetts, Institute, of, Technology, Gerald, Prince,, University, of, Pennsylvania, Sponsor, Bard, College, Volume, 27,, Number, 1,, April, 2003, Editors, Denis, Dutton, University, of, Canterbury,, New, Zealand, Garry, Hagberg, Bard, University, Associate, Editor, Nancy, Easterlin, University, of, New, Orleans, Editorial, Assistant, Carol, Brener, Bard, College, Editor, Emeritus, Patrick, Henry, Whitman, College, Editorial, Advisory, Board, Robert, Alter,, University, of, California,, Berkeley, Hazel, E., Barnes,, University, of, Colorado, Eva, T., H., Brann,, St., John's, College,, Annapolis, Anthony, J., Cascardi,, University, of, California,, Berkeley, Frederick, C., Crews,, University, of, California,, Berkeley, Carol, S., Gould,, Florida, Atlantic, University, Kathleen, M., Higgins,, University, of, Texas, Deborah, Knight,, Queen's, University,, Canada, Ray, Monk,, University, of, Southhampton, David, Gershom, Meyers,, Texas, A&M, University, Alexander, Nehamas,, Princeton, University, Alex, Neill,, University, of, Southhampton, Martha, Nussbaum,, University, of, Chicago, Marjorie, Perloff,, Standford, University, Steven, Pinker,, Massachusetts, Institute, of, Technology, Gerald, Prince,, University, of, Pennsylvania, Sponsor, Bard, College, Volume, 26,, Number, 2,, October, 2002, Editors, Denis, Dutton, University, of, Canterbury,, New, Zealand, Garry, Hagberg, Bard, University, Associate, Editor, Nancy, Easterlin, University, of, New, Orleans, Editorial, Assistant, Carol, Brener, Bard, College, Editor, Emeritus, Patrick, Henry, Whitman, College, Editorial, Advisory, Board, Robert, Alter,, University, of, California,, Berkeley, Hazel, E., Barnes,, University, of, Colorado, Eva, T., H., Brann,, St., John's, College,, Annapolis, Anthony, J., Cascardi,, University, of, California,, Berkeley, Frederick, C., Crews,, University, of, California,, Berkeley, Carol, S., Gould,, Florida, Atlantic, University, Kathleen, M., Higgins,, University, of, Texas, Deborah, Knight,, Queen's, University,, Canada, Ray, Monk,, University, of, Southhampton, David, Gershom, Meyers,, Texas, A&M, University, Alexander, Nehamas,, Princeton, University, Alex, Neill,, University, of, Southhampton, Martha, Nussbaum,, University, of, Chicago, Marjorie, Perloff,, Standford, University, Steven, Pinker,, Massachusetts, Institute, of, Technology, Gerald, Prince,, University, of, Pennsylvania, Sponsor, Bard, College, Volume, 26,, Number, 1,, April, 2002, Editors, Denis, Dutton, University, of, Canterbury,, New, Zealand, Garry, Hagberg, Bard, University, Associate, Editor, Nancy, Easterlin, University, of, New, Orleans, Editorial, Assistant, Carol, Brener, Bard, College, Editor, Emeritus, Patrick, Henry, Whitman, College, Editorial, Advisory, Board, Robert, Alter,, University, of, California,, Berkeley, Hazel, E., Barnes,, University, of, Colorado, Eva, T., H., Brann,, St., John's, College,, Annapolis, Anthony, J., Cascardi,, University, of, California,, Berkeley, Frederick, C., Crews,, University, of, California,, Berkeley, Carol, S., Gould,, Florida, Atlantic, University, Kathleen, M., Higgins,, University, of, Texas, Deborah, Knight,, Queen's, University,, Canada, Ray, Monk,, University, of, Southhampton, David, Gershom, Meyers,, Texas, A&M, University, Alexander, Nehamas,, Princeton, University, Alex, Neill,, University, of, Southhampton, Martha, Nussbaum,, University, of, Chicago, Marjorie, Perloff,, Standford, University, Steven, Pinker,, Massachusetts, Institute, of, Technology, Gerald, Prince,, University, of, Pennsylvania, Sponsor, Bard, College, Volume, 25,, Number, 2,, October, 2001, Editor, Denis, Dutton, University, of, Canterbury,, New, Zealand, Garry, Hagberg, Bard, University, Associate, Editor, Nancy, Easterlin, Assistant, Editor, Margit, Dutton, Christchurch,, New, Zealand, Editorial, Advisory, Board, Robert, Alter,, University, of, California,, Berkeley, Hazel, E., Barnes,, University, of, Colorado, Wayne, C., Booth,, University, of, Chicago, Eva, T., H., Brann,, St., John's, College,, Annapolis, Walter, E., Broman,, Whitman, College, Anthony, J., Cascardi,, University, of, California,, Berkeley, Frederick, C., Crews,, University, of, California,, Berkeley, M.J., Devaney,, University, of, Nebraska, Press, Carol, S., Gould,, Florida, Atlantic, University, Wendell, V., Harris,, Pennsylavania, State, University, Kathleen, M., Higgins,, University, of, Texas, John, D., Lyons,, University, of, Virginia, David, Gershom, Meyers,, Texas, A&M, University, Alexander, Nehamas,, University, of, Pennsylvania, Alex, Neill,, University, of, St., Andrews, David, Novitz,, University, of, Canterbury, Martha, Nussbaum,, University, of, Chicago, Gerald, Prince,, University, of, Pennsylvania, Roger, Shattuck,, Boston, University, Alan, D., Sokal,, New, York, University, Francis, Sparshott,, University, of, Toronto, Robert, Tobin,, Whitman, College, Volume, 25,, Number, 1,, April, 2001, Editor, Denis, Dutton, University, of, Canterbury,, New, Zealand, Garry, Hagberg, Bard, University, Associate, Editor, Nancy, Easterlin, Assistant, Editor, Margit, Dutton, Christchurch,, New, Zealand, Editorial, Advisory, Board, Robert, Alter,, University, of, California,, Berkeley, Hazel, E., Barnes,, University, of, Colorado, Wayne, C., Booth,, University, of, Chicago, Eva, T., H., Brann,, St., John's, College,, Annapolis, Walter, E., Broman,, Whitman, College, Anthony, J., Cascardi,, University, of, California,, Berkeley, Frederick, C., Crews,, University, of, California,, Berkeley, M.J., Devaney,, University, of, Nebraska, Press, Carol, S., Gould,, Florida, Atlantic, University, Wendell, V., Harris,, Pennsylavania, State, University, Kathleen, M., Higgins,, University, of, Texas, John, D., Lyons,, University, of, Virginia, David, Gershom, Meyers,, Texas, A&M, University, Alexander, Nehamas,, University, of, Pennsylvania, Alex, Neill,, University, of, St., Andrews, David, Novitz,, University, of, Canterbury, Martha, Nussbaum,, University, of, Chicago, Gerald, Prince,, University, of, Pennsylvania, Roger, Shattuck,, Boston, University, Alan, D., Sokal,, New, York, University, Francis, Sparshott,, University, of, Toronto, Robert, Tobin,, Whitman, College, Volume, 24,, Number, 2,, October, 2000, Editor, Denis, Dutton, University, of, Canterbury,, New, Zealand, Garry, Hagberg, Bard, University, Associate, Editor, Nancy, Easterlin, Assistant, Editor, Margit, Dutton, Christchurch,, New, Zealand, Editorial, Advisory, Board, Robert, Alter,, University, of, California,, Berkeley, Hazel, E., Barnes,, University, of, Colorado, Wayne, C., Booth,, University, of, Chicago, Eva, T., H., Brann,, St., John's, College,, Annapolis, Walter, E., Broman,, Whitman, College, Anthony, J., Cascardi,, University, of, California,, Berkeley, Frederick, C., Crews,, University, of, California,, Berkeley, M.J., Devaney,, University, of, Nebraska, Press, Carol, S., Gould,, Florida, Atlantic, University, Wendell, V., Harris,, Pennsylavania, State, University, Kathleen, M., Higgins,, University, of, Texas, John, D., Lyons,, University, of, Virginia, David, Gershom, Meyers,, Texas, A&M, University, Alexander, Nehamas,, University, of, Pennsylvania, Alex, Neill,, University, of, St., Andrews, David, Novitz,, University, of, Canterbury, Martha, Nussbaum,, University, of, Chicago, Gerald, Prince,, University, of, Pennsylvania, Roger, Shattuck,, Boston, University, Alan, D., Sokal,, New, York, University, Francis, Sparshott,, University, of, Toronto, Robert, Tobin,, Whitman, College, Volume, 24,, Number, 1,, April, 2000, Editor, Denis, Dutton, University, of, Canterbury,, New, Zealand, Coeditor, Patrick, Henry, Whitman, College, Associate, Editor, Deborah, Knight, Queen's, University,, Canada, Assistant, Editor, Margit, Dutton, Christchurch,, New, Zealand, Editorial, Advisory, Board, Robert, Alter,, University, of, California,, Berkeley, Hazel, E., Barnes,, University, of, Colorado, Wayne, C., Booth,, University, of, Chicago, Eva, T., H., Brann,, St., John's, College,, Annapolis, Walter, E., Broman,, Whitman, College, Anthony, J., Cascardi,, University, of, California,, Berkeley, Frederick, C., Crews,, University, of, California,, Berkeley, M.J., Devaney,, University, of, Nebraska, Press, Carol, S., Gould,, Florida, Atlantic, University, Wendell, V., Harris,, Pennsylavania, State, University, Kathleen, M., Higgins,, University, of, Texas, John, D., Lyons,, University, of, Virginia, David, Gershom, Meyers,, Texas, A&M, University, Alexander, Nehamas,, University, of, Pennsylvania, Alex, Neill,, University, of, St., Andrews, David, Novitz,, University, of, Canterbury, Martha, Nussbaum,, University, of, Chicago, Gerald, Prince,, University, of, Pennsylvania, Roger, Shattuck,, Boston, University, Alan, D., Sokal,, New, York, University, Francis, Sparshott,, University, of, Toronto, Robert, Tobin,, Whitman, College, Volume, 23,, Number, 2,, October, 1999, Editor, Denis, Dutton, University, of, Canterbury,, New, Zealand, Coeditor, Patrick, Henry, Whitman, College, Associate, Editor, Deborah, Knight, Queen's, University,, Canada, Assistant, Editor, Margit, Dutton, Christchurch,, New, Zealand, Editorial, Advisory, Board, Robert, Alter,, University, of, California,, Berkeley, Hazel, E., Barnes,, University, of, Colorado, Wayne, C., Booth,, University, of, Chicago, Eva, T., H., Brann,, St., John's, College,, Annapolis, Walter, E., Broman,, Whitman, College, Anthony, J., Cascardi,, University, of, California,, Berkeley, Frederick, C., Crews,, University, of, California,, Berkeley, M.J., Devaney,, University, of, Nebraska, Press, Carol, S., Gould,, Florida, Atlantic, University, Wendell, V., Harris,, Pennsylavania, State, University, Kathleen, M., Higgins,, University, of, Texas, John, Lyons,, University, of, Virginia, David, Gershom, Meyers,, Texas, A&M, University, Alexander, Nehamas,, University, of, Pennsylvania, Alex, Neill,, University, of, St., Andrews, David, Novitz,, University, of, Canterbury, Martha, Nussbaum,, University, of, Chicago, Gerald, Prince,, University, of, Pennsylvania, Roger, Shattuck,, Boston, University, Alan, D., Sokal,, New, York, University, Francis, Sparshott,, University, of, Toronto, Robert, Tobin,, Whitman, College, Volume, 23,, Number, 1,, April, 1999, Editor, Denis, Dutton, University, of, Canterbury,, New, Zealand, Coeditor, Patrick, Henry, Whitman, College, Associate, Editor, Deborah, Knight, Queen's, University,, Canada, Assistant, Editor, Margit, Dutton, Christchurch,, New, Zealand, Editorial, Advisory, Board, Robert, Alter,, University, of, California,, Berkeley, Hazel, E., Barnes,, University, of, Colorado, Wayne, C., Booth,, University, of, Chicago, Eva, T., H., Brann,, St., John's, College,, Annapolis, Walter, E., Broman,, Whitman, College, Anthony, J., Cascardi,, University, of, California,, Berkeley, Frederick, C., Crews,, University, of, California,, Berkeley, M.J., Devaney,, University, of, Nebraska, Press, Carol, S., Gould,, Florida, Atlantic, University, Wendell, V., Harris,, Pennsylavania, State, University, Kathleen, M., Higgins,, University, of, Texas, John, Lyons,, University, of, Virginia, David, Gershom, Meyers,, Texas, A&M, University, Alexander, Nehamas,, University, of, Pennsylvania, Alex, Neill,, University, of, St., Andrews, David, Novitz,, University, of, Canterbury, Martha, Nussbaum,, University, of, Chicago, Gerald, Prince,, University, of, Pennsylvania, Roger, Shattuck,, Boston, University, Alan, D., Sokal,, New, York, University, Francis, Sparshott,, University, of, Toronto, Volume, 22,, Number, 2,, October, 1998, Editor, Denis, Dutton, University, of, Canterbury,, New, Zealand, Coeditor, Patrick, Henry, Whitman, College, Associate, Editor, Deborah, Knight, Queen's, University,, Canada, Assistant, Editor, Margit, Dutton, Christchurch,, New, Zealand, Editorial, Advisory, Board, Robert, Alter,, University, of, California,, Berkeley, Hazel, E., Barnes,, University, of, Colorado, Wayne, C., Booth,, University, of, Chicago, Eva, T., H., Brann,, St., John's, College,, Annapolis, Walter, E., Broman,, Whitman, College, Anthony, J., Cascardi,, University, of, California,, Berkeley, Frederick, C., Crews,, University, of, California,, Berkeley, M.J., Devaney,, University, of, Nebraska, Press, Wendell, V., Harris,, Pennsylavania, State, University, Kathleen, M., Higgins,, University, of, Texas, John, Lyons,, University, of, Virginia, David, Gershom, Meyers,, Texas, A&M, University, Alexander, Nehamas,, University, of, Pennsylvania, Alex, Neill,, University, of, St., Andrews, David, Novitz,, University, of, Canterbury,, New, Zealand, Martha, Nussbaum,, Brown, University, Gerald, Prince,, University, of, Pennsylvania, Roger, Shattuck,, Boston, University, Alan, D., Sokal,, New, York, University, Francis, Sparshott,, University, of, Toronto, Edwin, Stein,, Whitman, College, Volume, 22,, Number, 1,, April, 1998, Editor, Denis, Dutton, University, of, Canterbury,, New, Zealand, Coeditor, Patrick, Henry, Whitman, College, Associate, Editor, Deborah, Knight, Queen's, University,, Canada, Assistant, Editor, Margit, Dutton, Christchurch,, New, Zealand, Editorial, Advisory, Board, Robert, Alter,, University, of, California,, Berkeley, Hazel, E., Barnes,, University, of, Colorado, Wayne, C., Booth,, University, of, Chicago, Eva, T., H., Brann,, St., John's, College,, Annapolis, Walter, E., Broman,, Whitman, College, Anthony, J., Cascardi,, University, of, California,, Berkeley, Frederick, C., Crews,, University, of, California,, Berkeley, M.J., Devaney,, University, of, Nebraska, Press, Wendell, V., Harris,, Pennsylavania, State, University, Kathleen, M., Higgins,, University, of, Texas, John, Lyons,, University, of, Virginia, David, Gershom, Meyers,, Texas, A&M, University, Alexander, Nehamas,, University, of, Pennsylvania, Alex, Neill,, University, of, St., Andrews, David, Novitz,, University, of, Canterbury,, New, Zealand, Martha, Nussbaum,, Brown, University, Gerald, Prince,, University, of, Pennsylvania, Roger, Shattuck,, Boston, University, Alan, D., Sokal,, New, York, University, Francis, Sparshott,, University, of, Toronto, Edwin, Stein,, Whitman, College, Volume, 21,, Number, 2,, October, 1997, Editor, Denis, Dutton,, University, of, Canterbury,, New, Zealand, Coeditor, Patrick, Henry,, Whitman, College, Associate, Editor, Deborah, Knight,, Queen's, University,, Canada, Assistant, Editor, Margit, Dutton,, Christchurch,, New, Zealand, Editorial, Advisory, Board, Robert, Alter,, University, of, California,, Berkeley, Hazel, E., Barnes,, University, of, Colorado, Wayne, C., Booth,, University, of, Chicago, Eva, T., H., Brann,, St., John's, College,, Annapolis, Walter, E., Broman,, Whitman, College, Anthony, J., Cascardi,, University, of, California,, Berkeley, Frederick, C., Crews,, University, of, California,, Berkeley, Wendell, V., Harris,, Pennsylavania, State, University, Kathleen, M., Higgins,, University, of, Texas, John, Lyons,, University, of, Virginia, David, Gershom, Meyers,, Texas, A&M, University, Alexander, Nehamas,, University, of, Pennsylvania, Alex, Neill,, University, of, St., Andrews, David, Novitz,, University, of, Canterbury,, New, Zealand, Martha, Nussbaum,, Brown, University, Gerald, Prince,, University, of, Pennsylvania, Roger, Shattuck,, Boston, University, Alex, D., Sokal,, New, York, University, Francis, Sparshott,, University, of, Toronto, Edwin, Stein,, Whitman, College, Volume, 21,, Number, 1,, April, 1997, Editor, Denis, Dutton,, University, of, Canterbury,, New, Zealand, Coeditor, Patrick, Henry,, Whitman, College, Associate, Editor, Deborah, Knight,, Queen's, University,, Canada, Assistant, Editor, Margit, Dutton,, Christchurch,, New, Zealand, Editorial, Advisory, Board, Robert, Alter,, University, of, California,, Berkeley, Hazel, E., Barnes,, University, of, Colorado, Wayne, C., Booth,, University, of, Chicago, Eva, T., H., Brann,, St., John's, College,, Annapolis, Walter, E., Broman,, Whitman, College, Anthony, J., Cascardi,, University, of, California,, Berkeley, Frederick, C., Crews,, University, of, California,, Berkeley, Wendell, V., Harris,, Pennsylavania, State, University, Kathleen, M., Higgins,, University, of, Texas, John, Lyons,, University, of, Virginia, David, Gershom, Meyers,, Texas, A&M, University, Alexander, Nehamas,, University, of, Pennsylvania, Alex, Neill,, University, of, St., Andrews, David, Novitz,, University, of, Canterbury,, New, Zealand, Martha, Nussbaum,, Brown, University, Gerald, Prince,, University, of, Pennsylvania, Roger, Shattuck,, Boston, University, Alex, D., Sokal,, New, York, University, Francis, Sparshott,, University, of, Toronto, Edwin, Stein,, Whitman, College, Volume, 20,, Number, 2,, October, 1996, Editor, Denis, Dutton,, University, of, Canterbury,, New, Zealand, Coeditor, Patrick, Henry,, Whitman, College, Associate, Editor, Deborah, Knight,, Queen's, University,, Canada, Assistant, Editor, Margrit, Dutton,, Christchurch,, New, Zealand, Editorial, Advisory, Board, Robert, Alter,, University, of, California, Hazel, E., Barnes,, University, of, Colorado, Wayne, C., Booth,, University, of, Chicago, Eva, T.H., Brann,, St., John's, College,, Annapolis, Walter, E., Broman,, Whitman, College, Anthony, J., Cascardi,, University, of, California,, Berkeley, Fredrick, C., Crews,, Univeristy, of, California,, Berkeley, Wendell, Harris,, Pennsylavania, State, University, Kathleen, M., Higgins,, Univeristy, of, Texas, John, Lyons,, University, of, Virginia, David, Gershom, Meyers,, Texas, A&M, University, Alexander, Nehamas,, University, of, Pennsylvania, Alex, Neill,, University, of, St., Andrews, David, Novitz,, University, of, Canterbury,, New, Zealand, Martha, Nussbaum,, Brown, University, Gerald, Prince,, Univeristy, of, Pennsylvannia, Gary, Shapiro,, University, of, Richmond, Roger, Shattuck,, Boston, University, Alan, D., Sokal,, New, York, Univeristy, Francis, Sparshott,, University, of, Toronto, Edwin, Stein,, Whitman, College, Volume, 20,, Number, 1,, April, 1996, Editor, Denis, Dutton,, University, of, Canterbury,, New, Zealand, Coeditor, Patrick, Henry,, Whitman, College, Associate, Editor, Alex, Neill,, Trinity, University, Assistant, Editor, Margrit, Dutton,, Christchurch,, New, Zealand, Editorial, Advisory, Board, Hazel, E., Barnes,, University, of, Colorado, Wayne, C., Booth,, University, of, Chicago, Patrick, Brady,, University, of, Tennessee, Anthony, J., Cascardi,, University, of, California,, Berkeley, John, F., Desmond,, Whitman, College, T., J., Diffey,, University, of, Sussex, Richard, Eldridge,, Swarthmore, College, Wendell, Harris,, Pennsylavania, State, University, Jesse, Kalin,, Vassar, College, John, Lyons,, University, of, Virginia, David, Gershom, Meyers,, Texas, A&M, University, Alexander, Nehamas,, University, of, Pennsylvania, Christorpher, Norris,, University, of, Wales, David, Novitz,, University, of, Canterbury,, New, Zealand, Martha, Nussbaum,, Brown, University, Gary, Shapiro,, University, of, Richmond, Roger, Shattuck,, Boston, University, Francis, Sparshott,, University, of, Toronto, Edwin, Stein,, Whitman, College, Martin, Warner,, University, of, Warwick, Volume, 19,, Number, 2,, October, 1995, Editor, Denis, Dutton,, University, of, Canterbury,, New, Zealand, Coeditor, Patrick, Henry,, Whitman, College, Associate, Editor, Alex, Neill,, Trinity, University, Assistant, Editor, Margrit, Dutton,, Christchurch,, New, Zealand, Editorial, Advisory, Board, Hazel, E., Barnes,, University, of, Colorado, Wayne, C., Booth,, University, of, Chicago, Patrick, Brady,, University, of, Tennessee, Anthony, J., Cascardi,, University, of, California,, Berkeley, John, F., Desmond,, Whitman, College, T., J., Diffey,, University, of, Sussex, Richard, Eldridge,, Swarthmore, College, Wendell, Harris,, Pennsylavania, State, University, Jesse, Kalin,, Vassar, College, John, Lyons,, University, of, Virginia, David, Gershom, Meyers,, Texas, A&M, University, Alexander, Nehamas,, University, of, Pennsylvania, Christorpher, Norris,, University, of, Wales, David, Novitz,, University, of, Canterbury,, New, Zealand, Martha, Nussbaum,, Brown, University, Gary, Shapiro,, University, of, Richmond, Roger, Shattuck,, Boston, University, Francis, Sparshott,, University, of, Toronto, Edwin, Stein,, Whitman, College, Martin, Warner,, University, of, Warwick, Volume, 19,, Number, 1,, April, 1995, Editor, Denis, Dutton,, University, of, Canterbury,, New, Zealand, Coeditor, Patrick, Henry,, Whitman, College, Associate, Editor, Alex, Neill,, Trinity, University, Assistant, Editor, Margrit, Dutton,, Christchurch,, New, Zealand, Editorial, Advisory, Board, Hazel, E., Barnes,, University, of, Colorado, Wayne, C., Booth,, University, of, Chicago, Patrick, Brady,, University, of, Tennessee, Anthony, J., Cascardi,, University, of, California,, Berkeley, John, F., Desmond,, Whitman, College, T., J., Diffey,, University, of, Sussex, Richard, Eldridge,, Swarthmore, College, Wendell, Harris,, Pennsylavania, State, University, Jesse, Kalin,, Vassar, College, John, Lyons,, University, of, Virginia, David, Gershom, Meyers,, Texas, A&M, University, Alexander, Nehamas,, University, of, Pennsylvania, Christorpher, Norris,, University, of, Wales, David, Novitz,, University, of, Canterbury,, New, Zealand, Martha, Nussbaum,, Brown, University, Gary, Shapiro,, University, of, Richmond, Roger, Shattuck,, Boston, University, Francis, Sparshott,, University, of, Toronto, Edwin, Stein,, Whitman, College, Martin, Warner,, University, of, Warwick, Research, Areas, Literature, Philosophy, Recommend, Email, a, link, to, this, page, Frequently, Downloaded, You, have, access, to, this, content, Free, sample, Open, Access, Restricted, Access, Welcome, to, Project, MUSE, Use, the, simple, Search, box, at, the, top, of, the, page, or, the, Advanced, Search, linked, from, the, top, of, the, page, to, find, book, and, journal, content., Refine, results, with, the, filtering, options, on, the, left, side, of, the, Advanced, Search, page, or, on, your, search, results, page., Click, the, Browse, box, to, see, a, selection, of, books, and, journals, by:, Research, Area,, Titles, A-Z,, Publisher,, Books, only,, or, Journals, only., Connect, with, Project, MUSE, Join, our, Facebook, Page, Follow, us, on, Twitter, Project, MUSE, |, 2715, North, Charles, Street, |, Baltimore,, Maryland, USA, 21218, |, (410), 516-6989, |, About, |, Contact, |, Help, |, Tools, |, Order, ©2017, Project, MUSE., Produced, by, The, Johns, Hopkins, University, Press, in, collaboration, with, The, Milton, S., Eisenhower, Library.]
