[DMOZ, About, Become, an, Editor, Suggest, a, Site, Help, Login, Share, via, Facebook, Share, via, Twitter, Share, via, LinkedIn, Share, via, e-Mail, Visit, DMOZ, on, Facebook, Visit, DMOZ, on, Twitter, the, entire, directory,  , Arts,  ,  , Performing, Arts,  ,  ,  , Acting,  ,  ,  ,  , Actors, and, Actresses,  ,  ,  ,  ,  , C, Help, with, Search, Arts, Performing, Arts, Acting, Actors, and, Actresses, C, 705, This, category, is, for, sites, of, actors, and, actresses, whose, last, name, begins, with, the, letter, C., A, B, CD, E, F, G, H, I, J, K, L, M, N, O, P, Q, R, S, T, U, V, W, X, Y, Z, Subcategories, 359, Caan,, James, 3, Caan,, Scott, 2, Caesar,, Sid, 3, Caffrey,, Stephen, 2, Cage,, Nicolas, 8, Cagney,, James, 13, Cahill,, Eddie, 1, Cain,, Dean, 1, Cain,, Sugar, 2, Caine,, Michael, 8, Cake,, Jonathan, 1, Calkin,, Richard, 1, Call,, R., D., 1, Callaghan,, Jeremy, 2, Callow,, Simon, 6, Caloz,, Michael, 2, Camargo,, Christian, 1, Cameron, Bure,, Candace, 2, Cameron,, Dean, 2, Camp,, Jesse, 5, Campanelli­,, Rick, 4, Campbell,, Alan, 2, Campbell,, Billy, 3, Campbell,, Brenda, 1, Campbell,, Bruce, 7, Campbell,, Christian, 2, Campbell,, Darius, 5, Campbell,, David, 2, Campbell,, Nell, 3, Campbell,, Neve, 14, Campbell,, Scott, Michael, 1, Canary,, David, 2, Candy,, John, 1, Cannon,, Dyan, 2, Capshaw,, Jessica, 1, Cardellini­,, Linda, 2, Cardinal,, Tantoo, 2, Cardinale,, Claudia, 3, Carell,, Steve, 4, Carey,, Drew, 3, Cariani,, John, 1, Carlin,, George, 2, Carlson,, Amy, 2, Carlson,, Krissy, 1, Carlson,, Veronica, 1, Carlyle,, Robert, 4, Carmello,, Carolee, 2, Carmody,, Matt, 2, Carney,, Art, 2, Carolla,, Adam, 1, Caron,, Leslie, 2, Carpenter,, Charisma, 6, Carpenter,, Earl, 0, Carpenter,, John, 6, Carrera,, Barbara, 2, Carrere,, Tia, 3, Carrey,, Jim, 15, Carrol,, Regina, 1, Carroll,, Diahann, 5, Carroll,, Madeleine, 5, Carson,, Lisa, Nicole, 3, Carter,, Dixie, 2, Carter,, Helena, Bonham, 6, Carter,, Jason, 2, Carter,, Lynda, 3, Carter,, Mrs., Leslie, 3, Cartwright­,, Angela, 2, Cartwright­,, Rebecca, 4, Caruso,, David, 3, Carver,, Brent, 2, Carvey,, Dana, 3, Casamassa,, Chris, 1, Casella,, Max, 2, Caselli,, Chiara, 2, Cassavetes,, John, 3, Cassel,, Seymour, 3, Cassidy,, David, 4, Cassidy,, Joanna, 2, Cassidy,, Katie, 1, Cassidy,, Patrick, 1, Cassidy,, Shaun, 2, Casta,, Laetitia, 5, Casteleyn,, Veerle, 0, Castelluccio,, Federico, 1, Castillo,, Iran, 2, Castillo,, Irán, 2, Castle,, Aimée, 2, Castle-Hughes,, Keisha, 6, Cates,, Phoebe, 5, Cattrall,, Kim, 4, Caudell,, Toran, 1, Cauffiel,, Jessica, 2, Caulfield,, Emma, 1, Caulfield,, Maxwell, 3, Caviezel,, James, 6, Cavill,, Henry, 5, Cebeira,, Asier, 2, Cedeno,, Matt, 1, Celentano,, Rosalinda, 1, Cerasoli,, Lisa, 1, Cerbone,, Jason, 1, Cerveris,, Michael, 5, Chabert,, Lacey, 6, Chalke,, Sarah, 1, Chamberlai­n,, Richard, 4, Chamberlin­,, Beth, 2, Chambers,, Justin, 2, Champion,, Gower, and, Marge, 4, Chan,, Daniel, 1, Chan,, Jackie, 16, Chan,, Kelly, 1, Chan,, Nadia, 1, Chan,, Sunny, 1, Chandler,, Kyle, 6, Chaney,, Lon, 3, Chang,, Eliot, 1, Channing,, Stockard, 2, Chao,, Rosalind, 1, Chaplin,, Ben, 4, Chaplin,, Charlie, 14, Chapman,, Graham, 2, Chappell,, Lisa, 2, Chappelle,, Dave, 1, Charendoff,, Tara, 3, Charisse,, Cyd, 2, Charles,, Josh, 2, Charles,, Nicola, 1, Charleson,, Leslie, 1, Charoenpur­a,, Mai, 0, Charvet,, David, 1, Chase,, Bailey, 1, Chase,, Chevy, 2, Chase,, William, 1, Chavira,, Ricardo, 1, Chawla,, Juhi, 2, Cheadle,, Don, 3, Cheech, and, Chong, 2, Chen,, Edison, 1, Cheng,, Ekin, 1, Cheng,, Sammi, 3, Chenoweth,, Kristin, 2, Cheong,, Angie, 3, Cher, 14, Cherry,, Jonathan, 1, Cheung,, Cecilia, 4, Cheung,, Jacky, 2, Cheung,, Julian, 1, Cheung,, Leslie, 4, Cheung,, Maggie, 2, Chevalier,, Maurice, 6, Chianese,, Dominic, 2, Chiklis,, Michael, 1, Chin,, Han, 1, Chioran,, Juan, 2, Cho,, John, 1, Choi, Hiu, Yee,, Erica, 0, Choi,, Ji-Woo, 1, Chokachi,, David, 1, Chong,, Marcus, 2, Chong,, Rae, Dawn, 2, Chong,, Tommy, 2, Chow, Yun-Fat, 5, Chow,, Stephen, 2, Chow,, Vivian, 3, Chriqui,, Emmanuelle, 2, Christense­n,, Erika, 3, Christense­n,, Hayden, 13, Christian,, Claudia, 4, Christian,, Shawn, 1, Christie,, Julie, 3, Christner,, Gil, 2, Christophe­r,, Dennis, 2, Christophe­r,, Gerard, 1, Christophe­r,, William, 1, Chung,, Cherie, 2, Chung,, Christy, 2, Chung,, Margaret, 0, Church,, Thomas, Haden, 1, Cibrian,, Eddie, 3, Cigliuti,, Natalia, 1, Clapp,, Gordon, 2, Clare,, Jillian, 1, Clark,, Christie, 3, Clark,, Daniel, 2, Clark,, Dick, 9, Clark,, Josh, 2, Clark,, Kevin, 1, Clark,, Spencer, Treat, 1, Clarke,, Caitlin, 1, Clarke,, Margi, 1, Clarke,, Melinda, 4, Clarke,, Sarah, 1, Clarke,, Warren, 1, Clarkson,, Lana, 3, Clay,, Andrew, Dice, 5, Clayburgh,, Jill, 2, Cleese,, John, 4, Clement,, Jemaine, 1, Cliche,, Karen, 2, Clift,, Montgomery, 2, Climo,, Brett, 2, Cloke,, Kristen, 4, Clooney,, George, 22, Close,, Eric, 2, Close,, Glenn, 6, Clunie,, Michelle, 1, Cobb,, Keith, Hamilton, 6, Coburn,, James, 6, Cochrane,, Rory, 5, Cockburn,, Serge, 1, Cocteau,, Jean, 5, Coffield,, Kelly, 1, Cohen,, David, Oliver, 0, Cohen,, Scott, 3, Cohenour,, Patti, 2, Cohn,, Mindy, 3, Colbert,, Claudette, 3, Cole,, Bradley, 2, Cole,, Gary, 1, Cole,, Jennifer, 2, Coleman,, Charlotte, 5, Coleman,, Dabney, 2, Coleman,, Gary, 5, Colicos,, John, 3, Colin,, Margaret, 2, Collen,, Jacqueline, 1, Collette,, Toni, 3, Collier,, Don, 1, Collier,, Mark, 2, Collins,, Clifton,, Jr., 1, Collins,, Joan, 3, Collins,, Stephen, 1, Colloca,, Silvia, 2, Colman,, Ronald, 5, Coltrane,, Robbie, 4, Colunga,, Fernando, 4, Combs,, Holly, Marie, 4, Combs,, Jeffrey, 4, Conaway,, Jeff, 1, Connelly,, Jennifer, 7, Connery,, Jason, 3, Connery,, Sean, 13, Connick,, Harry,, Jr., 6, Connors,, Chuck, 2, Conrad,, Chris, 1, Conrad,, Robert, 3, Conti,, Tom, 2, Conway,, Tim, 3, Cook,, A.J., 2, Cook,, Dane, 1, Cook,, Rachael, Leigh, 9, Cooley,, Ryan, 3, Coombs,, Ernie, 2, Cooper,, Bradley, 1, Cooper,, Chris, 6, Cooper,, Dominic, 1, Cooper,, Gary, 8, Cooper,, Kimberley, 1, Copon,, Michael, 1, Copperfield,, David, 3, Coppola,, Sofia, 4, Corbet,, Brady, 1, Corbett,, John, 1, Corbett,, Michael, 2, Corbin,, Barry, 1, Corbin,, Virginia, Lee, 2, Corday,, Mara, 3, Cormack,, Danielle, 2, Cornelison­,, Michael, 1, Cornwell,, Phil, 1, Corraface,, Georges, 2, Cort,, Bud, 1, Cosby,, Bill, 6, Cosgrove,, Daniel, 2, Costanzo,, Paulo, 1, Costner,, Kevin, 8, Cotillard,, Marion, 1, Cotten,, Joseph, 2, Coughlan,, Marisa, 2, Coulier,, Dave, 1, Coulouris,, Keith, 1, Coulson,, Christian, 2, Couric,, Katie, 1, Courtemanche,, Michel, 1, Cox,, Alex, 1, Cox,, Brian, 2, Cox,, Christina, 1, Cox,, Courteney, 10, Cox,, Joshua, 4, Cox,, Nikki, 3, Cox,, Ronny, 2, Cox,, Wally, 1, Coyle,, Brendan, 2, Coyle,, Richard, 1, Coyote,, Peter, 6, Craig,, Caroline, 2, Craig,, Daniel, 2, Craig,, Yvonne, 4, Crain,, Jeanne, 1, Crane,, Bob, 2, Cranston,, Bryan, 2, Craven,, Gemma, 0, Craven,, Matt, 4, Crawford,, Broderick, 5, Crawford,, Joan, 4, Crawford,, Michael, 3, Cregan,, Curtis, 0, Crewson,, Wendy, 2, Critchlow,, Roark, 2, Crnogorac,, Joelene, 2, Crombie,, Jonathan, 4, Cromwell,, James, 4, Crook,, Mackenzie, 2, Crosbie,, Annette, 1, Crosby,, Bing, 6, Crosby,, Denise, 3, Cross,, Joseph, 1, Crothers,, Joel, 2, Crowe,, Russell, 18, Crudup,, Billy, 4, Cruise,, Tom, 26, Cruz,, Alexis, 0, Cruz,, Penélope, 4, Cruz,, Raymond, 1, Cruz,, Tracy, Lynn, 3, Cryer,, David, 3, Crystal,, Billy, 3, Csokas,, Marton, 3, Cuccione,, Michael, 7, Cucinotta,, Maria, Grazia, 2, Culea,, Melinda, 2, Culkin,, Christophe­r, 2, Culkin,, Kieran, 5, Culkin,, Macaulay, 13, Culkin,, Michael, 1, Culkin,, Rory, 2, Cullen,, Brett, 4, Cumming,, Alan, 7, Cummins,, Martin, 1, Cunningham,, Colin, 1, Cunningham­,, Liam, 2, Cuoco,, Kaley, 1, Curran,, Tony, 1, Curry,, Alana, 2, Curry,, Tim, 3, Curtin,, Jane, 2, Curtis,, Cliff, 1, Curtis,, Jamie, Lee, 9, Curtis,, Robin, 3, Curtis,, Thomas, 1, Cusack,, Ann, 2, Cusack,, Joan, 4, Cusack,, John, 8, Cusack,, Sinéad, 1, Cushing,, Peter, 3, Cusick,, Henry, Ian, 2, Cuthbert,, Elisha, 3, Cyrus,, Billy, Ray, 0, Cyrus,, Miley, 3, Related, categories, 4, Arts, Movies, 24,562, Arts, People, C, 422, Arts, Performing, Arts, Theatre, 3,658, Arts, Television, 7,322, Sites, 28, Caffey,, David, Memphis, based, actor., Includes, resume,, photos, and, agency, information., Caleodis,, George, Ohio, based, improvisational, actor., Includes, biography,, resume,, photographs,, demo, reel, and, contact, details., Cambridge,, Richard, UK, based, Equity, actor., Includes, resume,, photos,, demos, and, contact, details., Carpenter,, Brian, California, based, actor., Includes, resume,, photos,, video, clips,, reviews, and, contact, information., Cassidy,, Ryan, Offers, biography,, trivia,, photo, galleries, and, related, links., Cataldi-Tassoni,, Coralina, Chicago, based, actress/singer., Includes, resume,, photos, and, contact, details., Requires, Flash., Cates,, Dean, Los, Angeles, based, SAG, member., Includes, a, biography,, photographs,, resume,, video, clips, and, contact, facilities., Chase,, Sonora, New, York, based, Equity, and, AFTRA, actress., Provides, a, biography,, production, stills,, voice, over, clips,, contact, facilities, and, details, of, forthcoming, performances., Che,, Stephanie, Includes, images,, filmography,, discography, and, related, links., Chen,, Christopher, Los, Angeles, based, Asian, male, actor., Includes, photographs,, biographical, details,, resume,, current, projects, and, links, to, other, actors, and, entertainment, resources., Chen,, Lynn, Provides, contact, information, and, related, links., Cissell,, Jim, Washington, based, actor/voice, artist., Includes, audio, demos,, photos, and, contact, details., Clark,, Clint, Minneapolis, based, actor., Includes, current, projects,, resume,, headshots,, production, photographs,, and, contact, information., Clayman,, Stephanie, US, based, actress., Includes, resume,, photos,, news, and, contact, details., Cleven,, Chad, US, based, SAG, member., Includes, photographs,, resume,, biographical, information, and, contact, details., Coddington,, Dominic, UK, based, Equity, actor., Provides, an, overview, of, his, training, and, experience,, with, a, photograph, and, contact, details., Cohan,, Lauren, Provides, biography,, career, credits,, photos, and, contact, information., Cohen,, Carrie, Resume,, photo, gallery, and, audio, clips, of, this, UK, based, Equity, actress., Colitti,, Tony, Los, Angeles, based, actor., Includes, resume,, photos, and, contact, information., Cooper,, Chuck, Provides, resume,, career, credits,, vocal, samples, and, photo, gallery., Requires, Flash., Cooper,, Karen, UK, based, character, actress., Curriculum, vitae,, biographical, information,, contact, details,, photographs, and, reviews., Corren,, Donald, Provides, resume,, photo, gallery,, headshots, and, contact, details., Cowling,_Gary, New, York, City, based, film,, theatre, and, television, actor., Includes, photographs,, resume,, video, clips,, reviews,, a, biography,, contact, details, and, news, of, forthcoming, projects., Cray,, Richard, Offers, engagement, information,, photo, gallery,, email, contact, and, related, links., Crow,, Kim, US, based, SAG/AFTRA, actress., Includes, resume,, photos,, demos, and, contact, details., Cunningham,, Cory, Mississippi, based, student,, pursuing, a, Bachelor, of, Fine, Arts, in, Theater., Includes, contact, information,, a, biography,, acting, resume, and, photographs., Curran,_Ian, Theatrical, actor, based, in, Manchester,, UK., Contains, photographs,, reviews,, contact, facilities,, and, news, of, recent, performances., Curtis,, Mike, Nebraska, based, actor., Includes, resume,, photos, and, contact, details., Other, languages, 4, Deutsch, 29, Español, 80, Français, 39, Italiano, 23, Last, update:, February, 7,, 2017, at, 5:42:13, UTC, Arts, Business, Computers, Games, Health, Home, News, Recreation, Reference, Regional, Science, Shopping, Society, Sports, All, Languages, "Arts, ..., Actors, and, Actresses", search on:, AOL, -, Ask, -, Bing, -, DuckDuckGo, -, Gigablast, -, Google, -, ixquick, -, Yahoo, -, Yandex, -, Yippy, Copyright, ©, 1998-2017, AOL, Inc., Terms, of, Use, Built, by, CMBuild]
