[techtudo.com, techtudo.com, Celulares, e, Tablets, Top, e, Últimas, Top, e, Últimas, Últimas, TechTudo, Vídeos, Notí­cias, Artigos, Reviews, Dicas, &, Tutoriais, Listas, windows, 10, lançamento, galaxy, s8, Celulares, e, Tablets, Celulares, e, Tablets, Primeira, página, Celulares, Tablets, Smartwatches, Wearables, E-reader, Android, iPhone, e, iPad, Windows, Phone, Fórum, Mobile, de, A-Z, galaxy, j5, metal, moto, g5, lg, g6, Jogos, Jogos, Primeira, página, Consoles, Gamepad, Mais, Jogos, Mais, Jogos, Jogos, Casuais, Jogos, de, Ação, Jogos, de, Arcade, Jogos, de, Aventura, Jogos, de, Corrida, Jogos, de, Esporte, Jogos, de, Estratégia, Jogos, de, Luta, Jogos, de, Música, Jogos, de, Raciocínio, Jogos, de, RPG, Jogos, de, Simuladores, Jogos, de, Tabuleiro, Jogos, Educativos, Xbox, PlayStation, Nintendo, Fórum, Jogos, de, A-Z, gta, 5, playstation, 4, xbox, one, Informática, Informática, Primeira, página, Armazenamento, Computadores, Impressora, Impressora, 3D, Modem, Monitor, Mouse, Notebook, Placas, e, Componentes, Roteadores, Informática, de, A-Z, windows, 10, linux, Eletrônicos, Eletrônicos, Primeira, página, Caixas, de, som, Câmeras, Fotográficas, Filmadoras, Fones, de, ouvido, GPS, Media, Centers, MP3, Players, TVs, Eletrônicos, de, A-Z, Chromecast, GoPro, Oculus, Rift, Downloads, Downloads, Primeira, página, Áudio, e, Vídeo, Educação, Imagens, Internet, Personalização, Produtividade, Redes, Sociais, Segurança, Utilitários, Download, de, A-Z, WhatsApp, Facebook, Youtube, Fórum, Fórum, Vale, a, pena, Comparativo, Compra, Celulares, Jogos, Vídeos, Velocímetro, galaxy, s8, iphone, 7, zenfone, 3, Mobile, de, a-z, a,  , b,  , c,  , d,  , e,  , f,  , g,  , h,  , i,  , j,  , k,  , l,  , m,  , n,  , o,  , p,  , q,  , r,  , s,  , t,  , u,  , v,  , w,  , x,  , y,  , z,  , #,  , A, -, Z, A, B, C, D, E, F, G, H, I, J, K, L, M, N, O, P, Q, R, S, T, U, V, W, X, Y, Z, a, Acer, Iconia, 7, Acer, Iconia, 8, Acer, Iconia, Tablet, A, 500, Acer, Liquid, S2, Acer, Z220, Acer, Z520, Alcatel, 808, Alcatel, A3, Alcatel, A3, XL, Alcatel, A5, LED, Alcatel, GoWatch, Alcatel, Klif, Alcatel, One, Touch, 678G, Alcatel, One, Touch, Idol, Alcatel, One, Touch, M'Pop, Alcatel, One, Touch, Pixo, Alcatel, One, Touch, Pop, C3, Alcatel, One, Touch, Pop, C5, Alcatel, Onetouch, POP, 3, Alcatel, Onetouch, POP, C9, Alcatel, OneTouch, POP2, Alcatel, OT-679, Alcatel, OT208, Alcatel, PIXI4, 4", Alcatel, PIXI4, 5", Alcatel, Plus, 12, Alcatel, POP, 4, Alcatel, U5, Alta, Amazon, Fire, Amazon, Kindle, Wireless, AOC, Breeze, 7, Apple, Watch, Apple, Watch, 2, Archos, 94, Magnus, Ascend, G506, Ascend, G6, Ascend, G7, Ascend, Mate, 2, Ascend, Mate, 7, Asha, 200, Asha, 201, Asha, 202, Asha, 210, Asha, 230, Asha, 308, Asha, 310, Asha, 500, Asha, 501, Asha, 502, Asha, 503, Asus, Eee, Pad, Transformer, Asus, FonePad, Asus, Fonepad, 7, Asus, Live, Asus, MeMO, Pad, Asus, MeMO, Pad, HD7, Asus, Transformer, 3, Asus, Transformer, 3, Pro, Asus, VivoTab, Asus, ZenPad, 3S, 10, Asus, ZenWatch, 3, Ativ, S, b, Bamboo, Fun, Barnes, &, Noble, Nook, Barnes, &, Noble, Nook, Simple, Touch, Benq, S6, BlackBerry, 8520, BlackBerry, 9720, BlackBerry, Bold, 9000, BlackBerry, Bold, 9700, BlackBerry, Bold, 9780, BlackBerry, Bold, 9790, BlackBerry, Curve, 3G, 9300, BlackBerry, Curve, 8350i, BlackBerry, Curve, 9320, BlackBerry, Curve, 9360, BlackBerry, Curve, 9380, BlackBerry, KEYone, BlackBerry, P'9982, BlackBerry, Passport, BlackBerry, PlayBook, Blackberry, Priv, BlackBerry, Q10, BlackBerry, Q5, BlackBerry, Torch, BlackBerry, Torch, 9860, BlackBerry, Z10, BlackBerry, Z30, Blackphone, Blackphone, 2, Blade, A110, Blade, A510, Blade, S6, Plus, Blu, Amour, Blu, Dash, 3.5, Blu, Dash, 4.0, Blu, Life, 8, Blu, Life, Play, Blu, Life, Pure, XL, Blu, Studio, 5.0, BLU, Studio, 5.0C, HD, BLU, Studio, C, Mini, Blu, Vivo, 4.3, BLU, Vivo, 5, BLU, Vivo, 5R, Bold, 9900, c, Casio, G-Shock, Smartphone, Casio, Smart, Outdoor, Watch, WSD-F10, CAT, B100, CAT, S60, CCE, Motion, Tab, TE71, CCE, Motion.Plus, SC452TV, CCE, Motion.Plus, SK351, CCE, Motion.Plus, SK402, CCE, Motion.Plus, SK504, CCE, Motion.Plus, SR402, Coby, Kyros, MID7015, Commodore, PET, Corby, Cover, Story, d, Defy, Mini, Defy, Mini, dual-chip, Defy, Pro, Dell, Streak, 5, Dell, Venue, 11, Pro, Dell, Venue, 8, Dell, Venue, 8, 7000, Digigrow, Power, Fast, TCTB-7106, Digital, Paper, DL, e-Duk, Kids, DL, HD7, DL, I-Style, DL, X-Pro, DL, X-Pro, Dual, DL, X-Quad, Core, Duos, Touch, e, E-Reader, W860, Eee, Pad, Slider, Elite, x2, Epad, m-003, ER-7001, Every, E701, Eyo, Pad, Axis, f, Fênix, 3, Fire, Phone, FitBit, Flex, FitBit, One, FitBit, Zip, Fonepad, 7, 2014, Forerunner, 225, Foston, FS-M786, Freecel, Freepad, F704, Freecell, E78, FreedomPop, Privacy, Phone, g, G, Pad, 10.1, G, Pad, 7, G, Pad, 8, G, Pro, 2, G, Pro, Lite, G, Watch, R, G2, mini, Galaxy, 5, Galaxy, 551, Galaxy, A3, Galaxy, A3, 2016, Galaxy, A5, Galaxy, A5, 2016, Galaxy, A5, 2017, Galaxy, A7, Galaxy, A7, 2016, Galaxy, A7, 2017, Galaxy, A8, Galaxy, A9, Galaxy, Ace, Galaxy, Ace, 2, Galaxy, Ace, 3, Galaxy, Ace, 4, Galaxy, Ace, Duos, Galaxy, Ace, Plus, Galaxy, Ace, Style, Galaxy, Alpha, Galaxy, Beam, Galaxy, Core, Galaxy, Core, 2, Galaxy, Core, II, Galaxy, Core, Max, Galaxy, Core, Mini, 4G, Galaxy, E5, Galaxy, E7, Galaxy, Express, Galaxy, Fame, Galaxy, Fit, Galaxy, Gear, Galaxy, Gran, 2, Duos, TV, Galaxy, Gran, Duos, Galaxy, Gran, Neo, Duos, Galaxy, Gran, Prime, Duos, Galaxy, Grand, 2, Galaxy, Grand, Neo, Galaxy, Grand, Prime, Galaxy, J1, Galaxy, J1, Mini, Galaxy, J2, Galaxy, J2, DTV, Galaxy, J2, Prime, Galaxy, J3, Galaxy, J5, Galaxy, J5, Duos, Galaxy, J5, Metal, Galaxy, J7, Galaxy, J7, Metal, Galaxy, J7, Prime, Galaxy, K, Zoom, Galaxy, Mega, 5.8, Galaxy, Mega, 6.3, Galaxy, Mega, On, Galaxy, Mega, Plus, Galaxy, Mini, Galaxy, Music, Galaxy, Music, Duos, Galaxy, Note, Galaxy, Note, 10.1, Galaxy, Note, 10.1, (2014, Edition), Galaxy, Note, 2, Galaxy, Note, 3, Galaxy, Note, 3, Neo, Galaxy, Note, 4, Galaxy, Note, 5, Galaxy, Note, 5, Active, Galaxy, Note, 7, Galaxy, Note, 8, Galaxy, Note, 8.0, Galaxy, Note, Edge, Galaxy, Note, Pro, Galaxy, On, Galaxy, On5, Galaxy, On7, Galaxy, Pocket, Galaxy, Pocket, Neo, Duos, Galaxy, Pocket, Plus, Galaxy, Pocket, Plus, Duos, Galaxy, Pro, Galaxy, R, Galaxy, Round, Galaxy, S, Galaxy, S, Duos, Galaxy, S2, Galaxy, S2, Duos, Galaxy, S2, Lite, Galaxy, S2, Plus, Galaxy, S2, TV, Galaxy, S3, Galaxy, S3, Duos, Galaxy, S3, mini, Galaxy, S3, Slim, Galaxy, S4, Galaxy, S4, Active, Galaxy, S4, mini, Galaxy, S4, Mini, Duos, Galaxy, S4, Zoom, Galaxy, S5, Galaxy, S5, Active, Galaxy, S5, Duos, Galaxy, S5, Mini, Galaxy, S5, New, Edition, Galaxy, S5, Plus, Galaxy, S6, Galaxy, S6, Active, Galaxy, S6, Edge, Galaxy, S6, Edge, Plus, Galaxy, S7, Galaxy, S7, Edge, Galaxy, S8, Galaxy, S8, Plus, Galaxy, Star, 2, Galaxy, Tab, Galaxy, Tab, 10.1, Galaxy, Tab, 2, 7.0, Galaxy, Tab, 3, Galaxy, Tab, 4, 10.1, Galaxy, Tab, 4, 7.0, Galaxy, Tab, 4, 8.0, Galaxy, Tab, 7.0, Plus, Galaxy, Tab, 7.7, Galaxy, Tab, 8.9, Galaxy, Tab, A, Galaxy, Tab, A, 2016, Galaxy, Tab, Active, Galaxy, Tab, E, Galaxy, Tab, Pro, Galaxy, Tab, Pro, 10.1, Galaxy, Tab, Pro, 8.4, Galaxy, Tab, S, Galaxy, Tab, S2, Galaxy, Tab, T113, Galaxy, TabPro, S, Galaxy, Trend, Galaxy, W, Galaxy, Win, Galaxy, Win, 2, Duos, Galaxy, Win, Duos, Galaxy, X, Galaxy, Xcover, 3, Galaxy, Y, Galaxy, Y, Duos, Galaxy, Y, Pro, Galaxy, Y, Pro, Duos, Galaxy, Y, TV, Galaxy, Young, 2, Galaxy, Young, Duos, TV, Galaxy, Young, Plus, Gear, S, Gear, S2, Genesis, 7200, Genesis, GT-7240, Genesis, GT-7245, Google, Pixel, Google, Pixel, XL, Gradiente, iphone, Gradiente, iphone, C600, Gradiente, Tegra, Note, Gradiente, Tegra, Note, 7, h, Hello, Kitty, Tab, Hero, 2, HiPhone, 4, Honor, 7i, Honor, V8, HP, 10, Tablet, HP, 7.1, HP, 8, HP, Slate, 7, HTC, 10, HTC, Desire, HTC, Desire, 610, HTC, Desire, 816, HTC, First, HTC, Grip, HTC, HD, Mini, HTC, Legend, HTC, Magic, HTC, One, HTC, One, A9, HTC, One, Max, HTC, One, mini, HTC, Touch, Pro, HTC, U, Play, HTC, U, Ultra, HTC, Ultimate, Huawei, Ascend, G510, Huawei, Ascend, P2, Huawei, Ascend, P6, Huawei, Ascend, P7, Huawei, Fit, Huawei, Honor, 6, Huawei, Ideos, U8150, Huawei, Mate, 8, Huawei, Mate, 9, Huawei, Mate, 9, Lite, Huawei, MediaPad, M3, Huawei, MediaPad, X2, Huawei, Nova, Huawei, Nova, Plus, Huawei, P10, Huawei, P10, Plus, Huawei, P8, Huawei, P9, Lite, Huawei, P9, Lite, 2017, Huawei, Watch, i, Iconia, B1, Iconia, One, 7, Iconia, Tab, 10, Iconia, Tab, 7, Iconia, Tab, 8W, ICOO, D70PROII, IDOL, 3, Idol, 4, Idol, 4s, InBody, Band, Innov8, Inspiron, Duo, iPad, iPad, 2, iPad, 3, iPad, 3G, iPad, 4, iPad, Air, iPad, Air, 2, iPad, Mini, iPad, Mini, 2, iPad, Mini, 3, iPad, mini, 4, iPad, Pro, iPad, Pro, 9,7", iPad, Wi-Fi, iPhone, iPhone, 3GS, iPhone, 4, iPhone, 4S, iPhone, 5, iPhone, 5C, iPhone, 5S, iPhone, 6, iPhone, 6, Plus, iPhone, 6S, iPhone, 6S, Plus, iPhone, 7, iPhone, 7, Plus, iPhone, 7S, iPhone, SE, iRiver, Story, j, Jade, Z, k, K7, Kids, On, Kindle, 4, Kindle, 7ª, geração, Kindle, DX, Kindle, Fire, Kindle, Fire, HDX, Kindle, Keyboard, Kindle, Oasis, Kindle, Paperwhite, Kindle, Paperwhite, 2013, Kindle, Touch, Kindle, Voyage, Kobo, Arc, Kobo, Aura, Kobo, Glo, Kobo, Mini, Kobo, Touch, Kodak, Ektra, l, L, Bello, L, Fino, Latitude, 10, Lava, Pixel, V1, Lenovo, K6, Note, Lenovo, K6, Power, Lenovo, P2, Lenovo, Phab, Lenovo, Phab, 2, Pro, Lenovo, Phab, Plus, Lenovo, S660, Lenovo, S850, Lenovo, S860, Lenovo, Vibe, A7010, Lenovo, VIBE, B, Lenovo, Vibe, C2, Lenovo, Vibe, K5, Lenovo, Vibe, K6, Lenovo, Vibe, K6, Plus, Lenovo, Vibe, Z2, Letv, One, Pro, Lev, LG, A290, LG, AKA, LG, BL40, Chocolate, LG, C199, LG, C310, LG, Cookie, KP570, LG, Cookie, Plus, LG, E900, LG, F60, LG, F70, LG, F90, LG, Fireweb, LG, G, Flex, LG, G, Flex, 2, LG, G, Pad, LG, G, Pad, II, LG, G, Stylo, LG, G, Watch, LG, G, Watch, R, LG, G2, LG, G2, Lite, LG, G3, LG, G3, Beat, LG, G3, Screen, LG, G3, Stylus, LG, G4, LG, G4, Beat, LG, G4, Pro, LG, G4, Stylus, LG, G4c, LG, G5, LG, G5, SE, LG, G6, LG, Hotmail, Phone, LG, Joy, LG, K10, LG, K10, Novo, LG, K10, Power, LG, K10, Pro, LG, K3, 2017, LG, K4, LG, K4, Novo, LG, K5, LG, K8, LG, K8, Novo, LG, L, Prime, LG, L40, LG, L60, III, LG, L70, LG, L80, LG, L90, LG, Leon, LG, Optimus, 2X, LG, Optimus, 3D, Max, LG, Optimus, 4X, HD, LG, Optimus, Black, LG, Optimus, G, LG, Optimus, G, Pro, LG, Optimus, Hub, LG, Optimus, L3, 2, LG, Optimus, L9, LG, Optimus, L9, 2, LG, Optimus, L90, LG, Optimus, Me, P350, LG, Optimus, Net, Dual, LG, Optimus, Pro, LG, Optimus, Vu, LG, Prada, 3.0, LG, Prime, II, LG, Prime, Plus, LG, Scarlet, 2, LG, SlidePad, LG, Stylus, 2, LG, Stylus, 3, LG, T375, LG, Tri, Chip, C333, LG, V10, LG, V20, LG, Volt, LG, Watch, Urbane, LG, Watch, Urbane, 2, LG, X, Cam, LG, X, Mach, LG, X, Max, LG, X, Power, LG, X, Screen, LG, X, Style, LG, X335, Life, One, Life, One, XL, Liquid, Jade, 5, Liquid, Jade, Z, Liquid, Leap, Liquid, Z220, Liquid, Z500, Liquid, Z520, Lumia, 1020, Lumia, 1320, Lumia, 1520, Lumia, 2520, Lumia, 430, Lumia, 435, Lumia, 520, Lumia, 525, Lumia, 530, Lumia, 532, Lumia, 535, Lumia, 550, Lumia, 630, Lumia, 640, Lumia, 640, XL, Lumia, 650, Lumia, 710, Lumia, 720, Lumia, 730, Lumia, 735, Lumia, 820, Lumia, 830, Lumia, 900, Lumia, 920, Lumia, 929, Lumia, 930, Lumia, 940, Lumia, 950, Lumia, 950, XL, Lumia, Denim, Lumia, Icon, m, Marshall, London, Phone, Mate, S, MediaPad, 7, Vogue, MediaPad, M1, MediaPad, M2, MediaPad, X1, Meizu, M2, Note, Meizu, M5, Note, Meizu, MX3, Meizu, MX4, Meizu, MX6, Meizu, Pro, 5, Meizu, Pro, 6, Meridiist, Infinite, Mi, 5, Mi, 5s, Mi, 5s, Plus, Mi, Band, Mi, Note, Mi, Note, 2, Mi, Note, Pro, Mi, Pad, 2, Microboard, Ellite, Tablet, 7'', Microsoft, Band, Microsoft, Band, 2, Miix, 700, Milestone, Milestone, 2, Milestone, 3, Mirage, Smart, Mit, Tech, Motion.Kids, TR72, Motion.Tab, TR101, Moto, 360, Moto, 360, (2014), Moto, 360, Sport, Moto, E, 1, Moto, E, 2, Moto, E, 3, Moto, G, 1, Moto, G, 2, Moto, G, 3, Moto, G, Turbo, Moto, G4, Moto, G4, Play, Moto, G4, Plus, Moto, G5, Moto, G5, Plus, Moto, Maxx, Moto, Maxx, 2, Moto, X, Moto, X, 2013, Moto, X, 2015, Moto, X, 4, Moto, X, Force, Moto, X, Play, Moto, X, Style, Moto, Z, Moto, Z, Force, Moto, Z, Play, Moto, Z2, MotoCubo, MotoGo, Slim, Motokey, EX117, Motokey, EX119, Motorola, Atrix, Motorola, ATRIX, 2, Motorola, Atrix, TV, Motorola, Aura, Motorola, Backflip, Motorola, Defy, Motorola, DEXT, Motorola, DROID, 4, Motorola, Droid, Maxx, Motorola, Droid, Mini, Motorola, Droid, Ultra, Motorola, EX115, Motorola, F3, Motorola, Fire, Motorola, Flipout, Motorola, i1, Motorola, i465, Motorola, I856W, Motorola, i880, Motorola, MB502, Motorola, MotoGo, Motorola, Quench, Motorola, Razr, Motorola, Razr, D3, Motorola, Razr, HD, Motorola, Razr, i, Motorola, Spice, Key, XT316, Motorola, Spice, XT, Motorola, Xoom, Motorola, Xoom, 2, Motorola, Xoom, 2, Media, Edition, Motorola, XT300, Spice, MotoSmart, MotoSmart, ME, MotoTV, MS6, Colors, Multilasar, Trend, Multilaser, City, Multilaser, Diamond, Multilaser, Elite, Multilaser, Kid, Pad, Multilaser, M7, Multilaser, M9, Multilaser, ML, Supra, Multilaser, MS5, Multilaser, MS50, Colors, Multilaser, MS60, Multilaser, Onix, Multilaser, Star, Dual, TV, Multilaser, Stylus, P3184, Multilaser, Vibe, n, N95, Nabu, Nabu, Watch, NavCity, NT-2755, Neffos, C5, Neffos, C5, Max, Neffos, X1, Neffos, X1, Max, Neo, Dual, Touch, Nexus, 10, Nexus, 4, Nexus, 5, Nexus, 5X, Nexus, 6, Nexus, 6P, Nexus, 7, Nexus, 7, (2013), Nexus, 9, Nexus, S, Niivo, IIVA4, Niivo, ZB-1, Nokia, 105, Nokia, 108, Nokia, 110, Nokia, 207, Nokia, 208, Nokia, 215, Nokia, 216, Nokia, 220, Nokia, 3, Nokia, 3310, Nokia, 5, Nokia, 500, Nokia, 515, Nokia, 5230, Nokia, 5233, Nokia, 5530, Nokia, 5800, Nokia, 6, Nokia, 701, Nokia, 7100, Supernova, Nokia, 8, Nokia, 808, PureView, Nokia, Asha, 205, Nokia, Asha, 305, Nokia, Asha, 311, Nokia, Asha, 320, Nokia, C2-06, Nokia, C3, Nokia, C5-03, Nokia, C7, Nokia, D1C, Nokia, E5, Nokia, E63, Nokia, E7, Nokia, E71, Nokia, E72, Nokia, E73, Nokia, Lumia, 540, Nokia, Lumia, 620, Nokia, Lumia, 625, Nokia, Lumia, 635, Nokia, Lumia, 800, Nokia, Lumia, 925, Nokia, Lumia, 928, Nokia, N1, Nokia, N8, Nokia, N810, Internet, Tablet, Nokia, N9, Nokia, N900, Nokia, N97, Nokia, N97, mini, Nokia, P1, Nokia, X, Nokia, X+, Nokia, X1-01, Nokia, X2, Nokia, X2-01, Nokia, X2-02, Nokia, X3, Nokia, X3-02, Nokia, X5-01, Nokia, XL, Nvidia, Tegra, Note, 7, o, Omnia, W, One, M9, One, Touch, 890D, One, Touch, Idol, 2, mini, One, Touch, Idol, X, OnePlus, 2, OnePlus, 3, OnePlus, 3T, OnePlus, One, OneTouch, Watch, Oppo, Find, 7, Oppo, N1, Oppo, R5, Oppo, R7, Plus, Oppo, R9, Optimus, 3D, Optimus, L1, 2, Optimus, L3, Optimus, L4, 2, Optimus, L5, Optimus, L5, 2, Optimus, L7, Optimus, L7, 2, Optimus, One, p, P90, PadFone, 2, PadFone, Infinity, PadFone, Infinity, 2, Padfone, mini, Padfone, X, Panasonic, Toughpad, 4K, Pebble, Pebble, Time, Pebble, Time, Round, Phaser, Kinno, Pixel, C, PIXI, 3, PIXI4, 6", Plus, 10, Positivo, Alfa, Positivo, Edição, Especial, Positivo, First, S410, Positivo, Mini, Positivo, Mini, Quad, Positivo, Next, Positivo, Octa, Positivo, One, Positivo, P100, Positivo, P28, Positivo, Quattro, X435, Positivo, S380, Positivo, S440, Positivo, S480, Positivo, S550, Positivo, Selfie, S455, Positivo, T701, Positivo, Twist, 4G, Positivo, Twist, M, Positivo, Twist, Mini, Positivo, Twist, S, Positivo, X400, Positivo, Ypy, Positivo, YPY, 07FTB, Positivo, Ypy, Kids, Positivo, YPy, L700, Positivo, Ypy, S450, Positivo, Ypy, S460, TV, Predator, 6, Primo, 81, Puls, q, Qbex, TX320i, Qbex, TX420i, Quantum, Fly, Quantum, Go, Quantum, MÜV, Quantum, MUV, UP, Quartzo, r, Razr, D1, Razr, Maxx, Redmi, 2, Redmi, 2, Pro, Redmi, 3, Redmi, 4, Pro, Redmi, Note, 2, RedMi, Note, 3, Redmi, Note, 3, Pro, Ring, Runcible, s, Samsung, 1086, Samsung, Ativ, Q, Samsung, Ativ, Tab, 3, Samsung, Ch@t, 335, Samsung, Cht, 322, Samsung, E1263, Samsung, Galaxy, Fame, Duos, Samsung, Galaxy, Star, 2, Plus, Samsung, Gear, 2, Samsung, Gear, 2, Neo, Samsung, Gear, Fit, Samsung, Gear, Live, Samsung, Gear, S3, Samsung, Gear, VR, Samsung, Omnia, 7, Samsung, Omnia, LITE, Samsung, Omnia, M, Samsung, Omnia, Pro, 652, Samsung, Pixon, 12, Samsung, SGH-F210, Samsung, Star, Samsung, Star, Lite, TV, Samsung, Wave, Samsung, Wave, 723, Samsung, Z, Samsung, Z1, Saygus, V2, Scout, 2500, Scout, 5000, Shine, 2, Slate, 6, VoiceTab, Slate, 7, VoiceTab, SlidePad, 2, SmartBand, SmartBand, 2, Smartband, Mira, Smartband, SW-B100, SmartBand, SWR10, SmartBand, Talk, SmartWatch, 2, Sony, e-reader, PRS-505, Sony, Ericsson, W100, Sony, Ericsson, W205, Sony, Ericsson, W300i, Sony, Ericsson, W995, Sony, SmartWatch, Sony, Smartwatch, 3, Sony, Xperia, J, Sony, Xperia, S, Studio, Energy, Studio, G, Studio, X, Studio, X, Plus, Stylistic, S01, Surface, Surface, 2, Surface, 3, Surface, Hub, Surface, Pro, 2, Surface, Pro, 3, Surface, Pro, 4, Surface, RT, t, TAB, 2, A7, Tab, S8, TabCam, Tablet, 7, Quad-Core, Speedy, Tablet, Barbie, Fantastic, Pad, Tablet, Meep, Tablet, Philips, PI3900B2X/78, Tablet, Princesas, Tablet, S, TalkBand, TalkBand, B1, TalkingBand, B2, TecToy, Tablet, Galinha, Pintadinha, TecToy, Tablet, Magic, Disney, 2, Tekpix, i-WF7A-4.0, Telefone, Celular, Rural, Intelbras, ThinkPad, 8, TomTom, Spark, Cardio, +, Music, Tonino, Lamborghini, Toughpad, FZ-M1, u, U8S, Ubuntu, Edge, v, VAIO, Phone, Veloce, Venue, 7, Vibe, Band, VB10, Vibe, P1, Vibe, P1m, Vibe, S1, Vibe, X2, Pro, Vibe, Z, VIVO, Air, Vívoactive, w, Watch, Phone, Watch, Urbane, Watch, Urbane, LTE, Wei, 4, chips, Wena, Wrist, x, X-Gold, X-Gray, Xiaomi, Hongmi, Xiaomi, Mi, 3, Xiaomi, Mi, 4, Xiaomi, Mi, 5, Xiaomi, Mi, Max, Xiaomi, Redmi, 1S, Xiaomi, Redmi, Note, Xperia, Arc, Xperia, Arc, S, Xperia, C, Xperia, C3, Xperia, C4, Xperia, C4, Selfie, Dual, Xperia, C5, Ultra, Xperia, E, dual, Xperia, E1, Xperia, E1, Xperia, E3, Xperia, E4, Xperia, E4g, Xperia, E5, Xperia, Go, Xperia, L, Xperia, L1, Xperia, M, Xperia, M2, Xperia, M2, Aqua, Xperia, M4, Aqua, Xperia, M5, Xperia, Neo, Xperia, P, Xperia, Play, Xperia, SP, Xperia, T2, Ultra, Xperia, T3, Xperia, Tablet, Z, Xperia, U, Xperia, V, Xperia, X, Xperia, X, Compact, Xperia, X, Performance, Xperia, X10, Xperia, X10, mini, Xperia, X10, Mini, Pro, Xperia, X8, Xperia, XA, Xperia, XA, Ultra, Xperia, XA1, Xperia, XA1, Ultra, Xperia, XZ, Xperia, XZ, Premium, Xperia, XZs, Xperia, Z, Xperia, Z, Ultra, Xperia, Z1, Xperia, Z1, Xperia, Z1, Compact, Xperia, Z1S, Xperia, Z2, Xperia, Z2, Tablet, Xperia, Z3, Xperia, Z3, Compact, Xperia, Z3, Tablet, Compact, Xperia, Z3+, Xperia, Z4, Xperia, Z4, Tablet, Xperia, Z5, Xperia, Z5, Compact, Xperia, Z5, Premium, Xperia, ZQ, Xperia, ZR, y, Yoga, Book, Yoga, Tab, 3, Yoga, Tab, 3, Pro, Yoga, Tablet, 10, HD+, YotaPhone, YPy, S500, z, Zenfone, 2, Zenfone, 2, Deluxe, Zenfone, 2, Laser, Zenfone, 3, Zenfone, 3, Deluxe, Zenfone, 3, Laser, Zenfone, 3, Max, Zenfone, 3, Ultra, Zenfone, 3, Zoom, Zenfone, 4, Zenfone, 5, Zenfone, 6, Zenfone, AR, Zenfone, Go, Zenfone, Go, Live, DTV, Zenfone, Live, Zenfone, Max, Zenfone, Selfie, Zenfone, Zoom, ZenPad, S, ZenWatch, ZenWatch, 2, ZTE, Grand, Memo, ZTE, Open, ZTE, V281, ZTE, V9, ZTE, X850, globo.com, g1, globoesporte, gshow, famosos, &, etc, vídeos, techtudo, todos, os, sites©, Copyright, 2000-2017, Globo, Comunicação, e, Participações, S.A., política, de, privacidade, central, globo.com, assine, a, globo.com, anuncie, conosco]
